YEAR,COUNTRY_CODE,PRODUCTION_METALLURGICAL_MT,PRODUCTION_TOTAL_MT,PRODUCTION_OTHER_MT,FORECAST_FLAG,SOURCE
1990,AFG,0.0,0.1050000021345506,0.1050000021345506,false,EIA
1991,AFG,0.0,0.0940000061444598,0.0940000061444598,false,EIA
1992,AFG,0.0,0.007999999557842601,0.007999999557842601,false,EIA
1993,AFG,0.0,0.0070000007470932,0.0070000007470932,false,EIA
1994,AFG,0.0,0.0060000019363438,0.0060000019363438,false,EIA
1995,AFG,0.0,0.005000003125594401,0.005000003125594401,false,EIA
1996,AFG,0.0,0.0029999964322482,0.0029999964322482,false,EIA
1997,AFG,0.0,0.0019999976214988002,0.0019999976214988002,false,EIA
1998,AFG,0.0,0.0019999976214988002,0.0019999976214988002,false,EIA
1999,AFG,0.0,0.0009999988107494001,0.0009999988107494001,false,EIA
2000,AFG,0.0,0.0009999988107494001,0.0009999988107494001,false,EIA
2001,AFG,0.0,0.026000005366874,0.026000005366874,false,EIA
2002,AFG,0.0,0.0210000022412796,0.0210000022412796,false,EIA
2003,AFG,0.0,0.035000003735466,0.035000003735466,false,EIA
2004,AFG,0.0,0.0340000049247166,0.0340000049247166,false,EIA
2005,AFG,0.0,0.032999997042119804,0.032999997042119804,false,EIA
2006,AFG,0.0,0.035000003735466,0.035000003735466,false,EIA
2007,AFG,0.0,0.2430000103830684,0.2430000103830684,false,EIA
2008,AFG,0.0,0.3470000137068696,0.3470000137068696,false,EIA
2009,AFG,0.0,0.5000000222603233,0.5000000222603233,false,EIA
2010,AFG,0.0,0.7466550101529859,0.7466550101529859,false,EIA
2011,AFG,0.0,1.2138125055280131,1.2138125055280131,false,EIA
2012,AFG,0.0,1.7175774173675966,1.7175774173675966,false,EIA
2013,AFG,0.0,1.8394666824105428,1.8394666824105428,false,EIA
2014,AFG,0.0,2.354829939513751,2.354829939513751,false,EIA
2015,AFG,0.0,2.061826447968744,2.061826447968744,false,EIA
2016,AFG,0.0,2.2858223576571244,2.2858223576571244,false,EIA
2017,AFG,0.0,2.0697318180517126,2.0697318180517126,false,EIA
2018,AFG,0.0,2.8387222819367786,2.8387222819367786,false,EIA
2019,AFG,0.0,3.0113121270923906,3.0113121270923906,false,EIA
2020,AFG,0.0,1.7711833903674992,1.7711833903674992,false,EIA
2021,AFG,0.0,2.6887356534157085,2.6887356534157085,false,EIA
2022,AFG,0.0,4.8851770331310505,4.8851770331310505,false,EIA
2023,AFG,0.0,0.7666438031818686,0.7666438031818686,false,EIA
2024,AFG,0.0,1.1759986014413097,1.1759986014413097,false,EIA
1990,ALB,0.0,2.0709975370620075,2.0709975370620075,false,EIA
1991,ALB,0.0,1.086998707284598,1.086998707284598,false,EIA
1992,ALB,0.0,0.3659995647342804,0.3659995647342804,false,EIA
1993,ALB,0.0,0.2139997455003716,0.2139997455003716,false,EIA
1994,ALB,0.0,0.1689997990166486,0.1689997990166486,false,EIA
1995,ALB,0.0,0.079999904859952,0.079999904859952,false,EIA
1996,ALB,0.0,0.1129998656146822,0.1129998656146822,false,EIA
1997,ALB,0.0,0.038999953619226604,0.038999953619226604,false,EIA
1998,ALB,0.0,0.0489999417267206,0.0489999417267206,false,EIA
1999,ALB,0.0,0.0489999417267206,0.0489999417267206,false,EIA
2000,ALB,0.0,0.029999964322482,0.029999964322482,false,EIA
2001,ALB,0.0,0.0209999750257374,0.0209999750257374,false,EIA
2002,ALB,0.0,0.014999982161241,0.014999982161241,false,EIA
2003,ALB,0.0,0.0579999310234652,0.0579999310234652,false,EIA
2004,ALB,0.0,0.0579999310234652,0.0579999310234652,false,EIA
2005,ALB,0.0,0.044999946483723005,0.044999946483723005,false,EIA
2006,ALB,0.0,0.044999946483723005,0.044999946483723005,false,EIA
2007,ALB,0.0,0.044999946483723005,0.044999946483723005,false,EIA
2008,ALB,0.0,0.0609999274557134,0.0609999274557134,false,EIA
2009,ALB,0.0,0.009999988107494,0.009999988107494,false,EIA
2010,ALB,0.0,0.009999988107494,0.009999988107494,false,EIA
2011,ALB,0.0,0.004999994053747,0.004999994053747,false,EIA
2012,ALB,0.0,0.006999991675245801,0.006999991675245801,false,EIA
2013,ALB,0.0,0.0089999892967446,0.0089999892967446,false,EIA
2014,ALB,0.0,0.0166499788382004,0.0166499788382004,false,EIA
2015,ALB,0.0,0.0242999683796562,0.0242999683796562,false,EIA
2016,ALB,0.0,0.013999983350491602,0.013999983350491602,false,EIA
2017,ALB,0.0,0.0459999452944724,0.0459999452944724,false,EIA
2018,ALB,0.0,0.0979998834534412,0.0979998834534412,false,EIA
2019,ALB,0.0,0.12171843713323141,0.12171843713323141,false,EIA
2020,ALB,0.0,0.1269998489651738,0.1269998489651738,false,EIA
2021,ALB,0.0,0.2407487136891073,0.2407487136891073,false,EIA
2022,ALB,0.0,0.37851954984486286,0.37851954984486286,false,EIA
2023,ALB,0.0,0.47286843764025804,0.47286843764025804,false,EIA
2024,ALB,0.0,0.2564520000000026,0.2564520000000026,false,EIA
1990,ARG,0.0,0.2759996717668306,0.2759996717668306,false,EIA
1991,ARG,0.0,0.29199965273882206,0.29199965273882206,false,EIA
1992,ARG,0.0,0.20199975977137855,0.20199975977137855,false,EIA
1993,ARG,0.0,0.16799980020589889,0.16799980020589889,false,EIA
1994,ARG,0.0,0.34699958733004166,0.34699958733004166,false,EIA
1995,ARG,0.0,0.3049996372785618,0.3049996372785618,false,EIA
1996,ARG,0.0,0.3099996313323148,0.3099996313323148,false,EIA
1997,ARG,0.0,0.2509997014980991,0.2509997014980991,false,EIA
1998,ARG,0.0,0.28999965511732995,0.28999965511732995,false,EIA
1999,ARG,0.0,0.3359996004117941,0.3359996004117941,false,EIA
2000,ARG,0.0,0.25899969198409484,0.25899969198409484,false,EIA
2001,ARG,0.0,0.1859997787993911,0.1859997787993911,false,EIA
2002,ARG,0.0,0.09699980964278099,0.09699980964278099,false,EIA
2003,ARG,0.0,0.08999989296744601,0.08999989296744601,false,EIA
2004,ARG,0.0,0.0929998893996942,0.0929998893996942,false,EIA
2005,ARG,0.0,0.0959998858319424,0.0959998858319424,false,EIA
2006,ARG,0.0,0.0839999001029496,0.0839999001029496,false,EIA
2007,ARG,0.0,0.104999875128687,0.104999875128687,false,EIA
2008,ARG,0.0,0.09099989177819541,0.09099989177819541,false,EIA
2009,ARG,0.0,0.0759999096169544,0.0759999096169544,false,EIA
2010,ARG,0.0,0.0804999042653267,0.0804999042653267,false,EIA
2011,ARG,0.0,0.084999898913699,0.084999898913699,false,EIA
2012,ARG,0.0,0.09499988702119301,0.09499988702119301,false,EIA
2013,ARG,0.0,0.0789999060492026,0.0789999060492026,false,EIA
2014,ARG,0.0,0.0569999322127158,0.0569999322127158,false,EIA
2015,ARG,0.0,0.0339999595654796,0.0339999595654796,false,EIA
2016,ARG,0.0,0.022999972647236473,0.022999972647236473,false,EIA
2017,ARG,0.0,0.01969997657176291,0.01969997657176291,false,EIA
2018,ARG,0.0,0.023712539044964,0.023712539044964,false,EIA
2019,ARG,0.0,0.021999973836486438,0.021999973836486438,false,EIA
2020,ARG,0.0,0.019823021628736476,0.019823021628736476,false,EIA
2021,ARG,0.0,0.026945722815933187,0.026945722815933187,false,EIA
2022,ARG,0.0,0.02468843501805775,0.02468843501805775,false,EIA
2023,ARG,0.0,0.020575236744201426,0.020575236744201426,false,EIA
2024,ARG,0.0,0.0020000000000000217,0.0020000000000000217,false,EIA
1990,ARM,,,,false,EIA
1991,ARM,,,,false,EIA
1992,ARM,0.0,0.0,0.0,false,EIA
1993,ARM,0.0,0.0,0.0,false,EIA
1994,ARM,0.0,0.0,0.0,false,EIA
1995,ARM,0.0,0.0,0.0,false,EIA
1996,ARM,0.0,0.0,0.0,false,EIA
1997,ARM,0.0,0.0,0.0,false,EIA
1998,ARM,0.0,0.0,0.0,false,EIA
1999,ARM,0.0,0.0,0.0,false,EIA
2000,ARM,0.0,0.0,0.0,false,EIA
2001,ARM,0.0,0.0,0.0,false,EIA
2002,ARM,0.0,0.0,0.0,false,EIA
2003,ARM,0.0,0.0,0.0,false,EIA
2004,ARM,0.0,0.0,0.0,false,EIA
2005,ARM,0.0,0.0,0.0,false,EIA
2006,ARM,0.0,0.0,0.0,false,EIA
2007,ARM,0.0,0.0,0.0,false,EIA
2008,ARM,0.0,0.0,0.0,false,EIA
2009,ARM,0.0,0.0,0.0,false,EIA
2010,ARM,0.0,0.0,0.0,false,EIA
2011,ARM,0.0,0.0,0.0,false,EIA
2012,ARM,0.0,0.0,0.0,false,EIA
2013,ARM,0.0,0.0,0.0,false,EIA
2014,ARM,0.0,0.0,0.0,false,EIA
2015,ARM,0.0,0.0,0.0,false,EIA
2016,ARM,0.0,0.0,0.0,false,EIA
2017,ARM,0.0,0.0,0.0,false,EIA
2018,ARM,0.0,0.0,0.0,false,EIA
2019,ARM,0.0,0.0,0.0,false,EIA
2020,ARM,0.0,0.0,0.0,false,EIA
2021,ARM,0.0,0.0,0.0,false,EIA
2022,ARM,0.0,0.000059999928644964,0.000059999928644964,false,EIA
2023,ARM,0.0,0.000059999928644964,0.000059999928644964,false,EIA
2024,ARM,0.0,0.00005999999999999975,0.00005999999999999975,false,EIA
1990,AUS,64.63092313754447,205.33827233986975,140.70734920232528,false,EIA
1991,AUS,70.85691573327023,220.60144020003514,149.74452446676491,false,EIA
1992,AUS,72.920913278657,229.21521482715926,156.29430154850226,false,EIA
1993,AUS,79.16190585654401,227.13130090094745,147.96939504440343,false,EIA
1994,AUS,76.85790859657739,226.31631257780822,149.45840398123084,false,EIA
1995,AUS,79.37490560323363,242.7615406013704,163.38663499813677,false,EIA
1996,AUS,82.1859022602502,248.17797167282063,165.99206941257043,false,EIA
1997,AUS,89.02389412815458,265.252234654149,176.2283405259944,false,EIA
1998,AUS,88.79989439454673,288.25399886244105,199.45410446789433,false,EIA
1999,AUS,97.14188447381821,291.79692582711164,194.65504135329343,false,EIA
2000,AUS,103.74987661525026,307.5342861250629,203.78440950981266,false,EIA
2001,AUS,109.11287023729929,330.24766812478396,221.13479788748467,false,EIA
2002,AUS,107.28487241124938,341.86141021109626,234.57653779984688,false,EIA
2003,AUS,112.28886646023939,344.16719961456715,231.87833315432778,false,EIA
2004,AUS,116.1898618209728,353.1143125428656,236.9244507218928,false,EIA
2005,AUS,128.35784735017148,373.4926975730171,245.1348502228456,false,EIA
2006,AUS,132.8948419545415,377.7374133736671,244.8425714191256,false,EIA
2007,AUS,141.95883117517408,394.2842539923287,252.3254228171546,false,EIA
2008,AUS,143.99082875861686,395.8471185401507,251.85628978153383,false,EIA
2009,AUS,129.80984562337963,411.9629727001977,282.1531270768181,false,EIA
2010,AUS,162.92880623658897,441.2014721491181,278.27266591252913,false,EIA
2011,AUS,146.71182552266598,421.3302360700705,274.61841054740455,false,EIA
2012,AUS,146.94382524675984,440.999255695697,294.05543044893716,false,EIA
2013,AUS,159.49381032166482,468.1693943202297,308.6755839985649,false,EIA
2014,AUS,180.29478558406308,497.64416287288276,317.3493772888197,false,EIA
2015,AUS,191.05577278653737,520.8880458310356,329.8322730444982,false,EIA
2016,AUS,189.30177487248292,508.40724457343356,319.1054697009506,false,EIA
2017,AUS,189.999774042386,505.68519711978996,315.6854230774039,false,EIA
2018,AUS,179.34978670790488,491.4618114120508,312.11202470414594,false,EIA
2019,AUS,189.06577515314606,511.6768245843057,322.6110494311596,false,EIA
2020,AUS,183.76378145855276,499.75786055795766,315.99407909940487,false,EIA
2021,AUS,170.6007971126584,467.14312113510226,296.54232402244384,false,EIA
2022,AUS,168.5747995220801,463.56342122574904,294.98862170366897,false,EIA
2023,AUS,166.73780170673345,442.9345157034294,276.19671399669596,false,EIA
2024,AUS,178.52847158908352,467.7392509999969,289.21077941091335,false,EIA
1990,AUT,0.0,2.4479970887145313,2.4479970887145313,false,EIA
1991,AUT,0.0,2.0809975251695016,2.0809975251695016,false,EIA
1992,AUT,0.0,1.7709978938371873,1.7709978938371873,false,EIA
1993,AUT,0.0,1.6909979889772353,1.6909979889772353,false,EIA
1994,AUT,0.0,1.3689983719159287,1.3689983719159287,false,EIA
1995,AUT,0.0,1.296998457541972,1.296998457541972,false,EIA
1996,AUT,0.0,1.1079986823103352,1.1079986823103352,false,EIA
1997,AUT,0.0,1.129998656146822,1.129998656146822,false,EIA
1998,AUT,0.0,1.1399986442543162,1.1399986442543162,false,EIA
1999,AUT,0.0,1.136998647822068,1.136998647822068,false,EIA
2000,AUT,0.0,1.2489985146260005,1.2489985146260005,false,EIA
2001,AUT,0.0,1.2059985657637764,1.2059985657637764,false,EIA
2002,AUT,0.0,1.411998320778153,1.411998320778153,false,EIA
2003,AUT,0.0,1.1519986299833087,1.1519986299833087,false,EIA
2004,AUT,0.0,0.234999720526109,0.234999720526109,false,EIA
2005,AUT,0.0,0.0,0.0,false,EIA
2006,AUT,0.0,0.0,0.0,false,EIA
2007,AUT,0.0,0.0,0.0,false,EIA
2008,AUT,0.0,0.0,0.0,false,EIA
2009,AUT,0.0,0.0,0.0,false,EIA
2010,AUT,0.0,0.0,0.0,false,EIA
2011,AUT,0.0,0.0,0.0,false,EIA
2012,AUT,0.0,0.0,0.0,false,EIA
2013,AUT,0.0,0.0,0.0,false,EIA
2014,AUT,0.0,0.0,0.0,false,EIA
2015,AUT,0.0,0.0,0.0,false,EIA
2016,AUT,0.0,0.0,0.0,false,EIA
2017,AUT,0.0,0.0,0.0,false,EIA
2018,AUT,0.0,0.0,0.0,false,EIA
2019,AUT,0.0,0.0,0.0,false,EIA
2020,AUT,0.0,0.0,0.0,false,EIA
2021,AUT,0.0,0.0,0.0,false,EIA
2022,AUT,0.0,0.0,0.0,false,EIA
2023,AUT,0.0,0.0,0.0,false,EIA
2024,AUT,0.0,0.0,0.0,false,EIA
1990,BEL,0.0,1.0359987679363785,1.0359987679363785,false,EIA
1991,BEL,0.0,0.6339992460151197,0.6339992460151197,false,EIA
1992,BEL,0.0,0.2179997407433692,0.2179997407433692,false,EIA
1993,BEL,0.0,0.0,0.0,false,EIA
1994,BEL,0.0,0.0,0.0,false,EIA
1995,BEL,0.0,0.0,0.0,false,EIA
1996,BEL,0.0,0.0,0.0,false,EIA
1997,BEL,0.0,0.0,0.0,false,EIA
1998,BEL,0.0,0.0,0.0,false,EIA
1999,BEL,0.0,0.0,0.0,false,EIA
2000,BEL,0.0,0.0,0.0,false,EIA
2001,BEL,0.0,0.0,0.0,false,EIA
2002,BEL,0.0,0.0,0.0,false,EIA
2003,BEL,0.0,0.0,0.0,false,EIA
2004,BEL,0.0,0.0,0.0,false,EIA
2005,BEL,0.0,0.0,0.0,false,EIA
2006,BEL,0.0,0.0,0.0,false,EIA
2007,BEL,0.0,0.0,0.0,false,EIA
2008,BEL,0.0,0.0,0.0,false,EIA
2009,BEL,0.0,0.0,0.0,false,EIA
2010,BEL,0.0,0.0,0.0,false,EIA
2011,BEL,0.0,0.0,0.0,false,EIA
2012,BEL,0.0,0.0,0.0,false,EIA
2013,BEL,0.0,0.0,0.0,false,EIA
2014,BEL,0.0,0.0,0.0,false,EIA
2015,BEL,0.0,0.0,0.0,false,EIA
2016,BEL,0.0,0.0,0.0,false,EIA
2017,BEL,0.0,0.0,0.0,false,EIA
2018,BEL,0.0,0.0,0.0,false,EIA
2019,BEL,0.0,0.0,0.0,false,EIA
2020,BEL,0.0,0.0,0.0,false,EIA
2021,BEL,0.0,0.0,0.0,false,EIA
2022,BEL,0.0,0.0,0.0,false,EIA
2023,BEL,0.0,0.0,0.0,false,EIA
2024,BEL,0.0,0.0,0.0,false,EIA
1990,BGD,0.0,0.0,0.0,false,EIA
1991,BGD,0.0,0.0,0.0,false,EIA
1992,BGD,0.0,0.0,0.0,false,EIA
1993,BGD,0.0,0.0,0.0,false,EIA
1994,BGD,0.0,0.0,0.0,false,EIA
1995,BGD,0.0,0.0,0.0,false,EIA
1996,BGD,0.0,0.0,0.0,false,EIA
1997,BGD,0.0,0.0,0.0,false,EIA
1998,BGD,0.0,0.0,0.0,false,EIA
1999,BGD,0.0,0.0,0.0,false,EIA
2000,BGD,0.0,0.0,0.0,false,EIA
2001,BGD,0.0,0.0,0.0,false,EIA
2002,BGD,0.0,0.0,0.0,false,EIA
2003,BGD,0.0,0.022321973453548107,0.022321973453548107,false,EIA
2004,BGD,0.0,0.064604923168465,0.064604923168465,false,EIA
2005,BGD,0.0,0.1779997883133932,0.1779997883133932,false,EIA
2006,BGD,0.0,0.3029996396570682,0.3029996396570682,false,EIA
2007,BGD,0.0,0.3879995385707672,0.3879995385707672,false,EIA
2008,BGD,0.0,0.6769991948773438,0.6769991948773438,false,EIA
2009,BGD,0.0,0.8279990153005032,0.8279990153005032,false,EIA
2010,BGD,0.0,0.704999161578327,0.704999161578327,false,EIA
2011,BGD,0.0,0.6669992067698498,0.6669992067698498,false,EIA
2012,BGD,0.0,0.834999006975749,0.834999006975749,false,EIA
2013,BGD,0.0,0.8549989831907371,0.8549989831907371,false,EIA
2014,BGD,0.0,0.9469988737796818,0.9469988737796818,false,EIA
2015,BGD,0.0,0.6759991960665944,0.6759991960665944,false,EIA
2016,BGD,0.0,1.0219987845858869,1.0219987845858869,false,EIA
2017,BGD,0.0,1.1609986192800534,1.1609986192800534,false,EIA
2018,BGD,0.0,0.9229989023216962,0.9229989023216962,false,EIA
2019,BGD,0.0,0.9363322197983852,0.9363322197983852,false,EIA
2020,BGD,0.0,1.0159987917213904,1.0159987917213904,false,EIA
2021,BGD,0.0,1.0514431940135482,1.0514431940135482,false,EIA
2022,BGD,0.0,0.7539991033050476,0.7539991033050476,false,EIA
2023,BGD,0.0,0.7673060874796899,0.7673060874796899,false,EIA
2024,BGD,0.0,0.9071309999999992,0.9071309999999992,false,EIA
1990,BGR,0.0,31.674962330487244,31.674962330487244,false,EIA
1991,BGR,0.0,28.389966237175468,28.389966237175468,false,EIA
1992,BGR,0.0,30.323963937164805,30.323963937164805,false,EIA
1993,BGR,0.0,29.031965473676582,29.031965473676582,false,EIA
1994,BGR,0.0,28.756965800720497,28.756965800720497,false,EIA
1995,BGR,0.0,30.829963335404003,30.829963335404003,false,EIA
1996,BGR,0.0,31.30196277407772,31.30196277407772,false,EIA
1997,BGR,0.0,29.707964669743173,29.707964669743173,false,EIA
1998,BGR,0.0,30.110964190475183,30.110964190475183,false,EIA
1999,BGR,0.0,25.297969914338324,25.297969914338324,false,EIA
2000,BGR,0.0,26.43196856572814,26.43196856572814,false,EIA
2001,BGR,0.0,26.610968352852286,26.610968352852286,false,EIA
2002,BGR,0.0,26.017969058077888,26.017969058077888,false,EIA
2003,BGR,0.0,27.29896753464787,27.29896753464787,false,EIA
2004,BGR,0.0,26.48496850269786,26.48496850269786,false,EIA
2005,BGR,0.0,24.69497063145643,24.69497063145643,false,EIA
2006,BGR,0.0,25.677969462423096,25.677969462423096,false,EIA
2007,BGR,0.0,28.452966162252675,28.452966162252675,false,EIA
2008,BGR,0.0,28.78896576266448,28.78896576266448,false,EIA
2009,BGR,0.0,27.185967669033186,27.185967669033186,false,EIA
2010,BGR,0.0,29.404965030086107,29.404965030086107,false,EIA
2011,BGR,0.0,37.12795584550373,37.12795584550373,false,EIA
2012,BGR,0.0,33.426960246920196,33.426960246920196,false,EIA
2013,BGR,0.0,28.620965962458577,28.620965962458577,false,EIA
2014,BGR,0.0,31.26796281451224,31.26796281451224,false,EIA
2015,BGR,0.0,35.858957354662735,35.858957354662735,false,EIA
2016,BGR,0.0,31.230962858514513,31.230962858514513,false,EIA
2017,BGR,0.0,34.277301235632315,34.277301235632315,false,EIA
2018,BGR,0.0,30.262944009732877,30.262944009732877,false,EIA
2019,BGR,0.0,28.000610700217322,28.000610700217322,false,EIA
2020,BGR,0.0,22.29845348151928,22.29845348151928,false,EIA
2021,BGR,0.0,28.289234356971058,28.289234356971058,false,EIA
2022,BGR,0.0,35.515977762551906,35.515977762551906,false,EIA
2023,BGR,0.0,20.970297061031978,20.970297061031978,false,EIA
2024,BGR,0.0,14.992782000000394,14.992782000000394,false,EIA
1990,BIH,,,,false,EIA
1991,BIH,,,,false,EIA
1992,BIH,0.0,1.4999982161241183,1.4999982161241183,false,EIA
1993,BIH,0.0,1.29999845397422,1.29999845397422,false,EIA
1994,BIH,0.0,1.39999833504916,1.39999833504916,false,EIA
1995,BIH,0.0,1.6399980496289888,1.6399980496289888,false,EIA
1996,BIH,0.0,1.6899979901665314,1.6899979901665314,false,EIA
1997,BIH,0.0,5.4529935150164786,5.4529935150164786,false,EIA
1998,BIH,0.0,7.034991633622029,7.034991633622029,false,EIA
1999,BIH,0.0,6.7719919463949365,6.7719919463949365,false,EIA
2000,BIH,0.0,7.438991153164787,7.438991153164787,false,EIA
2001,BIH,0.0,7.551991018779469,7.551991018779469,false,EIA
2002,BIH,0.0,7.9744186899693,7.9744186899693,false,EIA
2003,BIH,0.0,7.172004157764004,7.172004157764004,false,EIA
2004,BIH,0.0,5.639413293316381,5.639413293316381,false,EIA
2005,BIH,0.0,5.765791143021269,5.765791143021269,false,EIA
2006,BIH,0.0,5.895605988638702,5.895605988638702,false,EIA
2007,BIH,0.0,6.133416705821828,6.133416705821828,false,EIA
2008,BIH,0.0,6.7606809598465505,6.7606809598465505,false,EIA
2009,BIH,0.0,6.7042310269797465,6.7042310269797465,false,EIA
2010,BIH,0.0,6.393338396709433,6.393338396709433,false,EIA
2011,BIH,0.0,7.1022505536342235,7.1022505536342235,false,EIA
2012,BIH,0.0,6.97052671028707,6.97052671028707,false,EIA
2013,BIH,0.0,6.236899582754608,6.236899582754608,false,EIA
2014,BIH,0.0,6.166915665983122,6.166915665983122,false,EIA
2015,BIH,0.0,6.047092808482697,6.047092808482697,false,EIA
2016,BIH,0.0,6.501963267527087,6.501963267527087,false,EIA
2017,BIH,0.0,7.131372364679671,7.131372364679671,false,EIA
2018,BIH,0.0,7.023243647593345,7.023243647593345,false,EIA
2019,BIH,0.0,6.557486201496326,6.557486201496326,false,EIA
2020,BIH,0.0,6.18209764792792,6.18209764792792,false,EIA
2021,BIH,0.0,6.679232625844869,6.679232625844869,false,EIA
2022,BIH,0.0,13.291984192481024,13.291984192481024,false,EIA
2023,BIH,0.0,11.69269449143955,11.69269449143955,false,EIA
2024,BIH,0.0,11.797999999999975,11.797999999999975,false,EIA
1990,BRA,0.0,4.594994535393493,4.594994535393493,false,EIA
1991,BRA,0.0,5.187993830167888,5.187993830167888,false,EIA
1992,BRA,0.0,4.730994373655411,4.730994373655411,false,EIA
1993,BRA,0.0,4.594994535393493,4.594994535393493,false,EIA
1994,BRA,0.0,5.1339938943874195,5.1339938943874195,false,EIA
1995,BRA,0.0,5.198993817086131,5.198993817086131,false,EIA
1996,BRA,0.0,4.804994285650867,4.804994285650867,false,EIA
1997,BRA,0.0,5.646993284301861,5.646993284301861,false,EIA
1998,BRA,0.0,5.51599344009369,5.51599344009369,false,EIA
1999,BRA,0.0,5.659993268841604,5.659993268841604,false,EIA
2000,BRA,0.0,6.805991905960417,6.805991905960417,false,EIA
2001,BRA,0.0,5.653993275977108,5.653993275977108,false,EIA
2002,BRA,0.0,5.1439938824949145,5.1439938824949145,false,EIA
2003,BRA,0.0,4.645994474741713,4.645994474741713,false,EIA
2004,BRA,0.0,5.4059935709112565,5.4059935709112565,false,EIA
2005,BRA,0.0,6.254992561237497,6.254992561237497,false,EIA
2006,BRA,0.0,5.881993004827971,5.881993004827971,false,EIA
2007,BRA,0.0,5.964992906120171,5.964992906120171,false,EIA
2008,BRA,0.0,6.611992136675033,6.611992136675033,false,EIA
2009,BRA,0.0,5.708993210568325,5.708993210568325,false,EIA
2010,BRA,0.0,5.414993560208002,5.414993560208002,false,EIA
2011,BRA,0.0,5.504993453175447,5.504993453175447,false,EIA
2012,BRA,0.0,6.615992131918031,6.615992131918031,false,EIA
2013,BRA,0.0,8.593989779580344,8.593989779580344,false,EIA
2014,BRA,0.0,7.936990560917988,7.936990560917988,false,EIA
2015,BRA,0.0,8.028990451506933,8.028990451506933,false,EIA
2016,BRA,0.0,7.004991669299547,7.004991669299547,false,EIA
2017,BRA,0.0,4.818994269001359,4.818994269001359,false,EIA
2018,BRA,0.0,4.837535246951463,4.837535246951463,false,EIA
2019,BRA,0.0,5.409664566545517,5.409664566545517,false,EIA
2020,BRA,0.0,5.578660032233983,5.578660032233983,false,EIA
2021,BRA,0.0,6.664992073644733,6.664992073644733,false,EIA
2022,BRA,0.0,6.200468171087151,6.200468171087151,false,EIA
2023,BRA,0.0,6.573712086481878,6.573712086481878,false,EIA
2024,BRA,0.0,6.078811183472004,6.078811183472004,false,EIA
1990,BTN,0.0,0.002580402987623076,0.002580402987623076,false,EIA
1991,BTN,0.0,0.002952404069292216,0.002952404069292216,false,EIA
1992,BTN,0.0,0.0031781649387795383,0.0031781649387795383,false,EIA
1993,BTN,0.0,0.0459999452944724,0.0459999452944724,false,EIA
1994,BTN,0.0,0.06399992388796161,0.06399992388796161,false,EIA
1995,BTN,0.0,0.06333325801412898,0.06333325801412898,false,EIA
1996,BTN,0.0,0.06399992388796161,0.06399992388796161,false,EIA
1997,BTN,0.0,0.053999935780467606,0.053999935780467606,false,EIA
1998,BTN,0.0,0.061648926683889764,0.061648926683889764,false,EIA
1999,BTN,0.0,0.06929791758731192,0.06929791758731192,false,EIA
2000,BTN,0.0,0.07694690849073409,0.07694690849073409,false,EIA
2001,BTN,0.0,0.07350927873054111,0.07350927873054111,false,EIA
2002,BTN,0.0,0.07332065080326834,0.07332065080326834,false,EIA
2003,BTN,0.0,0.06632392112414322,0.06632392112414322,false,EIA
2004,BTN,0.0,0.07499020176131548,0.07499020176131548,false,EIA
2005,BTN,0.0,0.08527889858189808,0.08527889858189808,false,EIA
2006,BTN,0.0,0.09145545017732758,0.09145545017732758,false,EIA
2007,BTN,0.0,0.08594976422666667,0.08594976422666667,false,EIA
2008,BTN,0.0,0.08370390045496778,0.08370390045496778,false,EIA
2009,BTN,0.0,0.07854490659031163,0.07854490659031163,false,EIA
2010,BTN,0.0,0.08781389556714782,0.08781389556714782,false,EIA
2011,BTN,0.0,0.09890388237835866,0.09890388237835866,false,EIA
2012,BTN,0.0,0.09873088258409901,0.09873088258409901,false,EIA
2013,BTN,0.0,0.07774390754290135,0.07774390754290135,false,EIA
2014,BTN,0.0,0.08189090261107912,0.08189090261107912,false,EIA
2015,BTN,0.0,0.0851638987186619,0.0851638987186619,false,EIA
2016,BTN,0.0,0.11777985993006433,0.11777985993006433,false,EIA
2017,BTN,0.0,0.1619998073414028,0.1619998073414028,false,EIA
2018,BTN,0.0,0.1869997776101378,0.1869997776101378,false,EIA
2019,BTN,0.0,0.184999779988639,0.184999779988639,false,EIA
2020,BTN,0.0,0.157305833916,0.157305833916,false,EIA
2021,BTN,0.0,0.1859997787993884,0.1859997787993884,false,EIA
2022,BTN,0.0,0.1773941663682095,0.1773941663682095,false,EIA
2023,BTN,0.0,0.0035618579437206735,0.0035618579437206735,false,EIA
2024,BTN,0.0,0.16948879843510506,0.16948879843510506,false,EIA
1990,BWA,0.0,0.7939990557350236,0.7939990557350236,false,EIA
1991,BWA,0.0,0.7839990676275296,0.7839990676275296,false,EIA
1992,BWA,0.0,0.9009989284852093,0.9009989284852093,false,EIA
1993,BWA,0.0,0.889998941566966,0.889998941566966,false,EIA
1994,BWA,0.0,0.9009989284852093,0.9009989284852093,false,EIA
1995,BWA,0.0,0.909998917781954,0.909998917781954,false,EIA
1996,BWA,0.0,0.7279991342255633,0.7279991342255633,false,EIA
1997,BWA,0.0,0.7759990771415344,0.7759990771415344,false,EIA
1998,BWA,0.0,0.9239989011324455,0.9239989011324455,false,EIA
1999,BWA,0.0,0.7189991449288187,0.7189991449288187,false,EIA
2000,BWA,0.0,0.939998882104436,0.939998882104436,false,EIA
2001,BWA,0.0,0.914998911835701,0.914998911835701,false,EIA
2002,BWA,0.0,0.9529988666441782,0.9529988666441782,false,EIA
2003,BWA,0.0,0.8229990212467563,0.8229990212467563,false,EIA
2004,BWA,0.0,0.9109989165927034,0.9109989165927034,false,EIA
2005,BWA,0.0,0.984998828588159,0.984998828588159,false,EIA
2006,BWA,0.0,0.9619988559409228,0.9619988559409228,false,EIA
2007,BWA,0.0,0.8279990153005032,0.8279990153005032,false,EIA
2008,BWA,0.0,0.909998917781954,0.909998917781954,false,EIA
2009,BWA,0.0,0.7379991223330573,0.7379991223330573,false,EIA
2010,BWA,0.0,0.9879988250204073,0.9879988250204073,false,EIA
2011,BWA,0.0,0.7879990628705271,0.7879990628705271,false,EIA
2012,BWA,0.0,1.4709982506123676,1.4709982506123676,false,EIA
2013,BWA,0.0,1.495998220881066,1.495998220881066,false,EIA
2014,BWA,0.0,1.711997964003009,1.711997964003009,false,EIA
2015,BWA,0.0,2.0849975204124624,2.0849975204124624,false,EIA
2016,BWA,0.0,1.8769977677766236,1.8769977677766236,false,EIA
2017,BWA,0.0,2.219635360294157,2.219635360294157,false,EIA
2018,BWA,0.0,2.1652624249572576,2.1652624249572576,false,EIA
2019,BWA,0.0,2.1108884896216393,2.1108884896216393,false,EIA
2020,BWA,0.0,1.87599776896584,1.87599776896584,false,EIA
2021,BWA,0.0,1.9833956412427802,1.9833956412427802,false,EIA
2022,BWA,0.0,2.6336883543853418,2.6336883543853418,false,EIA
2023,BWA,0.0,2.2422571105102103,2.2422571105102103,false,EIA
2024,BWA,0.0,2.454559000000041,2.454559000000041,false,EIA
1990,CAN,27.659967105328406,68.331918736128,40.6719516307996,false,EIA
1991,CAN,29.283965173985433,71.13391540384782,41.84995022986239,false,EIA
1992,CAN,22.041973786538275,65.61392196851114,43.57194818197286,false,EIA
1993,CAN,25.792969325659275,69.00291793814085,43.20994861248158,false,EIA
1994,CAN,27.26896757032539,72.82291339520357,45.553945824878184,false,EIA
1995,CAN,28.623965958890825,74.98091082880076,46.35694486990994,false,EIA
1996,CAN,29.705964672121677,75.85390979058499,46.14794511846331,false,EIA
1997,CAN,30.94096320339719,78.67390643689829,47.7329432335011,false,EIA
1998,CAN,28.277966370371534,75.13791064208843,46.8599442717169,false,EIA
1999,CAN,28.432966186037692,72.47891380430576,44.04594761826807,false,EIA
2000,CAN,28.1639665059461,69.16291774786075,40.99895124191465,false,EIA
2001,CAN,28.608965976729586,70.35491633027404,41.74595035354445,false,EIA
2002,CAN,25.755969369661546,66.5079209053211,40.75195153565956,false,EIA
2003,CAN,24.076971366413307,62.153926083318204,38.07695471690489,false,EIA
2004,CAN,25.508969663406447,65.99692151302816,40.48795184962171,false,EIA
2005,CAN,30.79596337583852,70.02791671915898,39.231953343320455,false,EIA
2006,CAN,29.408965025329106,69.9029168678153,40.4939518424862,false,EIA
2007,CAN,32.81096097949857,74.05091193480382,41.239950955305254,false,EIA
2008,CAN,28.344966290691744,67.74991942827185,39.40495313758011,false,EIA
2009,CAN,22.979972671021212,62.935925153324234,39.95595248230302,false,EIA
2010,CAN,28.152966519027856,67.89391925701976,39.740952737991904,false,EIA
2011,CAN,29.451964974191327,67.50691971725975,38.05495474306842,false,EIA
2012,CAN,31.08596303095585,66.5829208161273,35.496957785171446,false,EIA
2013,CAN,34.062959490556814,70.14691657763815,36.08395708708134,false,EIA
2014,CAN,32.4999613493555,67.44491979099328,34.94495844163778,false,EIA
2015,CAN,27.340967484699345,62.343925857360595,35.002958372661254,false,EIA
2016,CAN,25.015970249706992,59.25992952500945,34.24395927530246,false,EIA
2017,CAN,29.21896525128672,62.15792607856121,32.93896082727449,false,EIA
2018,CAN,29.6659647196917,57.49493162403676,27.82896690434506,false,EIA
2019,CAN,29.95223337924612,53.16543677289723,23.21320339365111,false,EIA
2020,CAN,24.97828629452271,45.2848461449055,20.30655985038279,false,EIA
2021,CAN,26.97286592246487,47.4616895560901,20.48882363362523,false,EIA
2022,CAN,25.204637517467855,41.142921070698335,15.93828355323048,false,EIA
2023,CAN,30.89749325509391,48.63365978151357,17.736166526419662,false,EIA
2024,CAN,31.54706999999961,48.64280387622167,17.09573387622206,false,EIA
1990,CHL,0.0,2.18299740386594,2.18299740386594,false,EIA
1991,CHL,0.0,2.2079973741346755,2.2079973741346755,false,EIA
1992,CHL,0.0,1.6259980662785245,1.6259980662785245,false,EIA
1993,CHL,0.0,1.3549983885654369,1.3549983885654369,false,EIA
1994,CHL,0.0,1.181998594305791,1.181998594305791,false,EIA
1995,CHL,0.0,1.0379987655578773,1.0379987655578773,false,EIA
1996,CHL,0.0,1.0039988059923977,1.0039988059923977,false,EIA
1997,CHL,0.0,1.0439987584223736,1.0439987584223736,false,EIA
1998,CHL,0.0,0.9409988809151855,0.9409988809151855,false,EIA
1999,CHL,0.0,0.484999423213459,0.484999423213459,false,EIA
2000,CHL,0.0,0.3659995647342804,0.3659995647342804,false,EIA
2001,CHL,0.0,0.5759993149916544,0.5759993149916544,false,EIA
2002,CHL,0.0,0.4329994850544902,0.4329994850544902,false,EIA
2003,CHL,0.0,0.5759993149916544,0.5759993149916544,false,EIA
2004,CHL,0.0,0.2329997229046102,0.2329997229046102,false,EIA
2005,CHL,0.0,0.5439993530476736,0.5439993530476736,false,EIA
2006,CHL,0.0,0.6739991984450956,0.6739991984450956,false,EIA
2007,CHL,0.0,0.2429997110121042,0.2429997110121042,false,EIA
2008,CHL,0.0,0.6669992067698498,0.6669992067698498,false,EIA
2009,CHL,0.0,0.6359992436366184,0.6359992436366184,false,EIA
2010,CHL,0.0,0.6189992638538786,0.6189992638538786,false,EIA
2011,CHL,0.0,0.6539992222301076,0.6539992222301076,false,EIA
2012,CHL,0.0,0.7119991532535728,0.7119991532535728,false,EIA
2013,CHL,0.0,3.027996398949183,3.027996398949183,false,EIA
2014,CHL,0.0,3.163996236968702,3.163996236968702,false,EIA
2015,CHL,0.0,3.142996262185364,3.142996262185364,false,EIA
2016,CHL,0.0,2.5249969971422352,2.5249969971422352,false,EIA
2017,CHL,0.0,2.4249971160672947,2.4249971160672947,false,EIA
2018,CHL,0.0,2.2566523162716874,2.2566523162716874,false,EIA
2019,CHL,0.0,1.4268293031403771,1.4268293031403771,false,EIA
2020,CHL,0.0,0.47922943007543495,0.47922943007543495,false,EIA
2021,CHL,0.0,0.04296294890622648,0.04296294890622648,false,EIA
2022,CHL,0.0,0.01494998222070353,0.01494998222070353,false,EIA
2023,CHL,0.0,0.12156985542280456,0.12156985542280456,false,EIA
2024,CHL,0.0,0.024270000000000097,0.024270000000000097,false,EIA
1990,CHN,180.43244209342757,1079.3000475902838,898.8676054968563,false,EIA
1991,CHN,181.26497573703975,1084.2800478094564,903.0150720724166,false,EIA
1992,CHN,186.32537601655864,1114.550049141493,928.2246731249344,false,EIA
1993,CHN,192.4824471201083,1151.3800507641333,958.897603644025,false,EIA
1994,CHN,205.5455352570716,1229.5200542153982,1023.9745189583266,false,EIA
1995,CHN,216.0224194836225,1292.1900569772029,1076.1676374935803,false,EIA
1996,CHN,228.18760838238694,1364.9590601844125,1136.7714518020255,false,EIA
1997,CHN,221.55091096892727,1325.2600584357115,1103.709147466784,false,EIA
1998,CHN,217.8001630115333,1302.8240574486035,1085.0238944370703,false,EIA
1999,CHN,214.71092823099738,1284.3450566272127,1069.6341283962154,false,EIA
2000,CHN,231.40135422305954,1384.182853857753,1152.7814996346933,false,EIA
2001,CHN,246.00277266153398,1471.5247499862269,1225.521977324693,false,EIA
2002,CHN,259.18851786581763,1550.398456185513,1291.2099383196953,false,EIA
2003,CHN,306.7496016911991,1834.89651784562,1528.146916154421,false,EIA
2004,CHN,354.8479365348274,2122.6082756838323,1767.760339149005,false,EIA
2005,CHN,395.39381298898553,2365.1431872487005,1969.749374259715,false,EIA
2006,CHN,429.5953896819737,2569.7281439456287,2140.132754263655,false,EIA
2007,CHN,461.3854470472978,2759.8880177976152,2298.5025707503173,false,EIA
2008,CHN,485.37748233621653,2903.402147123148,2418.0246647869317,false,EIA
2009,CHN,520.8100370756184,3115.3504950631486,2594.5404579875303,false,EIA
2010,CHN,573.1514462865262,3428.4432227169914,2855.2917764304652,false,EIA
2011,CHN,629.3202988221253,3764.43072314318,3135.110424321055,false,EIA
2012,CHN,659.5276749042096,3945.12340825404,3285.5957333498304,false,EIA
2013,CHN,664.40817168412,3974.3172735351736,3309.9091018510535,false,EIA
2014,CHN,647.6232776414122,3873.9143929395013,3226.291115298089,false,EIA
2015,CHN,626.3289990991557,3746.5355444250754,3120.2065453259197,false,EIA
2016,CHN,547.0163494597047,3410.5959439418857,2863.579594482181,false,EIA
2017,CHN,515.1063874086911,3523.555809604111,3008.4494221954196,false,EIA
2018,CHN,483.69642476305256,3697.735602460495,3214.0391776974425,false,EIA
2019,CHN,502.54440234805725,3846.3254257497215,3343.7810234016642,false,EIA
2020,CHN,502.2061351017044,3901.572460047102,3399.3663249453975,false,EIA
2021,CHN,531.0935707075014,4125.995093152024,3594.901522444523,false,EIA
2022,CHN,554.6583403714515,4152.679520126518,3598.0211797550664,false,EIA
2023,CHN,540.9857406316182,4362.06493740546,3821.079196773842,false,EIA
2024,CHN,518.997711000003,4402.501222000045,3883.503511000042,false,EIA
1990,COD,0.0,0.1259998501544244,0.1259998501544244,false,EIA
1991,COD,0.0,0.0,0.0,false,EIA
1992,COD,0.0,0.0,0.0,false,EIA
1993,COD,0.0,0.0,0.0,false,EIA
1994,COD,0.0,0.0,0.0,false,EIA
1995,COD,0.0,0.0,0.0,false,EIA
1996,COD,0.0,0.0,0.0,false,EIA
1997,COD,0.0,0.0,0.0,false,EIA
1998,COD,0.0,0.0,0.0,false,EIA
1999,COD,0.0,0.0,0.0,false,EIA
2000,COD,0.0,0.0,0.0,false,EIA
2001,COD,0.0,0.0,0.0,false,EIA
2002,COD,0.0,0.0,0.0,false,EIA
2003,COD,0.0,0.0,0.0,false,EIA
2004,COD,0.0,0.0,0.0,false,EIA
2005,COD,0.0,0.0,0.0,false,EIA
2006,COD,0.0,0.0,0.0,false,EIA
2007,COD,0.0,0.0,0.0,false,EIA
2008,COD,0.0,0.0,0.0,false,EIA
2009,COD,0.0,0.0,0.0,false,EIA
2010,COD,0.0,0.0,0.0,false,EIA
2011,COD,0.0,0.0,0.0,false,EIA
2012,COD,0.0,0.0,0.0,false,EIA
2013,COD,0.0,0.0,0.0,false,EIA
2014,COD,0.0,0.0,0.0,false,EIA
2015,COD,0.0,0.0,0.0,false,EIA
2016,COD,0.0,0.0,0.0,false,EIA
2017,COD,0.0,0.0,0.0,false,EIA
2018,COD,0.0,0.0,0.0,false,EIA
2019,COD,0.0,0.0,0.0,false,EIA
2020,COD,0.0,0.0,0.0,false,EIA
2021,COD,0.0,0.0,0.0,false,EIA
2022,COD,0.0,0.0,0.0,false,EIA
2023,COD,0.0,0.0,0.0,false,EIA
2024,COD,0.0,0.0,0.0,false,EIA
1990,COL,1.7199979544889679,21.096820462386596,19.37682250789763,false,EIA
1991,COL,1.6779980044374931,20.60419673308169,18.926198728644195,false,EIA
1992,COL,2.252997320618398,22.99021136378322,20.737214043164823,false,EIA
1993,COL,2.181997405055191,22.273569814919924,20.09157240986473,false,EIA
1994,COL,2.243997331321654,23.700694719512967,21.456697388191312,false,EIA
1995,COL,2.363997188611582,26.853884889256676,24.489887700645095,false,EIA
1996,COL,2.4239971172565458,30.441246585755195,28.017249468498648,false,EIA
1997,COL,2.3409972159643453,33.19547245425825,30.854475238293904,false,EIA
1998,COL,2.1379974573822174,33.733729878775776,31.59573242139356,false,EIA
1999,COL,2.006997613174046,33.01483640659201,31.007838793417964,false,EIA
2000,COL,2.219997359863668,38.328594394074706,36.10859703421104,false,EIA
2001,COL,2.1289974680854726,43.254097456632515,41.12509998854704,false,EIA
2002,COL,2.127997469274723,43.64029310007944,41.512295630804715,false,EIA
2003,COL,2.175997412190694,49.534559098755466,47.35856168656477,false,EIA
2004,COL,2.4999970268735003,53.330548664383144,50.83055163750964,false,EIA
2005,COL,1.7939978664844236,57.70905404800981,55.91505618152539,false,EIA
2006,COL,1.5979980995775411,63.69698428425865,62.09898618468111,false,EIA
2007,COL,1.564998138822811,63.81734787862799,62.25234973980518,false,EIA
2008,COL,1.661998023465503,71.2820370871782,69.6200390637127,false,EIA
2009,COL,2.8279966367993032,71.79934572988167,68.97134909308237,false,EIA
2010,COL,5.313993680322312,75.75583419423315,70.44184051391083,false,EIA
2011,COL,5.446993522151982,86.7126752104385,81.26568168828652,false,EIA
2012,COL,6.029992828818882,90.37202436337466,84.34203153455579,false,EIA
2013,COL,6.192992634971034,87.13438194840838,80.94138931343734,false,EIA
2014,COL,6.163992669459302,90.05496043529185,83.89096776583254,false,EIA
2015,COL,6.056992796709117,87.12711786478434,81.07012506807523,false,EIA
2016,COL,5.699993221271581,92.19489035704095,86.49489713576936,false,EIA
2017,COL,6.321202482497215,92.3830551332652,86.06185265076799,false,EIA
2018,COL,7.797709726558001,86.52579909901876,78.72808937246076,false,EIA
2019,COL,8.537589846654077,87.48150396244479,78.94391411579072,false,EIA
2020,COL,8.381648032108195,53.761594063916014,45.37994603180782,false,EIA
2021,COL,9.0809332004819,60.77817613943129,51.69724293894939,false,EIA
2022,COL,9.090847188691669,57.72552776289995,48.63468057420828,false,EIA
2023,COL,5.731136184234749,49.42299692361119,43.69186073937644,false,EIA
2024,COL,8.18900600000002,58.077777147593956,49.888771147593935,false,EIA
1990,CSK,9.483098435927268,106.11987379672614,96.63677536079888,false,EIA
1991,CSK,8.963368879732869,100.30388071340809,91.34051183367522,false,EIA
1992,CSK,8.048122986585806,90.06189289371257,82.01376990712676,false,EIA
1993,CSK,,,,false,EIA
1994,CSK,,,,false,EIA
1995,CSK,,,,false,EIA
1996,CSK,,,,false,EIA
1997,CSK,,,,false,EIA
1998,CSK,,,,false,EIA
1999,CSK,,,,false,EIA
2000,CSK,,,,false,EIA
2001,CSK,,,,false,EIA
2002,CSK,,,,false,EIA
2003,CSK,,,,false,EIA
2004,CSK,,,,false,EIA
2005,CSK,,,,false,EIA
2006,CSK,,,,false,EIA
2007,CSK,,,,false,EIA
2008,CSK,,,,false,EIA
2009,CSK,,,,false,EIA
2010,CSK,,,,false,EIA
2011,CSK,,,,false,EIA
2012,CSK,,,,false,EIA
2013,CSK,,,,false,EIA
2014,CSK,,,,false,EIA
2015,CSK,,,,false,EIA
2016,CSK,,,,false,EIA
2017,CSK,,,,false,EIA
2018,CSK,,,,false,EIA
2019,CSK,,,,false,EIA
2020,CSK,,,,false,EIA
2021,CSK,,,,false,EIA
2022,CSK,,,,false,EIA
2023,CSK,,,,false,EIA
1990,CZE,,,,false,EIA
1991,CZE,,,,false,EIA
1992,CZE,,,,false,EIA
1993,CZE,7.934097038562345,85.23889862946811,77.30480159090577,false,EIA
1994,CZE,7.161993483442334,76.94390849430184,69.7819150108595,false,EIA
1995,CZE,6.971829823031221,74.90091092394081,67.9290811009096,false,EIA
1996,CZE,7.18070268351215,77.14490825526246,69.96420557175031,false,EIA
1997,CZE,6.889453494365614,74.0159119764276,67.12645848206199,false,EIA
1998,CZE,6.285639659276582,67.52891969109623,61.24328003181965,false,EIA
1999,CZE,5.504134963822982,59.13292967604427,53.628794712221286,false,EIA
2000,CZE,6.065317885320095,65.1619225060524,59.09660462073231,false,EIA
2001,CZE,6.153185969230075,66.10592138339983,59.95273541416976,false,EIA
2002,CZE,5.897214326483839,63.35592465383899,57.45871032735515,false,EIA
2003,CZE,5.948408655033086,63.90592399975115,57.95751534471807,false,EIA
2004,CZE,5.964232356584672,64.07592379757855,58.11169144099388,false,EIA
2005,CZE,5.773417131992023,62.025926235542286,56.25250910355027,false,EIA
2006,CZE,5.855048815878731,62.902925192569505,57.04787637669077,false,EIA
2007,CZE,5.829265490409384,62.625925521991924,56.79666003158254,false,EIA
2008,CZE,5.603451961208521,60.19992840711389,54.59647644590537,false,EIA
2009,CZE,5.251328061387063,56.4169329060489,51.165604844661836,false,EIA
2010,CZE,5.138886699773443,55.208934342663625,50.07004764289018,false,EIA
2011,CZE,5.4044456440479935,58.06193094973167,52.65748530568367,false,EIA
2012,CZE,5.198737523877381,55.851933577975494,50.65319605409811,false,EIA
2013,CZE,4.558994578206514,48.97894175169486,44.419947173488346,false,EIA
2014,CZE,4.589994541339746,46.85694427528464,42.26694973394489,false,EIA
2015,CZE,4.0879951383435476,46.418944796176405,42.33094965783286,false,EIA
2016,CZE,3.3839999971622094,45.31299996200095,41.928999964838745,false,EIA
2017,CZE,2.9125295362683823,44.7212798151279,41.80875027885952,false,EIA
2018,CZE,2.2396073365424636,43.571596182391474,41.33198884584901,false,EIA
2019,CZE,2.032379582988487,40.90329035567955,38.87091077269106,false,EIA
2020,CZE,1.0251657808195302,31.578302445440208,30.553136664620677,false,EIA
2021,CZE,1.5007542152250266,31.458226588240667,29.95747237301564,false,EIA
2022,CZE,0.8636849728609064,35.07125629143781,34.2075713185769,false,EIA
2023,CZE,0.5184963833771317,30.03245528384206,29.513958900464928,false,EIA
2024,CZE,0.6115710000000011,25.031996999999606,24.420425999999605,false,EIA
1990,DDR,26.746168192065603,260.41229030415917,233.66612211209357,false,EIA
1991,DDR,,,,false,EIA
1992,DDR,,,,false,EIA
1993,DDR,,,,false,EIA
1994,DDR,,,,false,EIA
1995,DDR,,,,false,EIA
1996,DDR,,,,false,EIA
1997,DDR,,,,false,EIA
1998,DDR,,,,false,EIA
1999,DDR,,,,false,EIA
2000,DDR,,,,false,EIA
2001,DDR,,,,false,EIA
2002,DDR,,,,false,EIA
2003,DDR,,,,false,EIA
2004,DDR,,,,false,EIA
2005,DDR,,,,false,EIA
2006,DDR,,,,false,EIA
2007,DDR,,,,false,EIA
2008,DDR,,,,false,EIA
2009,DDR,,,,false,EIA
2010,DDR,,,,false,EIA
2011,DDR,,,,false,EIA
2012,DDR,,,,false,EIA
2013,DDR,,,,false,EIA
2014,DDR,,,,false,EIA
2015,DDR,,,,false,EIA
2016,DDR,,,,false,EIA
2017,DDR,,,,false,EIA
2018,DDR,,,,false,EIA
2019,DDR,,,,false,EIA
2020,DDR,,,,false,EIA
2021,DDR,,,,false,EIA
2022,DDR,,,,false,EIA
2023,DDR,,,,false,EIA
1990,DEU,,,,false,EIA
1991,DEU,40.667951635556605,352.32158100085013,311.6536293652935,false,EIA
1992,DEU,39.181953402782995,313.9646266169349,274.7826732141519,false,EIA
1993,DEU,35.276958046806584,285.9756599028706,250.698701856064,false,EIA
1994,DEU,30.302963962139067,264.69968520536634,234.39672124322726,false,EIA
1995,DEU,31.685962317405487,251.61370076789916,219.92773845049368,false,EIA
1996,DEU,28.771965782881736,240.39571410891313,211.62374832603138,false,EIA
1997,DEU,27.027967856934783,228.37172840846208,201.34376055152728,false,EIA
1998,DEU,23.630971896819073,211.3737486233436,187.74277672652454,false,EIA
1999,DEU,23.820971670861457,205.12975604902405,181.30878437816258,false,EIA
2000,DEU,18.861977568355183,205.06675612394704,186.20477855559187,false,EIA
2001,DEU,17.111979649543734,206.03275497513113,188.92077532558739,false,EIA
2002,DEU,17.960978639869975,210.98674908358365,193.02577044371367,false,EIA
2003,DEU,17.273979456885137,207.83675282972285,190.5627733728377,false,EIA
2004,DEU,16.634980216816267,211.0767489765514,194.4417687597351,false,EIA
2005,DEU,15.170981957879148,205.92475510357013,190.75377314569099,false,EIA
2006,DEU,13.112984405356881,200.0827620511722,186.96977764581533,false,EIA
2007,DEU,13.752983644236497,204.59375668646274,190.84077304222623,false,EIA
2008,DEU,10.553987448649169,194.45576874308534,183.90178129443618,false,EIA
2009,DEU,9.063989220632562,184.8277801931901,175.76379097255756,false,EIA
2010,DEU,8.144990313553864,183.51078175943326,175.36579144587938,false,EIA
2011,DEU,7.303991313713618,189.46177468220282,182.1577833684892,false,EIA
2012,DEU,6.315992488693211,196.98976572952432,190.6737732408311,false,EIA
2013,DEU,4.755994343924146,190.95577290546242,186.19977856153827,false,EIA
2014,DEU,4.738994364141407,186.51477818692436,181.77578382278296,false,EIA
2015,DEU,3.8429954297099442,184.71378032876467,180.87078489905474,false,EIA
2016,DEU,2.1639974264617017,175.62479113786335,173.46079371140166,false,EIA
2017,DEU,2.284997282562379,175.12179173605645,172.83679445349406,false,EIA
2018,DEU,1.464998257747871,169.01879899405284,167.55380073630496,false,EIA
2019,DEU,0.0,131.3138438347467,131.3138438347467,false,EIA
2020,DEU,0.0,107.37713230152912,107.37713230152912,false,EIA
2021,DEU,0.0,126.25644284927101,126.25644284927101,false,EIA
2022,DEU,0.0,130.80084444483228,130.80084444483228,false,EIA
2023,DEU,0.0,102.2543673937876,102.2543673937876,false,EIA
2024,DEU,0.0,91.94085699999847,91.94085699999847,false,EIA
1990,DEUW,17.8307787947104,173.6081935361065,155.77741474139611,false,EIA
1991,DEUW,,,,false,EIA
1992,DEUW,,,,false,EIA
1993,DEUW,,,,false,EIA
1994,DEUW,,,,false,EIA
1995,DEUW,,,,false,EIA
1996,DEUW,,,,false,EIA
1997,DEUW,,,,false,EIA
1998,DEUW,,,,false,EIA
1999,DEUW,,,,false,EIA
2000,DEUW,,,,false,EIA
2001,DEUW,,,,false,EIA
2002,DEUW,,,,false,EIA
2003,DEUW,,,,false,EIA
2004,DEUW,,,,false,EIA
2005,DEUW,,,,false,EIA
2006,DEUW,,,,false,EIA
2007,DEUW,,,,false,EIA
2008,DEUW,,,,false,EIA
2009,DEUW,,,,false,EIA
2010,DEUW,,,,false,EIA
2011,DEUW,,,,false,EIA
2012,DEUW,,,,false,EIA
2013,DEUW,,,,false,EIA
2014,DEUW,,,,false,EIA
2015,DEUW,,,,false,EIA
2016,DEUW,,,,false,EIA
2017,DEUW,,,,false,EIA
2018,DEUW,,,,false,EIA
2019,DEUW,,,,false,EIA
2020,DEUW,,,,false,EIA
2021,DEUW,,,,false,EIA
2022,DEUW,,,,false,EIA
2023,DEUW,,,,false,EIA
1990,DZA,0.0,0.01074999628740345,0.01074999628740345,false,EIA
1991,DZA,0.0,0.012499998742138599,0.012499998742138599,false,EIA
1992,DZA,0.0,0.0150000003049358,0.0150000003049358,false,EIA
1993,DZA,0.0,0.0200000034305302,0.0200000034305302,false,EIA
1994,DZA,0.0,0.0229999726472362,0.0229999726472362,false,EIA
1995,DZA,0.0,0.022000001052029,0.022000001052029,false,EIA
1996,DZA,0.0,0.0120000038726876,0.0120000038726876,false,EIA
1997,DZA,0.0,0.0109999869182434,0.0109999869182434,false,EIA
1998,DZA,0.0,0.0055000025309691,0.0055000025309691,false,EIA
1999,DZA,0.0,0.0009000070943371109,0.0009000070943371109,false,EIA
2000,DZA,0.0,0.0,0.0,false,EIA
2001,DZA,0.0,0.0,0.0,false,EIA
2002,DZA,0.0,0.0,0.0,false,EIA
2003,DZA,0.0,0.0,0.0,false,EIA
2004,DZA,0.0,0.0,0.0,false,EIA
2005,DZA,0.0,0.0,0.0,false,EIA
2006,DZA,0.0,0.0,0.0,false,EIA
2007,DZA,0.0,0.0,0.0,false,EIA
2008,DZA,0.0,0.0,0.0,false,EIA
2009,DZA,0.0,0.0,0.0,false,EIA
2010,DZA,0.0,0.0,0.0,false,EIA
2011,DZA,0.0,0.0,0.0,false,EIA
2012,DZA,0.0,0.0,0.0,false,EIA
2013,DZA,0.0,0.0,0.0,false,EIA
2014,DZA,0.0,0.0,0.0,false,EIA
2015,DZA,0.0,0.0,0.0,false,EIA
2016,DZA,0.0,0.0,0.0,false,EIA
2017,DZA,0.0,0.0,0.0,false,EIA
2018,DZA,0.0,0.0,0.0,false,EIA
2019,DZA,0.0,0.0,0.0,false,EIA
2020,DZA,0.0,0.0,0.0,false,EIA
2021,DZA,0.0,0.0,0.0,false,EIA
2022,DZA,0.0,0.0,0.0,false,EIA
2023,DZA,0.0,0.0,0.0,false,EIA
2024,DZA,0.0,0.0,0.0,false,EIA
1990,EGY,0.0,0.0,0.0,false,EIA
1991,EGY,0.0,0.0,0.0,false,EIA
1992,EGY,0.0,0.0,0.0,false,EIA
1993,EGY,0.0,0.0,0.0,false,EIA
1994,EGY,0.0,0.0,0.0,false,EIA
1995,EGY,0.0,0.0,0.0,false,EIA
1996,EGY,0.0,0.0,0.0,false,EIA
1997,EGY,0.0,0.0,0.0,false,EIA
1998,EGY,0.0,0.0,0.0,false,EIA
1999,EGY,0.0,0.038999953619226604,0.038999953619226604,false,EIA
2000,EGY,0.0,0.0579999310234652,0.0579999310234652,false,EIA
2001,EGY,0.0,0.0503332764983356,0.0503332764983356,false,EIA
2002,EGY,0.0,0.0426666129013586,0.0426666129013586,false,EIA
2003,EGY,0.0,0.037833286828044405,0.037833286828044405,false,EIA
2004,EGY,0.0,0.032999960754730204,0.032999960754730204,false,EIA
2005,EGY,0.0,0.033655519663396395,0.033655519663396395,false,EIA
2006,EGY,0.0,0.0308507584590436,0.0308507584590436,false,EIA
2007,EGY,0.0,0.0280459972546908,0.0280459972546908,false,EIA
2008,EGY,0.0,0.025241236050338,0.025241236050338,false,EIA
2009,EGY,0.0,0.0327125283417086,0.0327125283417086,false,EIA
2010,EGY,0.0,0.0379999548084772,0.0379999548084772,false,EIA
2011,EGY,0.0,0.036215531496744606,0.036215531496744606,false,EIA
2012,EGY,0.0,0.0209999750257374,0.0209999750257374,false,EIA
2013,EGY,0.0,0.00316736566648502,0.00316736566648502,false,EIA
2014,EGY,0.0,0.0,0.0,false,EIA
2015,EGY,0.0,0.0,0.0,false,EIA
2016,EGY,0.0,0.0,0.0,false,EIA
2017,EGY,0.0,0.0,0.0,false,EIA
2018,EGY,0.0,0.0,0.0,false,EIA
2019,EGY,0.0,0.0,0.0,false,EIA
2020,EGY,0.0,0.0,0.0,false,EIA
2021,EGY,0.0,0.0,0.0,false,EIA
2022,EGY,0.0,0.0,0.0,false,EIA
2023,EGY,0.0,0.0,0.0,false,EIA
2024,EGY,0.0,0.0,0.0,false,EIA
1990,ESP,0.0,35.68195756516009,35.68195756516009,false,EIA
1991,ESP,0.0,33.561960086371364,33.561960086371364,false,EIA
1992,ESP,0.0,33.47096019459317,33.47096019459317,false,EIA
1993,ESP,0.0,31.5829624398983,31.5829624398983,false,EIA
1994,ESP,0.0,29.63296475893697,29.63296475893697,false,EIA
1995,ESP,0.0,28.304966338261767,28.304966338261767,false,EIA
1996,ESP,0.0,26.989967902126306,26.989967902126306,false,EIA
1997,ESP,0.0,26.489968496751608,26.489968496751608,false,EIA
1998,ESP,0.0,26.137968915367814,26.137968915367814,false,EIA
1999,ESP,0.0,24.298971102399673,24.298971102399673,false,EIA
2000,ESP,0.0,23.470972087099167,23.470972087099167,false,EIA
2001,ESP,0.0,22.677973030174893,22.677973030174893,false,EIA
2002,ESP,0.0,22.03397379605228,22.03397379605228,false,EIA
2003,ESP,0.0,20.561975546629164,20.561975546629164,false,EIA
2004,ESP,0.0,20.486975635822958,20.486975635822958,false,EIA
2005,ESP,0.0,19.48097683220906,19.48097683220906,false,EIA
2006,ESP,0.0,18.446978061894182,18.446978061894182,false,EIA
2007,ESP,0.0,17.181979566296192,17.181979566296192,false,EIA
2008,ESP,0.0,10.186987885104138,10.186987885104138,false,EIA
2009,ESP,0.0,9.444988767528082,9.444988767528082,false,EIA
2010,ESP,0.0,8.429989974617442,8.429989974617442,false,EIA
2011,ESP,0.0,6.620992125971778,6.620992125971778,false,EIA
2012,ESP,0.0,6.180992649242042,6.180992649242042,false,EIA
2013,ESP,0.0,4.40099476610811,4.40099476610811,false,EIA
2014,ESP,0.0,3.8989953631119105,3.8989953631119105,false,EIA
2015,ESP,0.0,3.0639963561361614,3.0639963561361614,false,EIA
2016,ESP,0.0,1.9841556403389082,1.9841556403389082,false,EIA
2017,ESP,0.0,2.9769964596009637,2.9769964596009637,false,EIA
2018,ESP,0.0,2.4009971446093097,2.4009971446093097,false,EIA
2019,ESP,0.0,0.0,0.0,false,EIA
2020,ESP,0.0,0.0,0.0,false,EIA
2021,ESP,0.0,0.0,0.0,false,EIA
2022,ESP,0.0,0.0,0.0,false,EIA
2023,ESP,0.0,0.0,0.0,false,EIA
2024,ESP,0.0,0.0,0.0,false,EIA
1990,ETH,0.0,0.0,0.0,false,EIA
1991,ETH,0.0,0.0,0.0,false,EIA
1992,ETH,0.0,0.0,0.0,false,EIA
1993,ETH,0.0,0.0,0.0,false,EIA
1994,ETH,0.0,0.0,0.0,false,EIA
1995,ETH,0.0,0.0,0.0,false,EIA
1996,ETH,0.0,0.0,0.0,false,EIA
1997,ETH,0.0,0.0,0.0,false,EIA
1998,ETH,0.0,0.0,0.0,false,EIA
1999,ETH,0.0,0.0,0.0,false,EIA
2000,ETH,0.0,0.0,0.0,false,EIA
2001,ETH,0.0,0.0,0.0,false,EIA
2002,ETH,0.0,0.0,0.0,false,EIA
2003,ETH,0.0,0.0,0.0,false,EIA
2004,ETH,0.0,0.0,0.0,false,EIA
2005,ETH,0.0,0.0,0.0,false,EIA
2006,ETH,0.0,0.0,0.0,false,EIA
2007,ETH,0.0,0.0,0.0,false,EIA
2008,ETH,0.0,0.0,0.0,false,EIA
2009,ETH,0.0,0.0,0.0,false,EIA
2010,ETH,0.0,0.0,0.0,false,EIA
2011,ETH,0.0,0.0,0.0,false,EIA
2012,ETH,0.0,0.0,0.0,false,EIA
2013,ETH,0.0,0.0,0.0,false,EIA
2014,ETH,0.0,0.0,0.0,false,EIA
2015,ETH,0.0,0.0,0.0,false,EIA
2016,ETH,0.0,0.0,0.0,false,EIA
2017,ETH,0.0,0.0,0.0,false,EIA
2018,ETH,0.0,0.0,0.0,false,EIA
2019,ETH,0.0,0.0,0.0,false,EIA
2020,ETH,0.0,0.0,0.0,false,EIA
2021,ETH,0.0,0.0,0.0,false,EIA
2022,ETH,0.0,0.007999990485995201,0.007999990485995201,false,EIA
2023,ETH,0.0,0.45565845810726086,0.45565845810726086,false,EIA
2024,ETH,0.0,1.0733889999999837,1.0733889999999837,false,EIA
1990,FRA,4.180063092005379,12.819984753807299,8.639921661801921,false,EIA
1991,FRA,3.950891929994661,12.092985618392541,8.14209368839788,false,EIA
1992,FRA,3.6492793653753317,11.055986851645422,7.40670748627009,false,EIA
1993,FRA,3.2775349316406692,10.24798781255987,6.970452880919201,false,EIA
1994,FRA,2.9089480028657273,9.038989250363773,6.1300412474980455,false,EIA
1995,FRA,2.7554857896352005,8.414989992456183,5.659504202820983,false,EIA
1996,FRA,2.696330879916713,8.109990355177635,5.413659475260921,false,EIA
1997,FRA,2.2709651751952427,6.808991902392647,4.538026727197404,false,EIA
1998,FRA,1.9332407330367822,5.598993341385891,3.665752608349109,false,EIA
1999,FRA,1.772627511331989,5.0919939443359,3.3193664330039105,false,EIA
2000,FRA,1.2478977986818973,3.4619958828143687,2.2140980841324716,false,EIA
2001,FRA,0.80604877500091,2.2959972694806323,1.4899484944797223,false,EIA
2002,FRA,0.6297629865673471,1.630998060332269,1.0012350737649218,false,EIA
2003,FRA,0.6223392432416366,1.7389979318932076,1.116658688651571,false,EIA
2004,FRA,0.13546278211275892,0.1599998097199029,0.02453702760714399,false,EIA
2005,FRA,0.0,0.0,0.0,false,EIA
2006,FRA,0.0,0.0,0.0,false,EIA
2007,FRA,0.0,0.0,0.0,false,EIA
2008,FRA,0.0,0.0,0.0,false,EIA
2009,FRA,0.0,0.0,0.0,false,EIA
2010,FRA,0.0,0.0,0.0,false,EIA
2011,FRA,0.0,0.0,0.0,false,EIA
2012,FRA,0.0,0.0,0.0,false,EIA
2013,FRA,0.0,0.0,0.0,false,EIA
2014,FRA,0.0,0.0,0.0,false,EIA
2015,FRA,0.0,0.0,0.0,false,EIA
2016,FRA,0.0,0.0,0.0,false,EIA
2017,FRA,0.0,0.0,0.0,false,EIA
2018,FRA,0.0,0.0,0.0,false,EIA
2019,FRA,0.0,0.0,0.0,false,EIA
2020,FRA,0.0,0.0,0.0,false,EIA
2021,FRA,0.0,0.0,0.0,false,EIA
2022,FRA,0.0,0.0,0.0,false,EIA
2023,FRA,0.0,0.0,0.0,false,EIA
2024,FRA,0.0,0.0,0.0,false,EIA
1990,GBR,1.311418017260854,92.76188968273584,91.45047166547499,false,EIA
1991,GBR,1.3419549064750087,94.92188711395455,93.57993220747954,false,EIA
1992,GBR,1.1945154538757392,84.49289951664905,83.29838406277331,false,EIA
1993,GBR,0.9641598645908127,68.19891889429833,67.23475902970752,false,EIA
1994,GBR,0.7038328840401417,49.78494079315888,49.08110790911874,false,EIA
1995,GBR,0.7498078672458971,53.03693692571593,52.28712905847003,false,EIA
1996,GBR,0.7096575129087674,50.19694030318764,49.48728279027887,false,EIA
1997,GBR,0.6855955752039101,48.49494232729216,47.809346752088246,false,EIA
1998,GBR,0.5821377255422499,41.17695103022805,40.59481330468579,false,EIA
1999,GBR,0.5241741858301964,37.076955906155504,36.55278172032531,false,EIA
2000,GBR,0.4410601248625959,31.197962897759783,30.756902772897188,false,EIA
2001,GBR,0.45140873731850395,31.929962027228342,31.478553289909836,false,EIA
2002,GBR,0.42396794937189525,29.988964335563757,29.56499638619186,false,EIA
2003,GBR,0.3997929120773559,28.27896636918228,27.879173457104926,false,EIA
2004,GBR,0.35479341283260807,25.095970154566942,24.741176741734332,false,EIA
2005,GBR,0.28978942366284666,20.4979756227412,20.208186199078355,false,EIA
2006,GBR,0.2617831377678277,18.51697797864664,18.25519484087881,false,EIA
2007,GBR,0.24043559021533972,17.006979774415047,16.766544184199706,false,EIA
2008,GBR,0.2552374990149787,18.05397852926967,17.798741030254693,false,EIA
2009,GBR,0.2526927582471325,17.873978743334778,17.621285985087646,false,EIA
2010,GBR,0.25936563403837376,18.345978182008494,18.08661254797012,false,EIA
2011,GBR,0.26227794847268665,18.55197793702287,18.289699988550183,false,EIA
2012,GBR,0.23987009226692943,16.96697982198507,16.72710972971814,false,EIA
2013,GBR,0.1791588773765441,12.672630542012811,12.493471664636267,false,EIA
2014,GBR,0.09885514610148516,11.647597935728113,11.548742789626628,false,EIA
2015,GBR,0.07218991414799919,8.598009774799557,8.525819860651557,false,EIA
2016,GBR,1.1420995060787837,4.1777914612740386,3.035691955195255,false,EIA
2017,GBR,0.7731628801621092,3.0410608690842156,2.2678979889221065,false,EIA
2018,GBR,0.7854690658793312,2.7823266911123783,1.996857625233047,false,EIA
2019,GBR,0.7423391171717096,2.5913969181759953,1.8490578010042857,false,EIA
2020,GBR,0.5068693972045484,1.6732880100388636,1.1664186128343152,false,EIA
2021,GBR,0.336739599531753,1.0538187467439328,0.7170791472121798,false,EIA
2022,GBR,0.19388976941620117,0.6509392258692144,0.4570494564530132,false,EIA
2023,GBR,0.16007180963427797,0.552924342433612,0.392852532799334,false,EIA
2024,GBR,0.00026999967890233803,0.10650987333291859,0.10623987365401624,false,EIA
1990,GEO,,,,false,EIA
1991,GEO,,,,false,EIA
1992,GEO,0.0,0.1409998323156654,0.1409998323156654,false,EIA
1993,GEO,0.0,0.14999982161241,0.14999982161241,false,EIA
1994,GEO,0.0,0.1839997811778896,0.1839997811778896,false,EIA
1995,GEO,0.0,0.0339999595654796,0.0339999595654796,false,EIA
1996,GEO,0.0,0.015999980971990402,0.015999980971990402,false,EIA
1997,GEO,0.0,0.004999994053747,0.004999994053747,false,EIA
1998,GEO,0.0,0.014999982161241,0.014999982161241,false,EIA
1999,GEO,0.0,0.015999980971990402,0.015999980971990402,false,EIA
2000,GEO,0.0,0.006999991675245801,0.006999991675245801,false,EIA
2001,GEO,0.0,0.0009999988107494001,0.0009999988107494001,false,EIA
2002,GEO,0.0,0.0059999928644964,0.0059999928644964,false,EIA
2003,GEO,0.0,0.007999990485995201,0.007999990485995201,false,EIA
2004,GEO,0.0,0.007999990485995201,0.007999990485995201,false,EIA
2005,GEO,0.0,0.004999994053747,0.004999994053747,false,EIA
2006,GEO,0.0,0.0089999892967446,0.0089999892967446,false,EIA
2007,GEO,0.0,0.013999983350491602,0.013999983350491602,false,EIA
2008,GEO,0.0,0.0109999869182434,0.0109999869182434,false,EIA
2009,GEO,0.0,0.1519998192339088,0.1519998192339088,false,EIA
2010,GEO,0.0,0.104999875128687,0.104999875128687,false,EIA
2011,GEO,0.0,0.13999983350491602,0.13999983350491602,false,EIA
2012,GEO,0.0,0.2539996979303476,0.2539996979303476,false,EIA
2013,GEO,0.0,0.4041995193049075,0.4041995193049075,false,EIA
2014,GEO,0.0,0.2992996440572954,0.2992996440572954,false,EIA
2015,GEO,0.0,0.30589963620824145,0.30589963620824145,false,EIA
2016,GEO,0.0,0.29649964738719714,0.29649964738719714,false,EIA
2017,GEO,0.0,0.2679996812808392,0.2679996812808392,false,EIA
2018,GEO,0.0,0.1389998346941666,0.1389998346941666,false,EIA
2019,GEO,0.0,0.01529998180446582,0.01529998180446582,false,EIA
2020,GEO,0.0,0.09929988190741543,0.09929988190741543,false,EIA
2021,GEO,0.0,0.16160780780758904,0.16160780780758904,false,EIA
2022,GEO,0.0,0.2561069454242993,0.2561069454242993,false,EIA
2023,GEO,0.0,0.14789982410983626,0.14789982410983626,false,EIA
2024,GEO,0.0,0.17778599999999709,0.17778599999999709,false,EIA
1990,GRC,0.0,51.89593828265086,51.89593828265086,false,EIA
1991,GRC,0.0,52.694937332439636,52.694937332439636,false,EIA
1992,GRC,0.0,55.050934530565215,55.050934530565215,false,EIA
1993,GRC,0.0,54.81693480884986,54.81693480884986,false,EIA
1994,GRC,0.0,56.671932602789994,56.671932602789994,false,EIA
1995,GRC,0.0,57.6619314254319,57.6619314254319,false,EIA
1996,GRC,0.0,59.78092890540989,59.78092890540989,false,EIA
1997,GRC,0.0,58.8439300197377,58.8439300197377,false,EIA
1998,GRC,0.0,60.88392759366647,60.88392759366647,false,EIA
1999,GRC,0.0,62.05092620581102,62.05092620581102,false,EIA
2000,GRC,0.0,63.88692402234692,63.88692402234692,false,EIA
2001,GRC,0.0,66.34392110035819,66.34392110035819,false,EIA
2002,GRC,0.0,70.46791619588872,70.46791619588872,false,EIA
2003,GRC,0.0,68.29891877537327,68.29891877537327,false,EIA
2004,GRC,0.0,70.04091670369873,70.04091670369873,false,EIA
2005,GRC,0.0,69.39791746838686,69.39791746838686,false,EIA
2006,GRC,0.0,64.78692295202138,64.78692295202138,false,EIA
2007,GRC,0.0,66.30792114317121,66.30792114317121,false,EIA
2008,GRC,0.0,65.71992184245057,65.71992184245057,false,EIA
2009,GRC,0.0,64.89292282596081,64.89292282596081,false,EIA
2010,GRC,0.0,56.519932783556094,56.519932783556094,false,EIA
2011,GRC,0.0,58.665930231424305,58.665930231424305,false,EIA
2012,GRC,0.0,62.955925129539224,62.955925129539224,false,EIA
2013,GRC,0.0,53.92393587085065,53.92393587085065,false,EIA
2014,GRC,0.0,50.84493953255324,50.84493953255324,false,EIA
2015,GRC,0.0,46.245945001916745,46.245945001916745,false,EIA
2016,GRC,0.0,32.637961185238915,32.637961185238915,false,EIA
2017,GRC,0.0,37.731303127971756,37.731303127971756,false,EIA
2018,GRC,0.0,36.48875660567271,36.48875660567271,false,EIA
2019,GRC,0.0,27.37541744372966,27.37541744372966,false,EIA
2020,GRC,0.0,14.053583286747768,14.053583286747768,false,EIA
2021,GRC,0.0,12.095226615727384,12.095226615727384,false,EIA
2022,GRC,0.0,13.703109703549183,13.703109703549183,false,EIA
2023,GRC,0.0,10.468587550211168,10.468587550211168,false,EIA
2024,GRC,0.0,6.31707200000005,6.31707200000005,false,EIA
1990,HRV,,,,false,EIA
1991,HRV,,,,false,EIA
1992,HRV,0.0,0.119999857289928,0.119999857289928,false,EIA
1993,HRV,0.0,0.1159998620469304,0.1159998620469304,false,EIA
1994,HRV,0.0,0.1029998775071882,0.1029998775071882,false,EIA
1995,HRV,0.0,0.08199990248145081,0.08199990248145081,false,EIA
1996,HRV,0.0,0.06599992150946041,0.06599992150946041,false,EIA
1997,HRV,0.0,0.0489999417267206,0.0489999417267206,false,EIA
1998,HRV,0.0,0.0509999393482194,0.0509999393482194,false,EIA
1999,HRV,0.0,0.014999982161241,0.014999982161241,false,EIA
2000,HRV,0.0,0.0,0.0,false,EIA
2001,HRV,0.0,0.0,0.0,false,EIA
2002,HRV,0.0,0.0,0.0,false,EIA
2003,HRV,0.0,0.0,0.0,false,EIA
2004,HRV,0.0,0.0,0.0,false,EIA
2005,HRV,0.0,0.0,0.0,false,EIA
2006,HRV,0.0,0.0,0.0,false,EIA
2007,HRV,0.0,0.0,0.0,false,EIA
2008,HRV,0.0,0.0,0.0,false,EIA
2009,HRV,0.0,0.0,0.0,false,EIA
2010,HRV,0.0,0.0,0.0,false,EIA
2011,HRV,0.0,0.0,0.0,false,EIA
2012,HRV,0.0,0.0,0.0,false,EIA
2013,HRV,0.0,0.0,0.0,false,EIA
2014,HRV,0.0,0.0,0.0,false,EIA
2015,HRV,0.0,0.0,0.0,false,EIA
2016,HRV,0.0,0.0,0.0,false,EIA
2017,HRV,0.0,0.0,0.0,false,EIA
2018,HRV,0.0,0.0,0.0,false,EIA
2019,HRV,0.0,0.0,0.0,false,EIA
2020,HRV,0.0,0.0,0.0,false,EIA
2021,HRV,0.0,0.0,0.0,false,EIA
2022,HRV,0.0,0.0,0.0,false,EIA
2023,HRV,0.0,0.0,0.0,false,EIA
2024,HRV,0.0,0.0,0.0,false,EIA
1990,HUN,0.0,17.829978795661802,17.829978795661802,false,EIA
1991,HUN,0.0,17.13497962219097,17.13497962219097,false,EIA
1992,HUN,0.0,15.843981157513493,15.843981157513493,false,EIA
1993,HUN,0.0,14.831982361035102,14.831982361035102,false,EIA
1994,HUN,0.0,14.08398325059455,14.08398325059455,false,EIA
1995,HUN,0.0,14.771982432390137,14.771982432390137,false,EIA
1996,HUN,0.0,15.258981853225094,15.258981853225094,false,EIA
1997,HUN,0.0,15.763981252653544,15.763981252653544,false,EIA
1998,HUN,0.0,14.667982556072198,14.667982556072198,false,EIA
1999,HUN,0.0,14.546982699971522,14.546982699971522,false,EIA
2000,HUN,0.0,14.03298331124633,14.03298331124633,false,EIA
2001,HUN,0.0,13.913983452767152,13.913983452767152,false,EIA
2002,HUN,0.0,13.026984507632434,13.026984507632434,false,EIA
2003,HUN,0.0,13.30098418177777,13.30098418177777,false,EIA
2004,HUN,0.0,11.241986630444755,11.241986630444755,false,EIA
2005,HUN,0.0,9.569988618871758,9.569988618871758,false,EIA
2006,HUN,0.0,9.95198816457803,9.95198816457803,false,EIA
2007,HUN,0.0,9.817988323937609,9.817988323937609,false,EIA
2008,HUN,0.0,9.403988816287358,9.403988816287358,false,EIA
2009,HUN,0.0,8.985989313394107,8.985989313394107,false,EIA
2010,HUN,0.0,9.112989162359284,9.112989162359284,false,EIA
2011,HUN,0.0,9.554988636710517,9.554988636710517,false,EIA
2012,HUN,0.0,9.289988951861925,9.289988951861925,false,EIA
2013,HUN,0.0,9.557988633142767,9.557988633142767,false,EIA
2014,HUN,0.0,9.550988641467521,9.550988641467521,false,EIA
2015,HUN,0.0,9.260988986350192,9.260988986350192,false,EIA
2016,HUN,0.0,9.215989039866468,9.215989039866468,false,EIA
2017,HUN,0.0,7.971990519294216,7.971990519294216,false,EIA
2018,HUN,0.0,7.897990607298762,7.897990607298762,false,EIA
2019,HUN,0.0,6.846991857201142,6.846991857201142,false,EIA
2020,HUN,0.0,6.124992715840075,6.124992715840075,false,EIA
2021,HUN,0.0,4.987994068018007,4.987994068018007,false,EIA
2022,HUN,0.0,4.927994139373044,4.927994139373044,false,EIA
2023,HUN,0.0,4.071995157371557,4.071995157371557,false,EIA
2024,HUN,0.0,3.890000000000028,3.890000000000028,false,EIA
1990,IDN,0.0,11.943150532457022,11.943150532457022,false,EIA
1991,IDN,0.0,15.764188090774352,15.764188090774352,false,EIA
1992,IDN,0.0,22.464000985560283,22.464000985560283,false,EIA
1993,IDN,0.0,29.394001290641153,29.394001290641153,false,EIA
1994,IDN,0.0,32.3386014283982,32.3386014283982,false,EIA
1995,IDN,0.006165480124336658,43.050561979813416,43.04439649968908,false,EIA
1996,IDN,0.0182841110830346,53.159511001351625,53.14122689026859,false,EIA
1997,IDN,0.03478692321489416,59.27212960847694,59.23734268526204,false,EIA
1998,IDN,0.05207930368629486,69.32926326040494,69.27718395671864,false,EIA
1999,IDN,0.08945461408199852,83.7689157181595,83.6794611040775,false,EIA
2000,IDN,0.10236400589317726,85.03615189378189,84.93378788788871,false,EIA
2001,IDN,0.13483390411072818,103.73845222009452,103.60361831598378,false,EIA
2002,IDN,0.14403614505736562,111.8615763242012,111.71754017914382,false,EIA
2003,IDN,0.16561411982794433,128.43438855877923,128.26877443895128,false,EIA
2004,IDN,0.19444083125032188,153.27358572444888,153.07914489319856,false,EIA
2005,IDN,1.0309488859162694,180.57647019250098,179.5455213065847,false,EIA
2006,IDN,1.114702335034903,226.52373060619328,225.40902827115838,false,EIA
2007,IDN,1.2688327656827783,260.5676901193475,259.29885735366474,false,EIA
2008,IDN,1.3288678039025206,276.487671186481,275.15880338257847,false,EIA
2009,IDN,1.3745881789190273,296.7386471029666,295.3640589240475,false,EIA
2010,IDN,1.2820065534100604,360.46357131796907,359.181564764559,false,EIA
2011,IDN,1.2411580772437947,353.27051687232984,352.02935879508607,false,EIA
2012,IDN,1.3167453550501231,386.0768978572606,384.7601525022105,false,EIA
2013,IDN,1.5303179020607096,474.3708048876855,472.8404869856248,false,EIA
2014,IDN,1.514686494731912,458.09616226882935,456.58147577409744,false,EIA
2015,IDN,1.5533155705115047,461.5655311323216,460.0122155618101,false,EIA
2016,IDN,1.5998345467570612,456.19723245721997,454.5973979104629,false,EIA
2017,IDN,1.6463535230027084,461.2476354648129,459.6012819418102,false,EIA
2018,IDN,1.692872499248356,557.7722766682004,556.0794041689521,false,EIA
2019,IDN,1.87007930472683,616.1588612318386,614.2887819271118,false,EIA
2020,IDN,3.9999952429976,563.7275845858345,559.727589342837,false,EIA
2021,IDN,4.356634818863267,613.9895258117286,609.6328909928653,false,EIA
2022,IDN,5.9999928644964005,693.4315593351213,687.4315664706248,false,EIA
2023,IDN,6.077992771734853,781.2589258862487,775.1809331145138,false,EIA
2024,IDN,6.55485899999998,836.0000000000056,829.4451410000056,false,EIA
1990,IND,36.08795708232435,219.4467390225236,183.35878194019924,false,EIA
1991,IND,36.025957156057885,238.93371584759714,202.90775869153924,false,EIA
1992,IND,35.4939577887392,248.9027039919579,213.4087462032187,false,EIA
1993,IND,34.09395945369004,256.2196952902113,222.12573583652124,false,EIA
1994,IND,30.98696314869166,266.0966835439831,235.10972039529142,false,EIA
1995,IND,28.80296574601497,284.44966171766686,255.6466959716519,false,EIA
1996,IND,29.310965141875663,300.73164235428857,271.4206772124129,false,EIA
1997,IND,31.786962197291178,311.5776294556765,279.7906672583853,false,EIA
1998,IND,27.915966800880252,314.5536259164668,286.63765911558653,false,EIA
1999,IND,23.934971535286888,317.529622377257,293.5946508419701,false,EIA
2000,IND,22.087973731832747,329.1306085807608,307.04263484892806,false,EIA
2001,IND,20.56497554306141,344.4965903067361,323.9316147636747,false,EIA
2002,IND,21.890973966115116,358.98557307568416,337.09459910956906,false,EIA
2003,IND,21.78097409693268,381.5835462009991,359.80257210406637,false,EIA
2004,IND,22.421973334623047,405.2235180871149,382.80154475249185,false,EIA
2005,IND,23.583971952713853,429.3394894071474,405.7555174544336,false,EIA
2006,IND,23.679971838545793,453.69946043700276,430.019488598457,false,EIA
2007,IND,25.5809695777804,482.1874265576317,456.60645697985126,false,EIA
2008,IND,26.734968205385208,494.35291399035555,467.61794578497035,false,EIA
2009,IND,36.143957015726315,497.64441197648927,461.50045496076297,false,EIA
2010,IND,38.78795387134773,524.5483761707152,485.76042229936746,false,EIA
2011,IND,41.43195072696914,535.9221126603519,494.49016193338275,false,EIA
2012,IND,44.3279472828994,552.2868431917592,507.9588959088598,false,EIA
2013,IND,45.03083612412,563.426829943504,518.395993819384,false,EIA
2014,IND,45.225880843220004,598.3267884386589,553.1009075954389,false,EIA
2015,IND,47.882117761939995,631.7167487295841,583.8346309676441,false,EIA
2016,IND,49.08504472718,653.2092231696156,604.1241784424356,false,EIA
2017,IND,30.295434392300002,671.0167019920356,640.7212675997356,false,EIA
2018,IND,31.692498891899998,715.3891492220133,683.6966503301134,false,EIA
2019,IND,42.81639817378,730.3316314516317,687.5152332778516,false,EIA
2020,IND,34.05390077012,719.7766440041781,685.7227432340582,false,EIA
2021,IND,47.67994329653139,766.549088379955,718.8691450834236,false,EIA
2022,IND,59.07992973907455,863.2089734269923,804.1290436879177,false,EIA
2023,IND,64.98992271060351,968.8288478183364,903.8389251077328,false,EIA
2024,IND,60.3405210000004,1012.9458381122032,952.6053171122028,false,EIA
1990,IRL,0.0,0.024999970268735003,0.024999970268735003,false,EIA
1991,IRL,0.0,0.0,0.0,false,EIA
1992,IRL,0.0,0.0,0.0,false,EIA
1993,IRL,0.0,0.0,0.0,false,EIA
1994,IRL,0.0,0.0,0.0,false,EIA
1995,IRL,0.0,0.0,0.0,false,EIA
1996,IRL,0.0,0.0,0.0,false,EIA
1997,IRL,0.0,0.0,0.0,false,EIA
1998,IRL,0.0,0.0,0.0,false,EIA
1999,IRL,0.0,0.0,0.0,false,EIA
2000,IRL,0.0,0.0,0.0,false,EIA
2001,IRL,0.0,0.0,0.0,false,EIA
2002,IRL,0.0,0.0,0.0,false,EIA
2003,IRL,0.0,0.0,0.0,false,EIA
2004,IRL,0.0,0.0,0.0,false,EIA
2005,IRL,0.0,0.0,0.0,false,EIA
2006,IRL,0.0,0.0,0.0,false,EIA
2007,IRL,0.0,0.0,0.0,false,EIA
2008,IRL,0.0,0.0,0.0,false,EIA
2009,IRL,0.0,0.0,0.0,false,EIA
2010,IRL,0.0,0.0,0.0,false,EIA
2011,IRL,0.0,0.0,0.0,false,EIA
2012,IRL,0.0,0.0,0.0,false,EIA
2013,IRL,0.0,0.0,0.0,false,EIA
2014,IRL,0.0,0.0,0.0,false,EIA
2015,IRL,0.0,0.0,0.0,false,EIA
2016,IRL,0.0,0.0,0.0,false,EIA
2017,IRL,0.0,0.0,0.0,false,EIA
2018,IRL,0.0,0.0,0.0,false,EIA
2019,IRL,0.0,0.0,0.0,false,EIA
2020,IRL,0.0,0.0,0.0,false,EIA
2021,IRL,0.0,0.0,0.0,false,EIA
2022,IRL,0.0,0.0,0.0,false,EIA
2023,IRL,0.0,0.0,0.0,false,EIA
2024,IRL,0.0,0.0,0.0,false,EIA
1990,IRN,1.046998754854622,1.1509986311725595,0.1039998763179375,false,EIA
1991,IRN,0.779999072384532,0.8579989796229852,0.07799990723845318,false,EIA
1992,IRN,0.8960001319153192,0.9710000427215242,0.07499991080620494,false,EIA
1993,IRN,1.0559987441513665,1.1339986513898195,0.07799990723845296,false,EIA
1994,IRN,1.0355119998204365,1.1119986775533328,0.0764866777328963,false,EIA
1995,IRN,1.0559987441513665,1.1339986513898195,0.07799990723845296,false,EIA
1996,IRN,1.0355119998204365,1.1119986775533328,0.0764866777328963,false,EIA
1997,IRN,1.1261520110115706,1.2100000578615904,0.08384804685001979,false,EIA
1998,IRN,1.144435267327519,1.2299985372217783,0.08556326989425922,false,EIA
1999,IRN,0.9527214501094213,1.039998763179414,0.08727731306999276,false,EIA
2000,IRN,1.0583211892769209,1.147998634740343,0.08967744546342216,false,EIA
2001,IRN,1.0204848840684362,1.1139986751748587,0.09351379110642255,false,EIA
2002,IRN,0.9359988868614385,1.0319987726933808,0.0959998858319423,false,EIA
2003,IRN,1.046057867766173,1.1429986406866006,0.09694077292042769,false,EIA
2004,IRN,1.1247931385814727,1.2239985443572745,0.09920540577580184,false,EIA
2005,IRN,1.2545283487449923,1.3559983873761592,0.10147003863116688,false,EIA
2006,IRN,1.2242637491886983,1.3279984206752395,0.10373467148654125,false,EIA
2007,IRN,1.3279989902727332,1.4339982946146488,0.10599930434191562,false,EIA
2008,IRN,1.2827344085551076,1.3909983457523973,0.10826393719728977,false,EIA
2009,IRN,1.0479987536653712,1.1519986299833087,0.1039998763179375,false,EIA
2010,IRN,0.9839988297774096,1.0889987049060967,0.10499987512868714,false,EIA
2011,IRN,1.0519987489083686,1.1639986157123017,0.11199986680393303,false,EIA
2012,IRN,0.9369988856721878,1.0409987619901253,0.1039998763179375,false,EIA
2013,IRN,0.9985044389067318,1.1049986858780778,0.10649424697134602,false,EIA
2014,IRN,0.9393274123335423,1.0749987215556502,0.1356713092221079,false,EIA
2015,IRN,1.0969986953920918,1.2059985657637764,0.10899987037168457,false,EIA
2016,IRN,1.2139985562497717,1.334998412350449,0.12099985610067732,false,EIA
2017,IRN,1.4348962935466925,1.5778041235932678,0.14290783004657537,false,EIA
2018,IRN,1.557799147384226,1.712946962874374,0.155147815490148,false,EIA
2019,IRN,1.3725453676976567,1.5153801978310473,0.1428348301333906,false,EIA
2020,IRN,1.39672933893682,1.542081166076867,0.1453518271400469,false,EIA
2021,IRN,1.4861269326205517,1.6421646470523856,0.1560377144318339,false,EIA
2022,IRN,1.4969982196918519,1.6459980424935126,0.1489998228016607,false,EIA
2023,IRN,1.6550530317248484,1.819886835695915,0.16483380397106662,false,EIA
2024,IRN,1.7925300000000064,1.9710550000000095,0.17852500000000315,false,EIA
1990,ITA,0.0,0.9559988630764263,0.9559988630764263,false,EIA
1991,ITA,0.0,0.939998882104436,0.939998882104436,false,EIA
1992,ITA,0.0,0.7139991508750716,0.7139991508750716,false,EIA
1993,ITA,0.0,0.619999262664628,0.619999262664628,false,EIA
1994,ITA,0.0,0.2669996824700898,0.2669996824700898,false,EIA
1995,ITA,0.0,0.17199979544889682,0.17199979544889682,false,EIA
1996,ITA,0.0,0.1369998370726678,0.1369998370726678,false,EIA
1997,ITA,0.0,0.21599974312187042,0.21599974312187042,false,EIA
1998,ITA,0.0,0.1889997752316366,0.1889997752316366,false,EIA
1999,ITA,0.0,0.114999863236181,0.114999863236181,false,EIA
2000,ITA,0.0,0.13999983350491602,0.13999983350491602,false,EIA
2001,ITA,0.0,0.1389998346941666,0.1389998346941666,false,EIA
2002,ITA,0.0,0.1629998061521522,0.1629998061521522,false,EIA
2003,ITA,0.0,0.1703331307643175,0.1703331307643175,false,EIA
2004,ITA,0.0,0.17348982219275072,0.17348982219275072,false,EIA
2005,ITA,0.0,0.17664651362119302,0.17664651362119302,false,EIA
2006,ITA,0.0,0.16732316285979912,0.16732316285979912,false,EIA
2007,ITA,0.0,0.1579998120984052,0.1579998120984052,false,EIA
2008,ITA,0.0,0.11699986085767981,0.11699986085767981,false,EIA
2009,ITA,0.0,0.0719999143739568,0.0719999143739568,false,EIA
2010,ITA,0.0,0.1009998798856894,0.1009998798856894,false,EIA
2011,ITA,0.0,0.0919998905889448,0.0919998905889448,false,EIA
2012,ITA,0.0,0.079999904859952,0.079999904859952,false,EIA
2013,ITA,0.0,0.07299991318470621,0.07299991318470621,false,EIA
2014,ITA,0.0,0.08599989772444841,0.08599989772444841,false,EIA
2015,ITA,0.0,0.0809999036707014,0.0809999036707014,false,EIA
2016,ITA,0.0,0.0,0.0,false,EIA
2017,ITA,0.0,0.0,0.0,false,EIA
2018,ITA,0.0,0.0,0.0,false,EIA
2019,ITA,0.0,0.0,0.0,false,EIA
2020,ITA,0.0,0.0,0.0,false,EIA
2021,ITA,0.0,0.0,0.0,false,EIA
2022,ITA,0.0,0.0,0.0,false,EIA
2023,ITA,0.0,0.0,0.0,false,EIA
2024,ITA,0.0,0.0,0.0,false,EIA
1990,JPN,0.0,7.978990510969463,7.978990510969463,false,EIA
1991,JPN,0.0,7.929990569242742,7.929990569242742,false,EIA
1992,JPN,0.0,7.60099096050619,7.60099096050619,false,EIA
1993,JPN,0.0,7.205991430260177,7.205991430260177,false,EIA
1994,JPN,0.0,6.741991982072455,6.741991982072455,false,EIA
1995,JPN,0.0,6.31699248750396,6.31699248750396,false,EIA
1996,JPN,0.0,6.1659926670808005,6.1659926670808005,false,EIA
1997,JPN,0.0,3.969995278675118,3.969995278675118,false,EIA
1998,JPN,0.0,3.6989956009620304,3.6989956009620304,false,EIA
1999,JPN,0.0,3.6889956128545363,3.6889956128545363,false,EIA
2000,JPN,0.0,2.9639964750612218,2.9639964750612218,false,EIA
2001,JPN,0.0,2.8219966439348068,2.8219966439348068,false,EIA
2002,JPN,0.0,1.284998471812979,1.284998471812979,false,EIA
2003,JPN,0.0,1.3549983885654369,1.3549983885654369,false,EIA
2004,JPN,0.0,1.2719984872732368,1.2719984872732368,false,EIA
2005,JPN,0.0,1.2489985146260005,1.2489985146260005,false,EIA
2006,JPN,0.0,1.3509983933224394,1.3509983933224394,false,EIA
2007,JPN,0.0,1.279998477759232,1.279998477759232,false,EIA
2008,JPN,0.0,1.289998465866726,1.289998465866726,false,EIA
2009,JPN,0.0,1.2059985657637764,1.2059985657637764,false,EIA
2010,JPN,0.0,1.144998638308063,1.144998638308063,false,EIA
2011,JPN,0.0,1.194998578845533,1.194998578845533,false,EIA
2012,JPN,0.0,1.2469985170045017,1.2469985170045017,false,EIA
2013,JPN,0.0,1.2509985122474994,1.2509985122474994,false,EIA
2014,JPN,0.0,1.3179984325677092,1.3179984325677092,false,EIA
2015,JPN,0.0,1.264998495597991,1.264998495597991,false,EIA
2016,JPN,0.0,1.287998468245227,1.287998468245227,false,EIA
2017,JPN,0.0,1.3278954207976958,1.3278954207976958,false,EIA
2018,JPN,0.0,0.963677853944171,0.963677853944171,false,EIA
2019,JPN,0.0,0.7751150781928319,0.7751150781928319,false,EIA
2020,JPN,0.0,0.7898690606466285,0.7898690606466285,false,EIA
2021,JPN,0.0,0.67471219759716,0.67471219759716,false,EIA
2022,JPN,0.0,0.680873190270187,0.680873190270187,false,EIA
2023,JPN,0.0,0.6078172771520788,0.6078172771520788,false,EIA
2024,JPN,0.0,0.5182220000000017,0.5182220000000017,false,EIA
1990,KAZ,,,,false,EIA
1991,KAZ,,,,false,EIA
1992,KAZ,13.723024203856353,126.53584950791424,112.81282530405788,false,EIA
1993,KAZ,11.627198172585164,107.21087249018208,95.58367431759692,false,EIA
1994,KAZ,10.824656775039184,99.81088130878021,88.98622453374102,false,EIA
1995,KAZ,8.757895754425586,80.75390396325705,71.99600820883146,false,EIA
1996,KAZ,8.06738478673743,74.38691153521562,66.31952674847818,false,EIA
1997,KAZ,7.610478443666668,70.1739165455284,62.563438101861735,false,EIA
1998,KAZ,7.4950860053061,69.10991781089103,61.614831805584934,false,EIA
1999,KAZ,6.293876739940205,58.03393098303068,51.740054243090476,false,EIA
2000,KAZ,8.121502112223254,74.88591095085143,66.76440883862817,false,EIA
2001,KAZ,8.303700696243569,76.56590894383856,68.262208247595,false,EIA
2002,KAZ,7.700059416864877,70.9999155632074,63.29985614634252,false,EIA
2003,KAZ,8.763643686010075,80.80690390929863,72.04326022328856,false,EIA
2004,KAZ,9.00852726592511,83.06490121489891,74.0563739489738,false,EIA
2005,KAZ,8.978486187990212,82.78790154432133,73.80941535633112,false,EIA
2006,KAZ,10.483468223064145,96.66488504109076,86.1814168180266,false,EIA
2007,KAZ,10.609597365187714,97.82788365799232,87.2182862928046,false,EIA
2008,KAZ,10.735726507311282,98.99088227489386,88.25515576758258,false,EIA
2009,KAZ,10.937771726109982,100.85388005931999,89.91610833321,false,EIA
2010,KAZ,12.030421005912771,110.9288680776202,98.89844707170742,false,EIA
2011,KAZ,12.629181967048616,116.44986152083948,103.82067955379085,false,EIA
2012,KAZ,13.071338892383325,120.52685666319293,107.4555177708096,false,EIA
2013,KAZ,12.96798457779822,119.57385779654875,106.60587321875053,false,EIA
2014,KAZ,12.361848914482115,113.98486444327018,101.62301552878807,false,EIA
2015,KAZ,11.638910941381098,107.31887237081494,95.67996142943385,false,EIA
2016,KAZ,11.178534149330009,103.07387741918348,91.89534326985347,false,EIA
2017,KAZ,10.86105421603011,101.40707940142583,90.54602518539572,false,EIA
2018,KAZ,4.3458948316358175,100.46863374155919,96.12273890992337,false,EIA
2019,KAZ,4.2623949309382425,97.54044788303061,93.27805295209237,false,EIA
2020,KAZ,3.892895370366339,96.0652640988266,92.17236872846027,false,EIA
2021,KAZ,4.143695072102289,83.75676031032727,79.61306523822498,false,EIA
2022,KAZ,4.083695143457325,114.93862656164674,110.85493141818942,false,EIA
2023,KAZ,4.033679291315187,117.70565676825952,113.67197747694433,false,EIA
2024,KAZ,4.137400000000034,112.88813145402462,108.75073145402459,false,EIA
1990,KGZ,,,,false,EIA
1991,KGZ,,,,false,EIA
1992,KGZ,0.0,2.1509974419219593,2.1509974419219593,false,EIA
1993,KGZ,0.0,1.7209979532997175,1.7209979532997175,false,EIA
1994,KGZ,0.0,0.844998995083243,0.844998995083243,false,EIA
1995,KGZ,0.0,0.46299944937697224,0.46299944937697224,false,EIA
1996,KGZ,0.0,0.4089995135965046,0.4089995135965046,false,EIA
1997,KGZ,0.0,0.5219993792111868,0.5219993792111868,false,EIA
1998,KGZ,0.0,0.43199948624374085,0.43199948624374085,false,EIA
1999,KGZ,0.0,0.4169995040824998,0.4169995040824998,false,EIA
2000,KGZ,0.0,0.424999494568495,0.424999494568495,false,EIA
2001,KGZ,0.0,0.4759994339167144,0.4759994339167144,false,EIA
2002,KGZ,0.0,0.45899945413397464,0.45899945413397464,false,EIA
2003,KGZ,0.0,0.41599950527175045,0.41599950527175045,false,EIA
2004,KGZ,0.0,0.4609994517554734,0.4609994517554734,false,EIA
2005,KGZ,0.0,0.334999601601049,0.334999601601049,false,EIA
2006,KGZ,0.0,0.3209996182505574,0.3209996182505574,false,EIA
2007,KGZ,0.0,0.39499953024601303,0.39499953024601303,false,EIA
2008,KGZ,0.0,0.484999423213459,0.484999423213459,false,EIA
2009,KGZ,0.0,0.6069992781248859,0.6069992781248859,false,EIA
2010,KGZ,0.0,0.574999316180905,0.574999316180905,false,EIA
2011,KGZ,0.0,0.8309990117327515,0.8309990117327515,false,EIA
2012,KGZ,0.0,1.1639986157123017,1.1639986157123017,false,EIA
2013,KGZ,0.0,1.4079983255351551,1.4079983255351551,false,EIA
2014,KGZ,0.0,1.8029978557811683,1.8029978557811683,false,EIA
2015,KGZ,0.0,1.8429978082111442,1.8429978082111442,false,EIA
2016,KGZ,0.0,1.8509977986971393,1.8509977986971393,false,EIA
2017,KGZ,0.0,1.8709977749121274,1.8709977749121274,false,EIA
2018,KGZ,0.0,2.3951991515045843,2.3951991515045843,false,EIA
2019,KGZ,0.0,2.605990900820072,2.605990900820072,false,EIA
2020,KGZ,0.0,2.677646815603131,2.677646815603131,false,EIA
2021,KGZ,0.0,2.0498385622253608,2.0498385622253608,false,EIA
2022,KGZ,0.0,3.6365976751688898,3.6365976751688898,false,EIA
2023,KGZ,0.0,3.6848216178184687,3.6848216178184687,false,EIA
2024,KGZ,0.0,4.396322000000003,4.396322000000003,false,EIA
1990,KHM,0.0,0.0,0.0,false,EIA
1991,KHM,0.0,0.0,0.0,false,EIA
1992,KHM,0.0,0.0,0.0,false,EIA
1993,KHM,0.0,0.0,0.0,false,EIA
1994,KHM,0.0,0.0,0.0,false,EIA
1995,KHM,0.0,0.0,0.0,false,EIA
1996,KHM,0.0,0.0,0.0,false,EIA
1997,KHM,0.0,0.0,0.0,false,EIA
1998,KHM,0.0,0.0,0.0,false,EIA
1999,KHM,0.0,0.0,0.0,false,EIA
2000,KHM,0.0,0.0,0.0,false,EIA
2001,KHM,0.0,0.0,0.0,false,EIA
2002,KHM,0.0,0.0,0.0,false,EIA
2003,KHM,0.0,0.0,0.0,false,EIA
2004,KHM,0.0,0.0,0.0,false,EIA
2005,KHM,0.0,0.0,0.0,false,EIA
2006,KHM,0.0,0.0,0.0,false,EIA
2007,KHM,0.0,0.0,0.0,false,EIA
2008,KHM,0.0,0.0,0.0,false,EIA
2009,KHM,0.0,0.0,0.0,false,EIA
2010,KHM,0.0,0.0,0.0,false,EIA
2011,KHM,0.0,0.0,0.0,false,EIA
2012,KHM,0.0,0.0,0.0,false,EIA
2013,KHM,0.0,0.0,0.0,false,EIA
2014,KHM,0.0,0.0,0.0,false,EIA
2015,KHM,0.0,0.0,0.0,false,EIA
2016,KHM,0.0,0.0,0.0,false,EIA
2017,KHM,0.0,0.0,0.0,false,EIA
2018,KHM,0.0,0.0,0.0,false,EIA
2019,KHM,0.0,0.0,0.0,false,EIA
2020,KHM,0.0,0.0,0.0,false,EIA
2021,KHM,0.0,0.0,0.0,false,EIA
2022,KHM,0.0,0.1129998656146822,0.1129998656146822,false,EIA
2023,KHM,0.0,0.026760968174464696,0.026760968174464696,false,EIA
2024,KHM,0.0,0.028814999999999785,0.028814999999999785,false,EIA
1990,KOR,0.0,17.21697952467242,17.21697952467242,false,EIA
1991,KOR,0.0,15.057982092264465,15.057982092264465,false,EIA
1992,KOR,0.0,11.96998576467032,11.96998576467032,false,EIA
1993,KOR,0.0,9.442988769906584,9.442988769906584,false,EIA
1994,KOR,0.0,7.437991154354037,7.437991154354037,false,EIA
1995,KOR,0.0,5.719993197486568,5.719993197486568,false,EIA
1996,KOR,0.0,4.95099411202028,4.95099411202028,false,EIA
1997,KOR,0.0,4.513994631722792,4.513994631722792,false,EIA
1998,KOR,0.0,4.360994813678134,4.360994813678134,false,EIA
1999,KOR,0.0,4.196995008715232,4.196995008715232,false,EIA
2000,KOR,0.0,4.149995064610009,4.149995064610009,false,EIA
2001,KOR,0.0,3.81699546063046,3.81699546063046,false,EIA
2002,KOR,0.0,3.3179960540665094,3.3179960540665094,false,EIA
2003,KOR,0.0,3.297996077851521,3.297996077851521,false,EIA
2004,KOR,0.0,3.1909962051013356,3.1909962051013356,false,EIA
2005,KOR,0.0,2.831996632042301,2.831996632042301,false,EIA
2006,KOR,0.0,2.823996641556306,2.823996641556306,false,EIA
2007,KOR,0.0,2.885996567822769,2.885996567822769,false,EIA
2008,KOR,0.0,2.7729967022080864,2.7729967022080864,false,EIA
2009,KOR,0.0,2.5189970042777388,2.5189970042777388,false,EIA
2010,KOR,0.0,2.08399752160175,2.08399752160175,false,EIA
2011,KOR,0.0,2.08399752160175,2.08399752160175,false,EIA
2012,KOR,0.0,2.093997509709244,2.093997509709244,false,EIA
2013,KOR,0.0,1.8149978415101609,1.8149978415101609,false,EIA
2014,KOR,0.0,1.747997921189951,1.747997921189951,false,EIA
2015,KOR,0.0,1.7639979021619416,1.7639979021619416,false,EIA
2016,KOR,0.0,1.7259979473534643,1.7259979473534643,false,EIA
2017,KOR,0.0,1.4859982327736083,1.4859982327736083,false,EIA
2018,KOR,0.0,1.1399986442543162,1.1399986442543162,false,EIA
2019,KOR,0.0,1.0859987084738485,1.0859987084738485,false,EIA
2020,KOR,0.0,1.0189987881536386,1.0189987881536386,false,EIA
2021,KOR,0.0,0.8979989320529612,0.8979989320529612,false,EIA
2022,KOR,0.0,0.8199990248145079,0.8199990248145079,false,EIA
2023,KOR,0.0,0.6469992305548619,0.6469992305548619,false,EIA
2024,KOR,0.0,0.5440000000000027,0.5440000000000027,false,EIA
1990,LAO,0.0,0.0029999964322482,0.0029999964322482,false,EIA
1991,LAO,0.0,0.004999994053747,0.004999994053747,false,EIA
1992,LAO,0.0,0.0089999892967446,0.0089999892967446,false,EIA
1993,LAO,0.0,0.013999983350491602,0.013999983350491602,false,EIA
1994,LAO,0.0,0.0189999774042386,0.0189999774042386,false,EIA
1995,LAO,0.0,0.0229999726472362,0.0229999726472362,false,EIA
1996,LAO,0.0,0.0506999424265488,0.0506999424265488,false,EIA
1997,LAO,0.0,0.0953998829167538,0.0953998829167538,false,EIA
1998,LAO,0.0,0.15599981447690367,0.15599981447690367,false,EIA
1999,LAO,0.0,0.20999975025737672,0.20999975025737672,false,EIA
2000,LAO,0.0,0.2289997276616126,0.2289997276616126,false,EIA
2001,LAO,0.0,0.24699970625510181,0.24699970625510181,false,EIA
2002,LAO,0.0,0.26499968484859104,0.26499968484859104,false,EIA
2003,LAO,0.0,0.2909996539280754,0.2909996539280754,false,EIA
2004,LAO,0.0,0.3459995885192924,0.3459995885192924,false,EIA
2005,LAO,0.0,0.37099955878802743,0.37099955878802743,false,EIA
2006,LAO,0.0,0.4039995195427576,0.4039995195427576,false,EIA
2007,LAO,0.0,0.4569994565124758,0.4569994565124758,false,EIA
2008,LAO,0.0,0.5039994006176975,0.5039994006176975,false,EIA
2009,LAO,0.0,0.5679993245056592,0.5679993245056592,false,EIA
2010,LAO,0.0,0.7339991270900595,0.7339991270900595,false,EIA
2011,LAO,0.0,0.8459989938939925,0.8459989938939925,false,EIA
2012,LAO,0.0,0.9419988797259348,0.9419988797259348,false,EIA
2013,LAO,0.0,1.054998745340617,1.054998745340617,false,EIA
2014,LAO,0.0,1.1679986109552993,1.1679986109552993,false,EIA
2015,LAO,0.0,4.793994298732624,4.793994298732624,false,EIA
2016,LAO,0.0,13.235984259079057,13.235984259079057,false,EIA
2017,LAO,0.0,13.572783858539458,13.572783858539458,false,EIA
2018,LAO,0.0,16.04618091704702,16.04618091704702,false,EIA
2019,LAO,0.0,15.425037655742898,15.425037655742898,false,EIA
2020,LAO,0.0,14.686841533644122,14.686841533644122,false,EIA
2021,LAO,0.0,14.316575973983184,14.316575973983184,false,EIA
2022,LAO,0.0,14.844982345574843,14.844982345574843,false,EIA
2023,LAO,0.0,16.628980223951775,16.628980223951775,false,EIA
2024,LAO,0.0,18.020838000000435,18.020838000000435,false,EIA
1990,LSO,0.0,0.0,0.0,false,EIA
1991,LSO,0.0,0.0,0.0,false,EIA
1992,LSO,0.0,0.0,0.0,false,EIA
1993,LSO,0.0,0.0,0.0,false,EIA
1994,LSO,0.0,0.0,0.0,false,EIA
1995,LSO,0.0,0.0,0.0,false,EIA
1996,LSO,0.0,0.0,0.0,false,EIA
1997,LSO,0.0,0.0,0.0,false,EIA
1998,LSO,0.0,0.0,0.0,false,EIA
1999,LSO,0.0,0.0,0.0,false,EIA
2000,LSO,0.0,0.0,0.0,false,EIA
2001,LSO,0.0,0.0,0.0,false,EIA
2002,LSO,0.0,0.0,0.0,false,EIA
2003,LSO,0.0,0.0,0.0,false,EIA
2004,LSO,0.0,0.0,0.0,false,EIA
2005,LSO,0.0,0.0,0.0,false,EIA
2006,LSO,0.0,0.0,0.0,false,EIA
2007,LSO,0.0,0.0,0.0,false,EIA
2008,LSO,0.0,0.0,0.0,false,EIA
2009,LSO,0.0,0.0,0.0,false,EIA
2010,LSO,0.0,0.0,0.0,false,EIA
2011,LSO,0.0,0.0,0.0,false,EIA
2012,LSO,0.0,0.0,0.0,false,EIA
2013,LSO,0.0,0.0,0.0,false,EIA
2014,LSO,0.0,0.0,0.0,false,EIA
2015,LSO,0.0,0.0,0.0,false,EIA
2016,LSO,0.0,0.0,0.0,false,EIA
2017,LSO,0.0,0.0,0.0,false,EIA
2018,LSO,0.0,0.0,0.0,false,EIA
2019,LSO,0.0,0.0,0.0,false,EIA
2020,LSO,0.0,0.0,0.0,false,EIA
2021,LSO,0.0,0.0,0.0,false,EIA
2022,LSO,0.0,0.0,0.0,false,EIA
2023,LSO,0.0009986756870589818,0.056724956230018074,0.05572628054295909,false,EIA
2024,LSO,0.0,0.0,0.0,false,EIA
1990,MAR,0.0,0.5259993744541843,0.5259993744541843,false,EIA
1991,MAR,0.0,0.5509993447229194,0.5509993447229194,false,EIA
1992,MAR,0.0,0.5759993149916544,0.5759993149916544,false,EIA
1993,MAR,0.0,0.6039992816926376,0.6039992816926376,false,EIA
1994,MAR,0.0,0.64999922698711,0.64999922698711,false,EIA
1995,MAR,0.0,0.64999922698711,0.64999922698711,false,EIA
1996,MAR,0.0,0.5059993982391964,0.5059993982391964,false,EIA
1997,MAR,0.0,0.3759995528417744,0.3759995528417744,false,EIA
1998,MAR,0.0,0.2689996800915886,0.2689996800915886,false,EIA
1999,MAR,0.0,0.1289998465866726,0.1289998465866726,false,EIA
2000,MAR,0.0,0.0309999631332314,0.0309999631332314,false,EIA
2001,MAR,0.0,0.029249965214419953,0.029249965214419953,false,EIA
2002,MAR,0.0,0.0274999672956085,0.0274999672956085,false,EIA
2003,MAR,0.0,0.02574996937679705,0.02574996937679705,false,EIA
2004,MAR,0.0,0.0239999714579856,0.0239999714579856,false,EIA
2005,MAR,0.0,0.0119999857289928,0.0119999857289928,false,EIA
2006,MAR,0.0,0.00683332520678757,0.00683332520678757,false,EIA
2007,MAR,0.0,0.0,0.0,false,EIA
2008,MAR,0.0,0.0,0.0,false,EIA
2009,MAR,0.0,0.0,0.0,false,EIA
2010,MAR,0.0,0.0,0.0,false,EIA
2011,MAR,0.0,0.0,0.0,false,EIA
2012,MAR,0.0,0.0,0.0,false,EIA
2013,MAR,0.0,0.0,0.0,false,EIA
2014,MAR,0.0,0.0,0.0,false,EIA
2015,MAR,0.0,0.0,0.0,false,EIA
2016,MAR,0.0,0.0,0.0,false,EIA
2017,MAR,0.0,0.0,0.0,false,EIA
2018,MAR,0.0,0.0,0.0,false,EIA
2019,MAR,0.0,0.0,0.0,false,EIA
2020,MAR,0.0,0.0,0.0,false,EIA
2021,MAR,0.0,0.0,0.0,false,EIA
2022,MAR,0.0,0.0,0.0,false,EIA
2023,MAR,0.0,0.0,0.0,false,EIA
2024,MAR,0.0,0.0,0.0,false,EIA
1990,MEX,2.9629964762504724,8.956950630604393,5.99395415435392,false,EIA
1991,MEX,2.3209972397493575,7.908610927848216,5.587613688098859,false,EIA
1992,MEX,1.604998091252787,6.8822368274674615,5.277238736214675,false,EIA
1993,MEX,1.7099979663814742,7.429023890375587,5.7190259239941135,false,EIA
1994,MEX,2.1029974990059883,9.795800623979476,7.692803124973487,false,EIA
1995,MEX,1.644998043682763,9.702643034102284,8.05764499041952,false,EIA
1996,MEX,1.7119979640029728,10.621228825191082,8.90923086118811,false,EIA
1997,MEX,1.9059977332883564,10.901684012828605,8.995686279540248,false,EIA
1998,MEX,2.140997453814465,11.85167004312692,9.710672589312454,false,EIA
1999,MEX,1.946997684529082,10.87438418357114,8.927386499042058,false,EIA
2000,MEX,2.2139973669991715,12.021500024866024,9.807502657866852,false,EIA
2001,MEX,2.1259974716532244,11.934364683703597,9.808367212050372,false,EIA
2002,MEX,1.7459979235684526,11.242261075367596,9.496263151799143,false,EIA
2003,MEX,3.4529958935176785,13.797386699351325,10.344390805833646,false,EIA
2004,MEX,4.144995070556264,15.487945958357136,11.342950887800871,false,EIA
2005,MEX,3.519995813837888,15.169863436788443,11.649867622950556,false,EIA
2006,MEX,4.144995070556264,17.15048365326872,13.005488582712456,false,EIA
2007,MEX,4.321994860058907,18.342470054225554,14.020475194166647,false,EIA
2008,MEX,4.04999518353507,16.551448677254438,12.501453493719367,false,EIA
2009,MEX,3.2129961789378223,14.231739247918181,11.01874306898036,false,EIA
2010,MEX,4.021995216834087,17.253132441445956,13.231137224611869,false,EIA
2011,MEX,5.739993173701556,22.614361727672396,16.87436855397084,false,EIA
2012,MEX,2.060997548954514,15.67945504778394,13.618457498829425,false,EIA
2013,MEX,2.0569975537115157,15.186981938851138,13.129984385139622,false,EIA
2014,MEX,1.881997761830371,15.386981701001018,13.504983939170646,false,EIA
2015,MEX,3.1129962978628822,10.676987302371344,7.563991004508463,false,EIA
2016,MEX,4.39899476848661,12.56698505468771,8.1679902862011,false,EIA
2017,MEX,4.56599456988176,11.775985995384934,7.209991425503174,false,EIA
2018,MEX,3.8969953654904117,10.90098703597921,7.003991670488798,false,EIA
2019,MEX,3.274996105204285,8.928989381181394,5.6539932759771085,false,EIA
2020,MEX,3.8969953654904117,8.80247566817359,4.905480302683179,false,EIA
2021,MEX,1.3189984313784586,6.03128685856009,4.712288427181631,false,EIA
2022,MEX,1.3179984325677092,5.888992996503217,4.570994563935508,false,EIA
2023,MEX,1.0599987393943642,5.708993210568325,4.64899447117396,false,EIA
2024,MEX,0.5249999999999967,5.692771999999973,5.167771999999976,false,EIA
1990,MKD,,,,false,EIA
1991,MKD,,,,false,EIA
1992,MKD,0.0,6.977991701409314,6.977991701409314,false,EIA
1993,MKD,0.0,6.916991773953599,6.916991773953599,false,EIA
1994,MKD,0.0,6.859991841740885,6.859991841740885,false,EIA
1995,MKD,0.0,7.248991379122401,7.248991379122401,false,EIA
1996,MKD,0.0,7.144991502804464,7.144991502804464,false,EIA
1997,MKD,0.0,6.6999920320209805,6.6999920320209805,false,EIA
1998,MKD,0.0,8.175990276687095,8.175990276687095,false,EIA
1999,MKD,0.0,7.374991229276825,7.374991229276825,false,EIA
2000,MKD,0.0,7.51599106159249,7.51599106159249,false,EIA
2001,MKD,0.0,8.105990359934637,8.105990359934637,false,EIA
2002,MKD,0.0,7.579990985480452,7.579990985480452,false,EIA
2003,MKD,0.0,7.381991220952071,7.381991220952071,false,EIA
2004,MKD,0.0,7.244991383879403,7.244991383879403,false,EIA
2005,MKD,0.0,6.880991816766621,6.880991816766621,false,EIA
2006,MKD,0.0,6.638992104565267,6.638992104565267,false,EIA
2007,MKD,0.0,6.508992259167845,6.508992259167845,false,EIA
2008,MKD,0.0,7.629990926017922,7.629990926017922,false,EIA
2009,MKD,0.0,7.425991168625044,7.425991168625044,false,EIA
2010,MKD,0.0,6.7239920034789655,6.7239920034789655,false,EIA
2011,MKD,0.0,8.208990237441826,8.208990237441826,false,EIA
2012,MKD,0.0,7.309991306578114,7.309991306578114,false,EIA
2013,MKD,0.0,6.685992048670489,6.685992048670489,false,EIA
2014,MKD,0.0,6.481992291277611,6.481992291277611,false,EIA
2015,MKD,0.0,5.935992940608439,5.935992940608439,false,EIA
2016,MKD,0.0,5.151993872980909,5.151993872980909,false,EIA
2017,MKD,0.0,5.093714942289243,5.093714942289243,false,EIA
2018,MKD,0.0,4.9948370598799645,4.9948370598799645,false,EIA
2019,MKD,0.0,5.477463485915516,5.477463485915516,false,EIA
2020,MKD,0.0,5.028731019571506,5.028731019571506,false,EIA
2021,MKD,0.0,4.118151102480506,4.118151102480506,false,EIA
2022,MKD,0.0,5.07502696451396,5.07502696451396,false,EIA
2023,MKD,0.0,3.999539243539898,3.999539243539898,false,EIA
2024,MKD,0.0,3.234186999999988,3.234186999999988,false,EIA
1990,MMR,0.0,0.06899999958833565,0.06899999958833565,false,EIA
1991,MMR,0.0,0.07500000152467873,0.07500000152467873,false,EIA
1992,MMR,0.0,0.07300000390318001,0.07300000390318001,false,EIA
1993,MMR,0.0,0.07898811591057914,0.07898811591057914,false,EIA
1994,MMR,0.0,0.07133396637130554,0.07133396637130554,false,EIA
1995,MMR,0.0,0.07698811828908035,0.07698811828908035,false,EIA
1996,MMR,0.0,0.07133396637130554,0.07133396637130554,false,EIA
1997,MMR,0.0,0.06561065301966403,0.06561065301966403,false,EIA
1998,MMR,0.0,0.06940313862802024,0.06940313862802024,false,EIA
1999,MMR,0.0,0.13555915210980712,0.13555915210980712,false,EIA
2000,MMR,0.0,0.508118022367223,0.508118022367223,false,EIA
2001,MMR,0.0,0.5984064575609274,0.5984064575609274,false,EIA
2002,MMR,0.0,0.4869994208349578,0.4869994208349578,false,EIA
2003,MMR,0.0,0.39719811157523627,0.39719811157523627,false,EIA
2004,MMR,0.0,0.3029996396570682,0.3029996396570682,false,EIA
2005,MMR,0.0,0.2719996765238368,0.2719996765238368,false,EIA
2006,MMR,0.0,0.46299944937697224,0.46299944937697224,false,EIA
2007,MMR,0.0,0.3989995254890106,0.3989995254890106,false,EIA
2008,MMR,0.0,0.3219996170613068,0.3219996170613068,false,EIA
2009,MMR,0.0,0.3069996349000658,0.3069996349000658,false,EIA
2010,MMR,0.0,0.5957992914444925,0.5957992914444925,false,EIA
2011,MMR,0.0,0.5980621249791572,0.5980621249791572,false,EIA
2012,MMR,0.0,0.6709620382827886,0.6709620382827886,false,EIA
2013,MMR,0.0,0.6071992778870356,0.6071992778870356,false,EIA
2014,MMR,0.0,0.5825993071426004,0.5825993071426004,false,EIA
2015,MMR,0.0,0.4738994364141407,0.4738994364141407,false,EIA
2016,MMR,0.0,0.54999934591217,0.54999934591217,false,EIA
2017,MMR,0.0,0.7369461235853382,0.7369461235853382,false,EIA
2018,MMR,0.0,1.305437447505886,1.305437447505886,false,EIA
2019,MMR,0.0,2.111062489414682,2.111062489414682,false,EIA
2020,MMR,0.0,2.0439235692597784,2.0439235692597784,false,EIA
2021,MMR,0.0,1.5800631209067508,1.5800631209067508,false,EIA
2022,MMR,0.0,1.2679984920302394,1.2679984920302394,false,EIA
2023,MMR,0.0,1.0309987738826314,1.0309987738826314,false,EIA
2024,MMR,0.0,2.7356379999999993,2.7356379999999993,false,EIA
1990,MNE,,,,false,EIA
1991,MNE,,,,false,EIA
1992,MNE,,,,false,EIA
1993,MNE,,,,false,EIA
1994,MNE,,,,false,EIA
1995,MNE,,,,false,EIA
1996,MNE,,,,false,EIA
1997,MNE,,,,false,EIA
1998,MNE,,,,false,EIA
1999,MNE,,,,false,EIA
2000,MNE,,,,false,EIA
2001,MNE,,,,false,EIA
2002,MNE,,,,false,EIA
2003,MNE,,,,false,EIA
2004,MNE,,,,false,EIA
2005,MNE,,,,false,EIA
2006,MNE,0.0,1.5119982018530929,1.5119982018530929,false,EIA
2007,MNE,0.0,1.2029985693315282,1.2029985693315282,false,EIA
2008,MNE,0.0,1.739997930703956,1.739997930703956,false,EIA
2009,MNE,0.0,0.9569988618871759,0.9569988618871759,false,EIA
2010,MNE,0.0,1.9379976952323372,1.9379976952323372,false,EIA
2011,MNE,0.0,1.9729976536085663,1.9729976536085663,false,EIA
2012,MNE,0.0,1.7859978759984283,1.7859978759984283,false,EIA
2013,MNE,0.0,1.691997987787985,1.691997987787985,false,EIA
2014,MNE,0.0,1.654998031790257,1.654998031790257,false,EIA
2015,MNE,0.0,1.7729978914586861,1.7729978914586861,false,EIA
2016,MNE,0.0,1.3979983374276612,1.3979983374276612,false,EIA
2017,MNE,0.0,1.4747982479075847,1.4747982479075847,false,EIA
2018,MNE,0.0,1.5958981020749672,1.5958981020749672,false,EIA
2019,MNE,0.0,1.6051980910149368,1.6051980910149368,false,EIA
2020,MNE,0.0,1.6653980194220508,1.6653980194220508,false,EIA
2021,MNE,0.0,1.6916646548510381,1.6916646548510381,false,EIA
2022,MNE,0.0,1.7344979372448344,1.7344979372448344,false,EIA
2023,MNE,0.0,1.8621977853775327,1.8621977853775327,false,EIA
2024,MNE,0.0,1.6248000000000495,1.6248000000000495,false,EIA
1990,MNG,0.7843486881416354,3.090037485516075,2.3056887973744398,false,EIA
1991,MNG,0.4828319790103178,2.778046792139701,2.2952148131293835,false,EIA
1992,MNG,0.41162361428953326,2.4410922364659635,2.0294686221764304,false,EIA
1993,MNG,0.3053051515143391,2.123239850123591,1.817934698609252,false,EIA
1994,MNG,0.2780494572690853,1.9314964226167943,1.653446965347709,false,EIA
1995,MNG,0.2626062303840192,1.9288347868871052,1.666228556503086,false,EIA
1996,MNG,0.27320785030787714,1.9142882898909699,1.6410804395830927,false,EIA
1997,MNG,0.270311364835173,1.8821009543230331,1.6117895894878602,false,EIA
1998,MNG,0.27078739554710496,1.8689718366643235,1.5981844411172186,false,EIA
1999,MNG,0.27160893605285424,1.8827835698881559,1.6111746338353017,false,EIA
2000,MNG,0.2834505732929219,1.971776246873178,1.6883256735802563,false,EIA
2001,MNG,0.285082512921711,1.9773697455623966,1.6922872326406857,false,EIA
2002,MNG,0.31217120902429346,2.121565873659255,1.8093946646349617,false,EIA
2003,MNG,0.6631602987168049,2.52347705889113,1.860316760174325,false,EIA
2004,MNG,1.6936150140672537,4.091476250629385,2.3978612365621315,false,EIA
2005,MNG,1.2761800753688308,3.800214411809511,2.52403433644068,false,EIA
2006,MNG,1.464998257747871,4.165044429724107,2.700046171976236,false,EIA
2007,MNG,1.7419979283254547,4.785647598289115,3.0436496699636604,false,EIA
2008,MNG,2.156997434786456,5.47142069457315,3.3144232597866945,false,EIA
2009,MNG,3.526995805513134,7.748714838109271,4.221719032596138,false,EIA
2010,MNG,8.15199030522911,15.799695410360057,7.647705105130948,false,EIA
2011,MNG,8.058990415829415,15.203321769370447,7.144331353541032,false,EIA
2012,MNG,11.054986852834618,19.325049429218097,8.270062576383479,false,EIA
2013,MNG,7.877990631083773,17.24191713023233,9.363926499148558,false,EIA
2014,MNG,7.869990640597778,19.057843877933866,11.187853237336089,false,EIA
2015,MNG,12.613984998792931,23.591093495880298,10.977108497087366,false,EIA
2016,MNG,20.464460263120134,33.50144126107195,13.036980997951819,false,EIA
2017,MNG,24.583278737061594,39.859866669042034,15.27658793198044,false,EIA
2018,MNG,27.21559543379831,43.243228121204695,16.027632687406385,false,EIA
2019,MNG,23.910066564905176,43.10534373688286,19.195277171977683,false,EIA
2020,MNG,18.71301374551071,35.10345185989582,16.39043811438511,false,EIA
2021,MNG,11.265836602081128,25.285279764686766,14.019443162605638,false,EIA
2022,MNG,20.995680030845232,29.710098639352886,8.714418608507653,false,EIA
2023,MNG,44.28776256506424,64.73742410408857,20.449661539024333,false,EIA
2024,MNG,56.53363882286937,82.63777487622464,26.10413605335527,false,EIA
1990,MOZ,0.0,0.0,0.0,false,EIA
1991,MOZ,0.0,0.0,0.0,false,EIA
1992,MOZ,0.0,0.0,0.0,false,EIA
1993,MOZ,0.0,0.0,0.0,false,EIA
1994,MOZ,0.0,0.0,0.0,false,EIA
1995,MOZ,0.0,0.0,0.0,false,EIA
1996,MOZ,0.01717428307131885,0.02000000343052944,0.002825720359210592,false,EIA
1997,MOZ,0.016315566191210617,0.01900000008385748,0.0026844338926468626,false,EIA
1998,MOZ,0.015456849311101485,0.017999996737183704,0.002543147426082219,false,EIA
1999,MOZ,0.018032972685999692,0.02099997502573753,0.0029670023397378384,false,EIA
2000,MOZ,0.02060947745287386,0.024000397457478662,0.0033909200046048013,false,EIA
2001,MOZ,0.019342082260547986,0.029999964322481965,0.01065788206193398,false,EIA
2002,MOZ,0.015357136111502884,0.032149265106819286,0.016792128995316402,false,EIA
2003,MOZ,0.014113145570064939,0.03429856589115684,0.0201854203210919,false,EIA
2004,MOZ,0.015318500802095339,0.03328381832758966,0.017965317525494323,false,EIA
2005,MOZ,0.01864046403538124,0.03226907076402331,0.013628606728642068,false,EIA
2006,MOZ,0.02039571583331976,0.028432274247061847,0.008036558413742088,false,EIA
2007,MOZ,0.017621254643784,0.024595477730100335,0.006974223086316334,false,EIA
2008,MOZ,0.023840734207938877,0.03781715465760546,0.013976420449666585,false,EIA
2009,MOZ,0.04255400805212875,0.055459440255409234,0.012905432203280484,false,EIA
2010,MOZ,0.05474125923575151,0.07130396362783423,0.016562704392082718,false,EIA
2011,MOZ,0.42690564059401115,0.6169992662323794,0.1900936256383683,false,EIA
2012,MOZ,2.539214296785797,4.529994612694822,1.9907803159090252,false,EIA
2013,MOZ,3.4999958376229,5.991743874306493,2.4917480366835925,false,EIA
2014,MOZ,3.6329956794525704,6.331578470157532,2.6985827907049615,false,EIA
2015,MOZ,4.059995171642564,6.600292150589292,2.540296978946728,false,EIA
2016,MOZ,5.227091960280113,7.108857875112997,1.8817659148328838,false,EIA
2017,MOZ,4.826994259487353,15.094597120705165,10.267602861217812,false,EIA
2018,MOZ,3.5562930246713207,16.095434858471673,12.539141833800352,false,EIA
2019,MOZ,3.16594080789849,10.877935063393814,7.711994255495323,false,EIA
2020,MOZ,1.5722112382446363,7.4491461410879465,5.87693490284331,false,EIA
2021,MOZ,2.8410464932797166,10.609405382743278,7.768358889463562,false,EIA
2022,MOZ,2.681562853790365,9.014555322266315,6.3329924684759495,false,EIA
2023,MOZ,2.8026785948476185,10.582590273378019,7.7799116785304,false,EIA
2024,MOZ,9.578408000000323,16.18710600000034,6.608698000000018,false,EIA
1990,MWI,0.0,0.050124940388813675,0.050124940388813675,false,EIA
1991,MWI,0.0,0.0509999393482194,0.0509999393482194,false,EIA
1992,MWI,0.0,0.051999938158968806,0.051999938158968806,false,EIA
1993,MWI,0.0,0.051999938158968806,0.051999938158968806,false,EIA
1994,MWI,0.0,0.0509999393482194,0.0509999393482194,false,EIA
1995,MWI,0.0,0.0489999417267206,0.0489999417267206,false,EIA
1996,MWI,0.0,0.0529999369697182,0.0529999369697182,false,EIA
1997,MWI,0.0,0.054999934591217,0.054999934591217,false,EIA
1998,MWI,0.0,0.0569999322127158,0.0569999322127158,false,EIA
1999,MWI,0.0,0.06323992479179205,0.06323992479179205,false,EIA
2000,MWI,0.0,0.0786999064059778,0.0786999064059778,false,EIA
2001,MWI,0.0,0.04829994255919602,0.04829994255919602,false,EIA
2002,MWI,0.0,0.06289992519613727,0.06289992519613727,false,EIA
2003,MWI,0.0,0.08139990319500116,0.08139990319500116,false,EIA
2004,MWI,0.0,0.05179993839681892,0.05179993839681892,false,EIA
2005,MWI,0.0,0.05189993827789386,0.05189993827789386,false,EIA
2006,MWI,0.0,0.06039992816926376,0.06039992816926376,false,EIA
2007,MWI,0.0,0.05859993030991484,0.05859993030991484,false,EIA
2008,MWI,0.0,0.06059992793141364,0.06059992793141364,false,EIA
2009,MWI,0.0,0.0589999298342146,0.0589999298342146,false,EIA
2010,MWI,0.0,0.0789999060492026,0.0789999060492026,false,EIA
2011,MWI,0.0,0.07699990842770381,0.07699990842770381,false,EIA
2012,MWI,0.0,0.0709999155632074,0.0709999155632074,false,EIA
2013,MWI,0.0,0.0669999203202098,0.0669999203202098,false,EIA
2014,MWI,0.0,0.06369992424473678,0.06369992424473678,false,EIA
2015,MWI,0.0,0.05879993007206472,0.05879993007206472,false,EIA
2016,MWI,0.0,0.04329994850544902,0.04329994850544902,false,EIA
2017,MWI,0.0,0.059999928644964,0.059999928644964,false,EIA
2018,MWI,0.0,0.049799940775320115,0.049799940775320115,false,EIA
2019,MWI,0.0,0.04846994235702342,0.04846994235702342,false,EIA
2020,MWI,0.0,0.04713994393872672,0.04713994393872672,false,EIA
2021,MWI,0.0,0.051352438929008565,0.051352438929008565,false,EIA
2022,MWI,0.0,0.04956249159247494,0.04956249159247494,false,EIA
2023,MWI,0.00004615548521417006,0.0025969599370170497,0.0025508044518028797,false,EIA
2024,MWI,0.0,0.032494961355301756,0.032494961355301756,false,EIA
1990,MYS,0.0,0.11100000407089441,0.11100000407089441,false,EIA
1991,MYS,0.0,0.179872008964263,0.179872008964263,false,EIA
1992,MYS,0.0,0.17739640794941758,0.17739640794941758,false,EIA
1993,MYS,0.0,0.19817080876799978,0.19817080876799978,false,EIA
1994,MYS,0.0,0.21894520958658195,0.21894520958658195,false,EIA
1995,MYS,0.0,0.23971961040516412,0.23971961040516412,false,EIA
1996,MYS,0.0,0.2604940112237463,0.2604940112237463,false,EIA
1997,MYS,0.0,0.28126841204231945,0.28126841204231945,false,EIA
1998,MYS,0.0,0.3150000154754992,0.3150000154754992,false,EIA
1999,MYS,0.0,0.3331829757711637,0.3331829757711637,false,EIA
2000,MYS,0.0,0.3565488171126636,0.3565488171126636,false,EIA
2001,MYS,0.0,0.54600002198588,0.54600002198588,false,EIA
2002,MYS,0.0,0.5597000211152873,0.5597000211152873,false,EIA
2003,MYS,0.0,0.6322000228915386,0.6322000228915386,false,EIA
2004,MYS,0.0,0.7100995428810329,0.7100995428810329,false,EIA
2005,MYS,0.0,0.7879990628705271,0.7879990628705271,false,EIA
2006,MYS,0.0,0.9009989284852093,0.9009989284852093,false,EIA
2007,MYS,0.0,1.074998721555605,1.074998721555605,false,EIA
2008,MYS,0.0,1.2540000508938056,1.2540000508938056,false,EIA
2009,MYS,0.0,2.1380000972898108,2.1380000972898108,false,EIA
2010,MYS,0.0,2.397000106788564,2.397000106788564,false,EIA
2011,MYS,0.0,2.916000124596812,2.916000124596812,false,EIA
2012,MYS,0.0,2.9499964917107397,2.9499964917107397,false,EIA
2013,MYS,0.0,2.893958558353955,2.893958558353955,false,EIA
2014,MYS,0.0,2.6491795277219192,2.6491795277219192,false,EIA
2015,MYS,0.0,2.558996956707742,2.558996956707742,false,EIA
2016,MYS,0.0,2.2589973134828947,2.2589973134828947,false,EIA
2017,MYS,0.0,2.9889964453299385,2.9889964453299385,false,EIA
2018,MYS,0.0,2.6528548450870315,2.6528548450870315,false,EIA
2019,MYS,0.0,3.4591758861681097,3.4591758861681097,false,EIA
2020,MYS,0.0,3.263829118484647,3.263829118484647,false,EIA
2021,MYS,0.0,3.119111290590615,3.119111290590615,false,EIA
2022,MYS,0.0,3.7309955629060116,3.7309955629060116,false,EIA
2023,MYS,0.0,3.5981997208337337,3.5981997208337337,false,EIA
2024,MYS,0.0,3.3311920000000335,3.3311920000000335,false,EIA
1990,NER,0.0,0.1539188169517369,0.1539188169517369,false,EIA
1991,NER,0.0,0.15654181383233257,0.15654181383233257,false,EIA
1992,NER,0.0,0.13352484120531363,0.13352484120531363,false,EIA
1993,NER,0.0,0.15630981410823874,0.15630981410823874,false,EIA
1994,NER,0.0,0.15647281391439086,0.15647281391439086,false,EIA
1995,NER,0.0,0.17097079667263565,0.17097079667263565,false,EIA
1996,NER,0.0,0.1820217835302273,0.1820217835302273,false,EIA
1997,NER,0.0,0.1628398063424323,0.1628398063424323,false,EIA
1998,NER,0.0,0.18121278449233102,0.18121278449233102,false,EIA
1999,NER,0.0,0.1684657996517084,0.1684657996517084,false,EIA
2000,NER,0.0,0.1581998118605551,0.1581998118605551,false,EIA
2001,NER,0.0,0.163299805795377,0.163299805795377,false,EIA
2002,NER,0.0,0.18289978248606525,0.18289978248606525,false,EIA
2003,NER,0.0,0.18889977535056168,0.18889977535056168,false,EIA
2004,NER,0.0,0.23658371864233604,0.23658371864233604,false,EIA
2005,NER,0.0,0.18205978348503576,0.18205978348503576,false,EIA
2006,NER,0.0,0.1763197903113342,0.1763197903113342,false,EIA
2007,NER,0.0,0.1712997962813722,0.1712997962813722,false,EIA
2008,NER,0.0,0.18289978248606525,0.18289978248606525,false,EIA
2009,NER,0.0,0.19089977297206046,0.19089977297206046,false,EIA
2010,NER,0.0,0.23759971743405744,0.23759971743405744,false,EIA
2011,NER,0.0,0.2638996861567667,0.2638996861567667,false,EIA
2012,NER,0.0,0.25089970161702446,0.25089970161702446,false,EIA
2013,NER,0.0,0.24189971232027987,0.24189971232027987,false,EIA
2014,NER,0.0,0.2626996875838674,0.2626996875838674,false,EIA
2015,NER,0.0,0.2259997312293644,0.2259997312293644,false,EIA
2016,NER,0.0,0.2369997181476078,0.2369997181476078,false,EIA
2017,NER,0.0,0.2329997229046102,0.2329997229046102,false,EIA
2018,NER,0.0,0.22399973360786563,0.22399973360786563,false,EIA
2019,NER,0.0,0.2259997312293644,0.2259997312293644,false,EIA
2020,NER,0.0,0.24699970625510181,0.24699970625510181,false,EIA
2021,NER,0.0,0.2479997050658512,0.2479997050658512,false,EIA
2022,NER,0.0,0.45674945680978846,0.45674945680978846,false,EIA
2023,NER,0.0,0.42691148760990055,0.42691148760990055,false,EIA
2024,NER,0.0,0.19363199999999903,0.19363199999999903,false,EIA
1990,NGA,0.0,0.08999989296744601,0.08999989296744601,false,EIA
1991,NGA,0.0,0.07691800852510342,0.07691800852510342,false,EIA
1992,NGA,0.0,0.07071911589714897,0.07071911589714897,false,EIA
1993,NGA,0.0,0.027999966700983203,0.027999966700983203,false,EIA
1994,NGA,0.0,0.024999970268735003,0.024999970268735003,false,EIA
1995,NGA,0.0,0.02205090234734815,0.02205090234734815,false,EIA
1996,NGA,0.0,0.0169999797827398,0.0169999797827398,false,EIA
1997,NGA,0.0,0.014025447605922729,0.014025447605922729,false,EIA
1998,NGA,0.0,0.0119999857289928,0.0119999857289928,false,EIA
1999,NGA,0.0,0.015999980971990402,0.015999980971990402,false,EIA
2000,NGA,0.0,0.3019996408463188,0.3019996408463188,false,EIA
2001,NGA,0.0,0.289999655117326,0.289999655117326,false,EIA
2002,NGA,0.0,0.2539996979303476,0.2539996979303476,false,EIA
2003,NGA,0.0,0.2779996693883332,0.2779996693883332,false,EIA
2004,NGA,0.0,0.2779996693883332,0.2779996693883332,false,EIA
2005,NGA,0.0,0.3269996111150538,0.3269996111150538,false,EIA
2006,NGA,0.0,0.3989995254890106,0.3989995254890106,false,EIA
2007,NGA,0.0,0.5679993245056592,0.5679993245056592,false,EIA
2008,NGA,0.0,1.2089985621960246,1.2089985621960246,false,EIA
2009,NGA,0.0,1.2089985621960246,1.2089985621960246,false,EIA
2010,NGA,0.0,1.2089985621960246,1.2089985621960246,false,EIA
2011,NGA,0.0,1.4509982743973795,1.4509982743973795,false,EIA
2012,NGA,0.0,1.934997698800089,1.934997698800089,false,EIA
2013,NGA,0.0,2.4189971232027987,2.4189971232027987,false,EIA
2014,NGA,0.0,2.4189971232027987,2.4189971232027987,false,EIA
2015,NGA,0.0,2.539996979303476,2.539996979303476,false,EIA
2016,NGA,0.0,2.6599968365934044,2.6599968365934044,false,EIA
2017,NGA,0.0,2.2976712674898168,2.2976712674898168,false,EIA
2018,NGA,0.0,2.6916737989215127,2.6916737989215127,false,EIA
2019,NGA,0.0,2.7226197621189634,2.7226197621189634,false,EIA
2020,NGA,0.0,2.3513522036496557,2.3513522036496557,false,EIA
2021,NGA,0.0,2.506046019679723,2.506046019679723,false,EIA
2022,NGA,0.0,3.0429963811104246,3.0429963811104246,false,EIA
2023,NGA,0.0,1.322048427751244,1.322048427751244,false,EIA
2024,NGA,0.0,1.2621049999999778,1.2621049999999778,false,EIA
1990,NOR,0.0,0.3029996396570682,0.3029996396570682,false,EIA
1991,NOR,0.0,0.329999607547302,0.329999607547302,false,EIA
1992,NOR,0.0,0.3589995730590346,0.3589995730590346,false,EIA
1993,NOR,0.0,0.2679996812808392,0.2679996812808392,false,EIA
1994,NOR,0.0,0.30099964203556945,0.30099964203556945,false,EIA
1995,NOR,0.0,0.29199965273882483,0.29199965273882483,false,EIA
1996,NOR,0.0,0.229999726472362,0.229999726472362,false,EIA
1997,NOR,0.0,0.3859995409492684,0.3859995409492684,false,EIA
1998,NOR,0.0,0.32799960992580324,0.32799960992580324,false,EIA
1999,NOR,0.0,0.4039995195427576,0.4039995195427576,false,EIA
2000,NOR,0.0,0.6319992483936208,0.6319992483936208,false,EIA
2001,NOR,0.0,1.7879978736199273,1.7879978736199273,false,EIA
2002,NOR,0.0,2.131997464517721,2.131997464517721,false,EIA
2003,NOR,0.0,2.9439964988462335,2.9439964988462335,false,EIA
2004,NOR,0.0,2.9039965464162574,2.9039965464162574,false,EIA
2005,NOR,0.0,1.4709982506123676,1.4709982506123676,false,EIA
2006,NOR,0.0,2.394997151744813,2.394997151744813,false,EIA
2007,NOR,0.0,4.072995156182307,4.072995156182307,false,EIA
2008,NOR,0.0,3.4299959208704425,3.4299959208704425,false,EIA
2009,NOR,0.0,2.640996859189165,2.640996859189165,false,EIA
2010,NOR,0.0,1.934997698800089,1.934997698800089,false,EIA
2011,NOR,0.0,1.3859983516986683,1.3859983516986683,false,EIA
2012,NOR,0.0,1.2289985384110125,1.2289985384110125,false,EIA
2013,NOR,0.0,1.854997793940137,1.854997793940137,false,EIA
2014,NOR,0.0,1.6749980080052447,1.6749980080052447,false,EIA
2015,NOR,0.0,1.1059986846888366,1.1059986846888366,false,EIA
2016,NOR,0.0,0.8179990271930091,0.8179990271930091,false,EIA
2017,NOR,0.0,0.13099984420817137,0.13099984420817137,false,EIA
2018,NOR,0.0,0.15035382119141527,0.15035382119141527,false,EIA
2019,NOR,0.0,0.12101985607689239,0.12101985607689239,false,EIA
2020,NOR,0.0,0.06866491834010754,0.06866491834010754,false,EIA
2021,NOR,0.0,0.12126585578433674,0.12126585578433674,false,EIA
2022,NOR,0.0,0.11699986085767981,0.11699986085767981,false,EIA
2023,NOR,0.0,0.11974485759318691,0.11974485759318691,false,EIA
2024,NOR,0.0,0.11990300000000284,0.11990300000000284,false,EIA
1990,NPL,0.0,0.0,0.0,false,EIA
1991,NPL,0.0,0.002138395684267535,0.002138395684267535,false,EIA
1992,NPL,0.0,0.0023691962961079876,0.0023691962961079876,false,EIA
1993,NPL,0.0,0.00259999690794844,0.00259999690794844,false,EIA
1994,NPL,0.0,0.0059535858291217,0.0059535858291217,false,EIA
1995,NPL,0.0,0.0059651875879653754,0.0059651875879653754,false,EIA
1996,NPL,0.0,0.00597678934680905,0.00597678934680905,false,EIA
1997,NPL,0.0,0.007747064228016228,0.007747064228016228,false,EIA
1998,NPL,0.0,0.0109999869182434,0.0109999869182434,false,EIA
1999,NPL,0.0,0.0179999785934892,0.0179999785934892,false,EIA
2000,NPL,0.0,0.0169999797827398,0.0169999797827398,false,EIA
2001,NPL,0.0,0.009999988107494,0.009999988107494,false,EIA
2002,NPL,0.0,0.0119999857289928,0.0119999857289928,false,EIA
2003,NPL,0.0,0.0109999869182434,0.0109999869182434,false,EIA
2004,NPL,0.0,0.0089999892967446,0.0089999892967446,false,EIA
2005,NPL,0.0,0.009258988988728694,0.009258988988728694,false,EIA
2006,NPL,0.0,0.011962985772995073,0.011962985772995073,false,EIA
2007,NPL,0.0,0.013999983350491602,0.013999983350491602,false,EIA
2008,NPL,0.0,0.013844983534825444,0.013844983534825444,false,EIA
2009,NPL,0.0,0.01481898237649536,0.01481898237649536,false,EIA
2010,NPL,0.0,0.01179998596684292,0.01179998596684292,false,EIA
2011,NPL,0.0,0.013159984349462103,0.013159984349462103,false,EIA
2012,NPL,0.0,0.016079980876850353,0.016079980876850353,false,EIA
2013,NPL,0.0,0.0189999774042386,0.0189999774042386,false,EIA
2014,NPL,0.0,0.0209999750257374,0.0209999750257374,false,EIA
2015,NPL,0.0,0.0189999774042386,0.0189999774042386,false,EIA
2016,NPL,0.0,0.0209999750257374,0.0209999750257374,false,EIA
2017,NPL,0.0,0.0229999726472362,0.0229999726472362,false,EIA
2018,NPL,0.0,0.024999970268735003,0.024999970268735003,false,EIA
2019,NPL,0.0,0.027180967674979444,0.027180967674979444,false,EIA
2020,NPL,0.0,0.027999966700983203,0.027999966700983203,false,EIA
2021,NPL,0.0,0.02961596477915423,0.02961596477915423,false,EIA
2022,NPL,0.0,0.014999982161241,0.014999982161241,false,EIA
2023,NPL,0.0,0.009080989200415302,0.009080989200415302,false,EIA
2024,NPL,0.0,0.002869000000000028,0.002869000000000028,false,EIA
1990,NZL,0.6049876474083957,2.578556933445972,1.9735692860375762,false,EIA
1991,NZL,0.6743651271391156,2.6890218020753993,2.0146566749362838,false,EIA
1992,NZL,0.8588345594140404,3.0180554107715114,2.159220851357471,false,EIA
1993,NZL,1.1143340766229852,3.3368040316990477,2.2224699550760625,false,EIA
1994,NZL,1.154694692601688,3.033231392723456,1.878536700121768,false,EIA
1995,NZL,1.5531413660164612,3.57681674626348,2.0236753802470187,false,EIA
1996,NZL,1.6999905320783193,3.6105477061488314,1.910557174070512,false,EIA
1997,NZL,1.280767207493475,3.5674078274530463,2.286640619959571,false,EIA
1998,NZL,1.07218579990809,3.1263662819625564,2.0541804820544662,false,EIA
1999,NZL,1.4848881323433825,3.5057258308084487,2.0208376984650664,false,EIA
2000,NZL,1.546947974787921,3.4574128882647583,1.9104649134768374,false,EIA
2001,NZL,1.7308744473190614,3.9113913483699423,2.180516901050881,false,EIA
2002,NZL,2.0704615468967567,4.458933697204101,2.388472150307344,false,EIA
2003,NZL,2.1453753909391904,5.1798848398115025,3.034509448872312,false,EIA
2004,NZL,2.3219606190704947,5.15538786894461,2.833427249874115,false,EIA
2005,NZL,2.334314877713527,5.267154736025603,2.9328398583120756,false,EIA
2006,NZL,2.5434282788528093,5.673524252749863,3.130095973897054,false,EIA
2007,NZL,1.826876409256617,4.834773250236156,3.0078968409795386,false,EIA
2008,NZL,2.2015458800685965,4.8316012540084765,2.63005537393988,false,EIA
2009,NZL,2.299354169587723,4.51322039964353,2.213866230055807,false,EIA
2010,NZL,2.397162459106758,5.341902807131299,2.9447403480245407,false,EIA
2011,NZL,2.1477322854374616,4.958977102526492,2.8112448170890305,false,EIA
2012,NZL,2.0837879238086305,4.922166026304138,2.8383781024955077,false,EIA
2013,NZL,2.0956415077541157,4.625457359165518,2.529815851411402,false,EIA
2014,NZL,1.759997906918944,3.984442481493753,2.224444574574809,false,EIA
2015,NZL,1.3329984147289502,3.3906439676698317,2.0576455529408815,false,EIA
2016,NZL,1.1713866069261183,2.8666185908680664,1.695231983941948,false,EIA
2017,NZL,1.1730696049246094,2.918559529097201,1.7454899241725914,false,EIA
2018,NZL,1.213358557010892,3.23079415777154,2.017435600760648,false,EIA
2019,NZL,1.2009225718004124,3.033979391833897,1.8330568200334845,false,EIA
2020,NZL,1.107739682618351,2.8186786478807404,1.7109389652623894,false,EIA
2021,NZL,1.1841785917132246,2.8676068746927483,1.6834282829795237,false,EIA
2022,NZL,1.1425608292578715,2.637472933379985,1.4949121041221136,false,EIA
2023,NZL,1.110808678968541,2.6000805878489235,1.4892719088803825,false,EIA
2024,NZL,1.0219660000000426,2.509426000000079,1.4874600000000364,false,EIA
1990,PAK,0.009720205395573,2.9471786897257397,2.9374584843301665,false,EIA
1991,PAK,0.010072504961470547,3.0539963680286504,3.04392386306718,false,EIA
1992,PAK,0.01022092104636657,3.0989963145123953,3.0887753934660287,false,EIA
1993,PAK,0.010775007763294849,3.2669961147183244,3.2562211069550298,false,EIA
1994,PAK,0.011128681579613641,3.3742304675082906,3.363101785928677,false,EIA
1995,PAK,0.010114591856958443,3.042996381110369,3.032881789253411,false,EIA
1996,PAK,0.011998615929866152,3.6379956735063614,3.6259970575764955,false,EIA
1997,PAK,0.011718274436176084,3.5529957745925667,3.5412775001563905,false,EIA
1998,PAK,0.010975297437500272,3.327724199730726,3.316748902293226,false,EIA
1999,PAK,0.011414845995953953,3.4609958840036827,3.4495810380077288,false,EIA
2000,PAK,0.010448492376540653,3.1679962324540885,3.157547740077548,false,EIA
2001,PAK,0.010207728505485533,3.0949963192693497,3.084788590763864,false,EIA
2002,PAK,0.010921389414576904,3.3119960612020565,3.3010746717874797,false,EIA
2003,PAK,0.01079938101626861,3.274996105204299,3.26419672418803,false,EIA
2004,PAK,0.015125725172232844,4.586994544907548,4.5718688197353154,false,EIA
2005,PAK,0.016062223778059825,4.870994207160331,4.854931983382271,false,EIA
2006,PAK,0.012012868728994035,3.6429956675600734,3.6309827988310794,false,EIA
2007,PAK,0.013598973386144677,4.1239950955305416,4.1103961221443965,false,EIA
2008,PAK,0.011827782464576674,3.73799555458119,3.7261677721166135,false,EIA
2009,PAK,0.011478670284567121,3.4809958602186435,3.469517189934076,false,EIA
2010,PAK,0.01087809583884921,3.449995897085487,3.439117801246638,false,EIA
2011,PAK,0.01191394275624723,3.6129957032375524,3.6010817604813052,false,EIA
2012,PAK,0.010484771863945589,3.1789962193723054,3.16851144750836,false,EIA
2013,PAK,0.10901565508781476,3.4379959113564373,3.3289802562686224,false,EIA
2014,PAK,0.19923403603196313,3.711995585501809,3.512761549469846,false,EIA
2015,PAK,0.28945241697612056,4.141995074124015,3.8525426571478945,false,EIA
2016,PAK,0.32552125567568757,4.164995046771251,3.8394737910955636,false,EIA
2017,PAK,0.3496433413867394,4.297994888600922,3.9483515472141826,false,EIA
2018,PAK,0.43683611870413813,5.841187053356549,5.404350934652411,false,EIA
2019,PAK,0.4012014925589979,8.735078611790167,8.333877119231168,false,EIA
2020,PAK,0.5380859376140302,8.694313660269948,8.156227722655919,false,EIA
2021,PAK,0.544686470661948,8.44209796021795,7.897411489556002,false,EIA
2022,PAK,0.6247129638036308,12.711854171830776,12.087141208027145,false,EIA
2023,PAK,0.2469931918748094,13.764556475774889,13.51756328390008,false,EIA
2024,PAK,0.270512170759204,15.075233546059629,14.804721375300424,false,EIA
1990,PER,0.0,0.09720100749954981,0.09720100749954981,false,EIA
1991,PER,0.0,0.0669999203202098,0.0669999203202098,false,EIA
1992,PER,0.0,0.08999989296744601,0.08999989296744601,false,EIA
1993,PER,0.0,0.0830950014684944,0.0830950014684944,false,EIA
1994,PER,0.0,0.07399991199545561,0.07399991199545561,false,EIA
1995,PER,0.0,0.0514160014855256,0.0514160014855256,false,EIA
1996,PER,0.0,0.0579999310234652,0.0579999310234652,false,EIA
1997,PER,0.0,0.0219999738364868,0.0219999738364868,false,EIA
1998,PER,0.0,0.019999976214988,0.019999976214988,false,EIA
1999,PER,0.0,0.0209999750257374,0.0209999750257374,false,EIA
2000,PER,0.0,0.015999980971990402,0.015999980971990402,false,EIA
2001,PER,0.0,0.0189999774042386,0.0189999774042386,false,EIA
2002,PER,0.0,0.0219999738364868,0.0219999738364868,false,EIA
2003,PER,0.0,0.015999980971990402,0.015999980971990402,false,EIA
2004,PER,0.0,0.0219999738364868,0.0219999738364868,false,EIA
2005,PER,0.0,0.042999948862224205,0.042999948862224205,false,EIA
2006,PER,0.0,0.1069998727501858,0.1069998727501858,false,EIA
2007,PER,0.0,0.11199986680393281,0.11199986680393281,false,EIA
2008,PER,0.0,0.1419998311264148,0.1419998311264148,false,EIA
2009,PER,0.0,0.1405626690613068,0.1405626690613068,false,EIA
2010,PER,0.0,0.1909997728531354,0.1909997728531354,false,EIA
2011,PER,0.0,0.1829997823671402,0.1829997823671402,false,EIA
2012,PER,0.0,0.2269997300401138,0.2269997300401138,false,EIA
2013,PER,0.0,0.2109997490681234,0.2109997490681234,false,EIA
2014,PER,0.0,0.23099972528311138,0.23099972528311138,false,EIA
2015,PER,0.0,0.2519997003088488,0.2519997003088488,false,EIA
2016,PER,0.0,0.2689996800915886,0.2689996800915886,false,EIA
2017,PER,0.0,0.39548639466700847,0.39548639466700847,false,EIA
2018,PER,0.0,0.5696409415533629,0.5696409415533629,false,EIA
2019,PER,0.0,0.6308923767099702,0.6308923767099702,false,EIA
2020,PER,0.0,0.33972873197692116,0.33972873197692116,false,EIA
2021,PER,0.0,0.4306370988639628,0.4306370988639628,false,EIA
2022,PER,0.0,0.1529998180446582,0.1529998180446582,false,EIA
2023,PER,0.0,1.3820805987012157,1.3820805987012157,false,EIA
2024,PER,0.0,1.904536337309965,1.904536337309965,false,EIA
1990,PHL,0.0,1.2429985217615043,1.2429985217615043,false,EIA
1991,PHL,0.0,1.3259984230537043,1.3259984230537043,false,EIA
1992,PHL,0.0,1.6609980246547535,1.6609980246547535,false,EIA
1993,PHL,0.0,1.581998118605551,1.581998118605551,false,EIA
1994,PHL,0.0,1.4489982767758807,1.4489982767758807,false,EIA
1995,PHL,0.0,1.3289984194859525,1.3289984194859525,false,EIA
1996,PHL,0.0,1.1079986823103352,1.1079986823103352,false,EIA
1997,PHL,0.0,1.0759987203663544,1.0759987203663544,false,EIA
1998,PHL,0.0,1.1569986240370558,1.1569986240370558,false,EIA
1999,PHL,0.0,1.1769986002520438,1.1769986002520438,false,EIA
2000,PHL,0.0,1.3529983909439383,1.3529983909439383,false,EIA
2001,PHL,0.0,1.2299985372217621,1.2299985372217621,false,EIA
2002,PHL,0.0,1.664998019897751,1.664998019897751,false,EIA
2003,PHL,0.0,2.029997585821282,2.029997585821282,false,EIA
2004,PHL,0.0,2.725996758102865,2.725996758102865,false,EIA
2005,PHL,0.0,3.162996238400352,3.162996238400352,false,EIA
2006,PHL,0.0,2.5879969222194474,2.5879969222194474,false,EIA
2007,PHL,0.0,3.4009959553587095,3.4009959553587095,false,EIA
2008,PHL,0.0,3.608995707994585,3.608995707994585,false,EIA
2009,PHL,0.0,4.686994425982438,4.686994425982438,false,EIA
2010,PHL,0.0,6.649992091483511,6.649992091483511,false,EIA
2011,PHL,0.0,6.910991781089104,6.910991781089104,false,EIA
2012,PHL,0.0,7.339991270900596,7.339991270900596,false,EIA
2013,PHL,0.0,7.09999155632074,7.09999155632074,false,EIA
2014,PHL,0.0,7.60099096050619,7.60099096050619,false,EIA
2015,PHL,0.0,7.3779912257090725,7.3779912257090725,false,EIA
2016,PHL,0.0,11.210986667311523,11.210986667311523,false,EIA
2017,PHL,0.0,11.93198580986184,11.93198580986184,false,EIA
2018,PHL,0.0,13.055984473144166,13.055984473144166,false,EIA
2019,PHL,0.0,15.272981836575585,15.272981836575585,false,EIA
2020,PHL,0.0,13.26698422221229,13.26698422221229,false,EIA
2021,PHL,0.0,14.377982900954875,14.377982900954875,false,EIA
2022,PHL,0.0,14.48298277608356,14.48298277608356,false,EIA
2023,PHL,0.0,14.457239806698439,14.457239806698439,false,EIA
2024,PHL,0.0,14.93945200000003,14.93945200000003,false,EIA
1990,POL,18.31057747225593,215.0767442195463,196.76616674729036,false,EIA
1991,POL,17.83007560895306,209.43275093167517,191.60267532272212,false,EIA
1992,POL,16.87077458207778,198.16476433215516,181.29398975007737,false,EIA
1993,POL,16.86966782725461,198.1517643476156,181.282096520361,false,EIA
1994,POL,17.018228378540865,199.8967622723731,182.87853389383224,false,EIA
1995,POL,17.004606780715285,199.73676246265322,182.73215568193794,false,EIA
1996,POL,17.103022825005915,200.89276108787993,183.789738262874,false,EIA
1997,POL,17.052367508091702,200.2977617954832,183.24539428739152,false,EIA
1998,POL,15.151047856581055,177.96478835501694,162.8137404984359,false,EIA
1999,POL,14.486654422631943,170.16079763592916,155.6741432132972,false,EIA
2000,POL,13.766582707570457,161.7028076946101,147.93622498703965,false,EIA
2001,POL,13.862700107227864,162.83180635194552,148.96910624471766,false,EIA
2002,POL,13.701028768034627,160.93280861033406,147.23177984229943,false,EIA
2003,POL,13.841160955666325,162.5788066528261,148.7376456971598,false,EIA
2004,POL,13.767604327407648,161.7148076803402,147.94720335293255,false,EIA
2005,POL,13.514838552754254,158.7458112112243,145.23097265847005,false,EIA
2006,POL,13.217291775248224,155.25081536765555,142.03352359240733,false,EIA
2007,POL,12.339805470313312,144.9438276252607,132.6040221549474,false,EIA
2008,POL,12.202312467260569,143.32882954590116,131.12651707864057,false,EIA
2009,POL,11.4579772810717,134.58583994351872,123.12786266244701,false,EIA
2010,POL,11.295880266945845,132.68184220785173,121.38596194090589,false,EIA
2011,POL,11.791961832760887,138.50883527808898,126.71687344532809,false,EIA
2012,POL,12.21806243974651,143.51382932588896,131.29576688614245,false,EIA
2013,POL,12.115985591039731,142.3148307517995,130.19884516075976,false,EIA
2014,POL,12.287985386488627,136.4168377660003,124.12885237951167,false,EIA
2015,POL,12.98498455758096,135.303839089636,122.31885453205504,false,EIA
2016,POL,13.203999988927249,130.63099989045378,117.42699990152653,false,EIA
2017,POL,12.480625157391392,126.6404553925814,114.15983023519001,false,EIA
2018,POL,12.375352770297145,121.9547839650275,109.57943119473036,false,EIA
2019,POL,12.071205644294372,111.9518388610502,99.88063321675584,false,EIA
2020,POL,12.255824057856094,100.36921263571048,88.1133885778544,false,EIA
2021,POL,12.567520430608424,107.36176631980324,94.79424588919481,false,EIA
2022,POL,12.3647312952184,108.19903579797449,95.83430450275608,false,EIA
2023,POL,11.924167819159402,88.7167297134123,76.7925618942529,false,EIA
2024,POL,11.297894000000202,85.15960423662537,73.86171023662517,false,EIA
1990,PRK,0.0,33.14996057634261,33.14996057634261,false,EIA
1991,PRK,0.0,34.758958662838396,34.758958662838396,false,EIA
1992,PRK,0.0,39.06895353716831,39.06895353716831,false,EIA
1993,PRK,0.0,35.8399573772585,35.8399573772585,false,EIA
1994,PRK,0.0,33.59996004117984,33.59996004117984,false,EIA
1995,PRK,0.0,31.299962776456223,31.299962776456223,false,EIA
1996,PRK,0.0,27.759966986403345,27.759966986403345,false,EIA
1997,PRK,0.0,27.23096761551691,27.23096761551691,false,EIA
1998,PRK,0.0,24.5869707598955,24.5869707598955,false,EIA
1999,PRK,0.0,27.759966986403345,27.759966986403345,false,EIA
2000,PRK,0.0,29.742964628119406,29.742964628119406,false,EIA
2001,PRK,0.0,30.53596368504368,30.53596368504368,false,EIA
2002,PRK,0.0,29.356965087170135,29.356965087170135,false,EIA
2003,PRK,0.0,30.223964056089866,30.223964056089866,false,EIA
2004,PRK,0.0,31.710962287674224,31.710962287674224,false,EIA
2005,PRK,0.0,34.60995884003674,34.60995884003674,false,EIA
2006,PRK,0.0,35.105958250168435,35.105958250168435,false,EIA
2007,PRK,0.0,30.337963920515296,30.337963920515296,false,EIA
2008,PRK,0.0,32.33296154796035,32.33296154796035,false,EIA
2009,PRK,0.0,25.4999696741097,25.4999696741097,false,EIA
2010,PRK,0.0,25.4999696741097,25.4999696741097,false,EIA
2011,PRK,0.0,25.4999696741097,25.4999696741097,false,EIA
2012,PRK,0.0,25.79996931733452,25.79996931733452,false,EIA
2013,PRK,0.0,30.424963817050497,30.424963817050497,false,EIA
2014,PRK,0.0,30.970963167719667,30.970963167719667,false,EIA
2015,PRK,0.0,30.24996402516935,30.24996402516935,false,EIA
2016,PRK,0.0,33.05496068932142,33.05496068932142,false,EIA
2017,PRK,0.0,29.141371343565428,29.141371343565428,false,EIA
2018,PRK,0.0,24.318313079397186,24.318313079397186,false,EIA
2019,PRK,0.0,27.18494067025455,27.18494067025455,false,EIA
2020,PRK,0.0,25.560588602018516,25.560588602018516,false,EIA
2021,PRK,0.0,20.98658904165671,20.98658904165671,false,EIA
2022,PRK,0.0,21.65097425153526,21.65097425153526,false,EIA
2023,PRK,0.0,21.928294921731094,21.928294921731094,false,EIA
2024,PRK,0.0,23.00455700000018,23.00455700000018,false,EIA
1990,PRT,0.0,0.28099966582058145,0.28099966582058145,false,EIA
1991,PRT,0.0,0.269999678902338,0.269999678902338,false,EIA
1992,PRT,0.0,0.2209997371756174,0.2209997371756174,false,EIA
1993,PRT,0.0,0.19699976571763178,0.19699976571763178,false,EIA
1994,PRT,0.0,0.1469998251801618,0.1469998251801618,false,EIA
1995,PRT,0.0,0.0,0.0,false,EIA
1996,PRT,0.0,0.0,0.0,false,EIA
1997,PRT,0.0,0.0,0.0,false,EIA
1998,PRT,0.0,0.0,0.0,false,EIA
1999,PRT,0.0,0.0,0.0,false,EIA
2000,PRT,0.0,0.0,0.0,false,EIA
2001,PRT,0.0,0.0,0.0,false,EIA
2002,PRT,0.0,0.0,0.0,false,EIA
2003,PRT,0.0,0.0,0.0,false,EIA
2004,PRT,0.0,0.0,0.0,false,EIA
2005,PRT,0.0,0.0,0.0,false,EIA
2006,PRT,0.0,0.0,0.0,false,EIA
2007,PRT,0.0,0.0,0.0,false,EIA
2008,PRT,0.0,0.0,0.0,false,EIA
2009,PRT,0.0,0.0,0.0,false,EIA
2010,PRT,0.0,0.0,0.0,false,EIA
2011,PRT,0.0,0.0,0.0,false,EIA
2012,PRT,0.0,0.0,0.0,false,EIA
2013,PRT,0.0,0.0,0.0,false,EIA
2014,PRT,0.0,0.0,0.0,false,EIA
2015,PRT,0.0,0.0,0.0,false,EIA
2016,PRT,0.0,0.0,0.0,false,EIA
2017,PRT,0.0,0.0,0.0,false,EIA
2018,PRT,0.0,0.0,0.0,false,EIA
2019,PRT,0.0,0.0,0.0,false,EIA
2020,PRT,0.0,0.0,0.0,false,EIA
2021,PRT,0.0,0.0,0.0,false,EIA
2022,PRT,0.0,0.0,0.0,false,EIA
2023,PRT,0.0,0.0,0.0,false,EIA
2024,PRT,0.0,0.0,0.0,false,EIA
1990,ROU,0.0,38.18295459084434,38.18295459084434,false,EIA
1991,ROU,0.0,32.41396145163105,32.41396145163105,false,EIA
1992,ROU,0.0,38.36995436845448,38.36995436845448,false,EIA
1993,ROU,0.0,39.7509527260994,39.7509527260994,false,EIA
1994,ROU,0.0,40.546951779455924,40.546951779455924,false,EIA
1995,ROU,0.0,41.12095109682608,41.12095109682608,false,EIA
1996,ROU,0.0,41.86895020726663,41.86895020726663,false,EIA
1997,ROU,0.0,33.806959795004964,33.806959795004964,false,EIA
1998,ROU,0.0,26.230968804767514,26.230968804767514,false,EIA
1999,ROU,0.0,22.881972787567772,22.881972787567772,false,EIA
2000,ROU,0.0,29.28496517279618,29.28496517279618,false,EIA
2001,ROU,0.0,33.28896041103678,33.28896041103678,false,EIA
2002,ROU,0.0,30.413963830132253,30.413963830132253,false,EIA
2003,ROU,0.0,33.06296067980741,33.06296067980741,false,EIA
2004,ROU,0.0,31.791962191344926,31.791962191344926,false,EIA
2005,ROU,0.0,31.10596300717084,31.10596300717084,false,EIA
2006,ROU,0.0,34.9229584678013,34.9229584678013,false,EIA
2007,ROU,0.0,35.77995744861353,35.77995744861353,false,EIA
2008,ROU,0.0,35.86095735228423,35.86095735228423,false,EIA
2009,ROU,0.0,33.960959611860375,33.960959611860375,false,EIA
2010,ROU,0.0,31.126962982196577,31.126962982196577,false,EIA
2011,ROU,0.0,35.511957767332696,35.511957767332696,false,EIA
2012,ROU,0.0,33.944959630888384,33.944959630888384,false,EIA
2013,ROU,0.0,24.720970600535917,24.720970600535917,false,EIA
2014,ROU,0.0,23.56497197530961,23.56497197530961,false,EIA
2015,ROU,0.0,25.492969682434452,25.492969682434452,false,EIA
2016,ROU,0.0,22.98501666353485,22.98501666353485,false,EIA
2017,ROU,0.0,25.752261369970814,25.752261369970814,false,EIA
2018,ROU,0.0,23.64712187761267,23.64712187761267,false,EIA
2019,ROU,0.0,21.65229524996426,21.65229524996426,false,EIA
2020,ROU,0.0,15.001982158862498,15.001982158862498,false,EIA
2021,ROU,0.0,17.73297891101911,17.73297891101911,false,EIA
2022,ROU,0.0,18.159978403209106,18.159978403209106,false,EIA
2023,ROU,0.0,14.75198245617515,14.75198245617515,false,EIA
2024,ROU,0.0,12.58999999999996,12.58999999999996,false,EIA
1990,RUS,,,,false,EIA
1991,RUS,,,,false,EIA
1992,RUS,71.6301024838174,316.3936237282439,244.7635212444265,false,EIA
1993,RUS,64.82511370255509,286.33565947473653,221.51054577218144,false,EIA
1994,RUS,57.648157506042224,254.63469717517273,196.9865396691305,false,EIA
1995,RUS,55.63165490857458,245.72770776782585,190.09605285925127,false,EIA
1996,RUS,54.410931656575485,240.33571418026736,185.92478252369187,false,EIA
1997,RUS,51.9285076101813,229.37072722039898,177.44221961021768,false,EIA
1998,RUS,49.50426714608676,218.66273995489252,169.15847280880575,false,EIA
1999,RUS,53.24363768637848,235.1797203120401,181.93608262566164,false,EIA
2000,RUS,54.40821491343376,240.32371419453972,185.91549928110595,false,EIA
2001,RUS,56.154627963491855,248.03770502065606,191.8830770571642,false,EIA
2002,RUS,53.78698631486505,237.57971745784516,183.79273114298013,false,EIA
2003,RUS,58.178827999863486,256.97869438756646,198.799866387703,false,EIA
2004,RUS,58.623694689436654,258.94369205069535,200.3199973612587,false,EIA
2005,RUS,64.04291807279787,282.880663583602,218.8377455108041,false,EIA
2006,RUS,64.4243940890472,284.56566157971014,220.14126749066293,false,EIA
2007,RUS,65.43298498067351,289.02065628160597,223.58767130093247,false,EIA
2008,RUS,69.04195185012976,304.9616373237549,235.91968547362518,false,EIA
2009,RUS,62.48305471851905,275.9906717775395,213.50761705902045,false,EIA
2010,RUS,67.62381192978086,298.6976447732279,231.07383284344706,false,EIA
2011,RUS,66.93149521898522,295.6396484099517,228.70815319096647,false,EIA
2012,RUS,74.5657698444737,329.3606083072331,254.7948384627594,false,EIA
2013,RUS,79.24037921154701,350.00858375158856,270.76820454004155,false,EIA
2014,RUS,80.1942762932963,357.21767517815573,277.02339888485943,false,EIA
2015,RUS,83.43977984845704,371.67445798541036,288.23467813695333,false,EIA
2016,RUS,86.16768386590412,383.8256435345867,297.65795966868257,false,EIA
2017,RUS,86.1798975103833,407.85081495987976,321.67091744949647,false,EIA
2018,RUS,91.63989101707502,432.65368546572853,341.0137944486535,false,EIA
2019,RUS,97.02058861806955,436.99148030700275,339.9708916889332,false,EIA
2020,RUS,90.46418141529004,401.4066226263637,310.94244121107363,false,EIA
2021,RUS,98.3506771152478,435.2669711938268,336.91629407857897,false,EIA
2022,RUS,113.04867498419223,461.34090002612425,348.292225041932,false,EIA
2023,RUS,105.27203480502055,479.91849870951893,374.6464639044984,false,EIA
2024,RUS,107.99101057147315,476.2078726537717,368.2168620822985,false,EIA
1990,SCG,,,,false,EIA
1991,SCG,,,,false,EIA
1992,SCG,0.0,38.4149543149382,38.4149543149382,false,EIA
1993,SCG,0.0,36.860956163033634,36.860956163033634,false,EIA
1994,SCG,0.0,33.74995986279225,33.74995986279225,false,EIA
1995,SCG,0.0,40.594951722371896,40.594951722371896,false,EIA
1996,SCG,0.0,40.526951803240934,40.526951803240934,false,EIA
1997,SCG,0.0,42.977948888387715,42.977948888387715,false,EIA
1998,SCG,0.0,44.07594758259056,44.07594758259056,false,EIA
1999,SCG,0.0,33.09996063580514,33.09996063580514,false,EIA
2000,SCG,0.0,37.09395588593824,37.09395588593824,false,EIA
2001,SCG,0.0,36.3399567826332,36.3399567826332,false,EIA
2002,SCG,0.0,38.39795433515546,38.39795433515546,false,EIA
2003,SCG,0.0,40.27895209817508,40.27895209817508,false,EIA
2004,SCG,0.0,41.15695105401306,41.15695105401306,false,EIA
2005,SCG,0.0,36.39695671484591,36.39695671484591,false,EIA
2006,SCG,,,,false,EIA
2007,SCG,,,,false,EIA
2008,SCG,,,,false,EIA
2009,SCG,,,,false,EIA
2010,SCG,,,,false,EIA
2011,SCG,,,,false,EIA
2012,SCG,,,,false,EIA
2013,SCG,,,,false,EIA
2014,SCG,,,,false,EIA
2015,SCG,,,,false,EIA
2016,SCG,,,,false,EIA
2017,SCG,,,,false,EIA
2018,SCG,,,,false,EIA
2019,SCG,,,,false,EIA
2020,SCG,,,,false,EIA
2021,SCG,,,,false,EIA
2022,SCG,,,,false,EIA
2023,SCG,,,,false,EIA
1990,SRB,,,,false,EIA
1991,SRB,,,,false,EIA
1992,SRB,,,,false,EIA
1993,SRB,,,,false,EIA
1994,SRB,,,,false,EIA
1995,SRB,,,,false,EIA
1996,SRB,,,,false,EIA
1997,SRB,,,,false,EIA
1998,SRB,,,,false,EIA
1999,SRB,,,,false,EIA
2000,SRB,,,,false,EIA
2001,SRB,,,,false,EIA
2002,SRB,,,,false,EIA
2003,SRB,,,,false,EIA
2004,SRB,,,,false,EIA
2005,SRB,,,,false,EIA
2006,SRB,0.0,36.77995625936293,36.77995625936293,false,EIA
2007,SRB,0.0,37.14795582171871,37.14795582171871,false,EIA
2008,SRB,0.0,38.70895396529853,38.70895396529853,false,EIA
2009,SRB,0.0,38.49895421504115,38.49895421504115,false,EIA
2010,SRB,0.0,37.975954837019216,37.975954837019216,false,EIA
2011,SRB,0.0,41.104951115854085,41.104951115854085,false,EIA
2012,SRB,0.0,38.23395453019256,38.23395453019256,false,EIA
2013,SRB,0.0,40.29695207676858,40.29695207676858,false,EIA
2014,SRB,0.0,30.010964309400244,30.010964309400244,false,EIA
2015,SRB,0.0,37.825955015406805,37.825955015406805,false,EIA
2016,SRB,0.0,38.43995428520694,38.43995428520694,false,EIA
2017,SRB,0.0,39.80591166501222,39.80591166501222,false,EIA
2018,SRB,0.0,37.6489122259553,37.6489122259553,false,EIA
2019,SRB,0.0,38.88047376131826,38.88047376131826,false,EIA
2020,SRB,0.0,39.67301981878126,39.67301981878126,false,EIA
2021,SRB,0.0,36.417468690452004,36.417468690452004,false,EIA
2022,SRB,0.0,35.12932922237446,35.12932922237446,false,EIA
2023,SRB,0.0,33.21909749412139,33.21909749412139,false,EIA
2024,SRB,0.0,31.249439999999996,31.249439999999996,false,EIA
1990,SUN,152.22308305455635,710.9991544428262,558.7760713882699,false,EIA
1991,SUN,136.2796494854024,636.5310280646494,500.251378579247,false,EIA
1992,SUN,,,,false,EIA
1993,SUN,,,,false,EIA
1994,SUN,,,,false,EIA
1995,SUN,,,,false,EIA
1996,SUN,,,,false,EIA
1997,SUN,,,,false,EIA
1998,SUN,,,,false,EIA
1999,SUN,,,,false,EIA
2000,SUN,,,,false,EIA
2001,SUN,,,,false,EIA
2002,SUN,,,,false,EIA
2003,SUN,,,,false,EIA
2004,SUN,,,,false,EIA
2005,SUN,,,,false,EIA
2006,SUN,,,,false,EIA
2007,SUN,,,,false,EIA
2008,SUN,,,,false,EIA
2009,SUN,,,,false,EIA
2010,SUN,,,,false,EIA
2011,SUN,,,,false,EIA
2012,SUN,,,,false,EIA
2013,SUN,,,,false,EIA
2014,SUN,,,,false,EIA
2015,SUN,,,,false,EIA
2016,SUN,,,,false,EIA
2017,SUN,,,,false,EIA
2018,SUN,,,,false,EIA
2019,SUN,,,,false,EIA
2020,SUN,,,,false,EIA
2021,SUN,,,,false,EIA
2022,SUN,,,,false,EIA
2023,SUN,,,,false,EIA
1990,SVK,,,,false,EIA
1991,SVK,,,,false,EIA
1992,SVK,,,,false,EIA
1993,SVK,0.0,3.546995781728122,3.546995781728122,false,EIA
1994,SVK,0.0,3.6339956782633194,3.6339956782633194,false,EIA
1995,SVK,0.0,3.758995529606995,3.758995529606995,false,EIA
1996,SVK,0.0,3.828995446359453,3.828995446359453,false,EIA
1997,SVK,0.0,3.9149953440839007,3.9149953440839007,false,EIA
1998,SVK,0.0,3.950995301270879,3.950995301270879,false,EIA
1999,SVK,0.0,3.7479955426887512,3.7479955426887512,false,EIA
2000,SVK,0.0,3.647995661613811,3.647995661613811,false,EIA
2001,SVK,0.0,3.4239959280059455,3.4239959280059455,false,EIA
2002,SVK,0.0,3.4039959517909573,3.4039959517909573,false,EIA
2003,SVK,0.0,3.0969963168908916,3.0969963168908916,false,EIA
2004,SVK,0.0,2.9519964893322292,2.9519964893322292,false,EIA
2005,SVK,0.0,2.5109970137917434,2.5109970137917434,false,EIA
2006,SVK,0.0,2.2009973824594296,2.2009973824594296,false,EIA
2007,SVK,0.0,2.110997489491983,2.110997489491983,false,EIA
2008,SVK,0.0,2.4229971184457963,2.4229971184457963,false,EIA
2009,SVK,0.0,2.5729969400582062,2.5729969400582062,false,EIA
2010,SVK,0.0,2.377997171962073,2.377997171962073,false,EIA
2011,SVK,0.0,2.3759971743405743,2.3759971743405743,false,EIA
2012,SVK,0.0,2.291997274237625,2.291997274237625,false,EIA
2013,SVK,0.0,2.3529972016933383,2.3529972016933383,false,EIA
2014,SVK,0.0,2.187997397919687,2.187997397919687,false,EIA
2015,SVK,0.0,1.9389976940430866,1.9389976940430866,false,EIA
2016,SVK,0.0,1.8469978034541419,1.8469978034541419,false,EIA
2017,SVK,0.0,1.8339978189143995,1.8339978189143995,false,EIA
2018,SVK,0.0,1.501998213745599,1.501998213745599,false,EIA
2019,SVK,0.0,1.464998257747871,1.464998257747871,false,EIA
2020,SVK,0.0,0.9809988333451615,0.9809988333451615,false,EIA
2021,SVK,0.0,1.0739987227448555,1.0739987227448555,false,EIA
2022,SVK,0.0,0.869998965351978,0.869998965351978,false,EIA
2023,SVK,0.0,0.764999090223291,0.764999090223291,false,EIA
2024,SVK,0.0,0.0,0.0,false,EIA
1990,SVN,,,,false,EIA
1991,SVN,,,,false,EIA
1992,SVN,0.0,5.573993371117155,5.573993371117155,false,EIA
1993,SVN,0.0,5.1209939098476775,5.1209939098476775,false,EIA
1994,SVN,0.0,4.853994227377588,4.853994227377588,false,EIA
1995,SVN,0.0,4.8839941917000695,4.8839941917000695,false,EIA
1996,SVN,0.0,4.76699433084239,4.76699433084239,false,EIA
1997,SVN,0.0,4.929994136994542,4.929994136994542,false,EIA
1998,SVN,0.0,4.874994202403325,4.874994202403325,false,EIA
1999,SVN,0.0,4.555994581774266,4.555994581774266,false,EIA
2000,SVN,0.0,4.4799946721573125,4.4799946721573125,false,EIA
2001,SVN,0.0,4.13299508482727,4.13299508482727,false,EIA
2002,SVN,0.0,4.685994427171689,4.685994427171689,false,EIA
2003,SVN,0.0,4.829994255919603,4.829994255919603,false,EIA
2004,SVN,0.0,4.808994280893865,4.808994280893865,false,EIA
2005,SVN,0.0,4.5399946008022765,4.5399946008022765,false,EIA
2006,SVN,0.0,4.521994622208787,4.521994622208787,false,EIA
2007,SVN,0.0,4.534994606748529,4.534994606748529,false,EIA
2008,SVN,0.0,4.519994624587288,4.519994624587288,false,EIA
2009,SVN,0.0,4.428994732809093,4.428994732809093,false,EIA
2010,SVN,0.0,4.429994731619843,4.429994731619843,false,EIA
2011,SVN,0.0,4.500994647183049,4.500994647183049,false,EIA
2012,SVN,0.0,4.2779949123859335,4.2779949123859335,false,EIA
2013,SVN,0.0,3.8759953904646745,3.8759953904646745,false,EIA
2014,SVN,0.0,3.107996303809135,3.107996303809135,false,EIA
2015,SVN,0.0,3.1679962324540996,3.1679962324540996,false,EIA
2016,SVN,0.0,3.3489960171997404,3.3489960171997404,false,EIA
2017,SVN,0.0,3.3559960088749863,3.3559960088749863,false,EIA
2018,SVN,0.0,3.21699617418082,3.21699617418082,false,EIA
2019,SVN,0.0,3.142807262410132,3.142807262410132,false,EIA
2020,SVN,0.0,3.1745632246442907,3.1745632246442907,false,EIA
2021,SVN,0.0,2.6120158936548368,2.6120158936548368,false,EIA
2022,SVN,0.0,2.3579711957780054,2.3579711957780054,false,EIA
2023,SVN,0.0,2.4395360987767805,2.4395360987767805,false,EIA
2024,SVN,0.0,2.1692010000000064,2.1692010000000064,false,EIA
1990,SWE,0.0,0.0109999869182434,0.0109999869182434,false,EIA
1991,SWE,0.0,0.027999966700983203,0.027999966700983203,false,EIA
1992,SWE,0.0,0.036999955997727804,0.036999955997727804,false,EIA
1993,SWE,0.0,0.0,0.0,false,EIA
1994,SWE,0.0,0.0,0.0,false,EIA
1995,SWE,0.0,0.0,0.0,false,EIA
1996,SWE,0.0,0.0,0.0,false,EIA
1997,SWE,0.0,0.0,0.0,false,EIA
1998,SWE,0.0,0.0,0.0,false,EIA
1999,SWE,0.0,0.0,0.0,false,EIA
2000,SWE,0.0,0.0,0.0,false,EIA
2001,SWE,0.0,0.0,0.0,false,EIA
2002,SWE,0.0,0.0,0.0,false,EIA
2003,SWE,0.0,0.0,0.0,false,EIA
2004,SWE,0.0,0.0,0.0,false,EIA
2005,SWE,0.0,0.0,0.0,false,EIA
2006,SWE,0.0,0.0,0.0,false,EIA
2007,SWE,0.0,0.0,0.0,false,EIA
2008,SWE,0.0,0.0,0.0,false,EIA
2009,SWE,0.0,0.0,0.0,false,EIA
2010,SWE,0.0,0.0,0.0,false,EIA
2011,SWE,0.0,0.0,0.0,false,EIA
2012,SWE,0.0,0.0,0.0,false,EIA
2013,SWE,0.0,0.0,0.0,false,EIA
2014,SWE,0.0,0.0,0.0,false,EIA
2015,SWE,0.0,0.0,0.0,false,EIA
2016,SWE,0.0,0.0,0.0,false,EIA
2017,SWE,0.0,0.0,0.0,false,EIA
2018,SWE,0.0,0.0,0.0,false,EIA
2019,SWE,0.0,0.0,0.0,false,EIA
2020,SWE,0.0,0.0,0.0,false,EIA
2021,SWE,0.0,0.0,0.0,false,EIA
2022,SWE,0.0,0.0,0.0,false,EIA
2023,SWE,0.0,0.0,0.0,false,EIA
2024,SWE,0.0,0.0,0.0,false,EIA
1990,SWZ,0.0,0.159999809719904,0.159999809719904,false,EIA
1991,SWZ,0.0,0.1229998537221762,0.1229998537221762,false,EIA
1992,SWZ,0.0,0.09899988226419061,0.09899988226419061,false,EIA
1993,SWZ,0.0,0.05599993340196549,0.05599993340196549,false,EIA
1994,SWZ,0.0,0.17399979307039562,0.17399979307039562,false,EIA
1995,SWZ,0.0,0.17199979544889682,0.17199979544889682,false,EIA
1996,SWZ,0.0,0.1289998465866726,0.1289998465866726,false,EIA
1997,SWZ,0.0,0.20964901713644124,0.20964901713644124,false,EIA
1998,SWZ,0.0,0.3411800962508833,0.3411800962508833,false,EIA
1999,SWZ,0.0,0.36058982216782764,0.36058982216782764,false,EIA
2000,SWZ,0.0,0.37999954808477204,0.37999954808477204,false,EIA
2001,SWZ,0.0,0.31499962538606097,0.31499962538606097,false,EIA
2002,SWZ,0.0,0.4239994957577456,0.4239994957577456,false,EIA
2003,SWZ,0.0,0.4486634664260688,0.4486634664260688,false,EIA
2004,SWZ,0.0,0.4883134192722825,0.4883134192722825,false,EIA
2005,SWZ,0.0,0.4509994636479794,0.4509994636479794,false,EIA
2006,SWZ,0.0,0.4439994719727336,0.4439994719727336,false,EIA
2007,SWZ,0.0,0.46199945056622277,0.46199945056622277,false,EIA
2008,SWZ,0.0,0.44999946483723,0.44999946483723,false,EIA
2009,SWZ,0.0,0.29676841901011686,0.29676841901011686,false,EIA
2010,SWZ,0.0,0.1435373731830038,0.1435373731830038,false,EIA
2011,SWZ,0.0,0.13999983350491602,0.13999983350491602,false,EIA
2012,SWZ,0.0,0.1498149101468558,0.1498149101468558,false,EIA
2013,SWZ,0.0,0.1269998489651738,0.1269998489651738,false,EIA
2014,SWZ,0.0,0.1326498422459079,0.1326498422459079,false,EIA
2015,SWZ,0.0,0.129135821785797,0.129135821785797,false,EIA
2016,SWZ,0.0,0.15839981162270497,0.15839981162270497,false,EIA
2017,SWZ,0.0,0.1725048642025986,0.1725048642025986,false,EIA
2018,SWZ,0.0,0.1289998465866726,0.1289998465866726,false,EIA
2019,SWZ,0.0,0.10989986930135906,0.10989986930135906,false,EIA
2020,SWZ,0.0,0.10810010185428795,0.10810010185428795,false,EIA
2021,SWZ,0.0,0.1156958624084626,0.1156958624084626,false,EIA
2022,SWZ,0.0,0.21874973985143126,0.21874973985143126,false,EIA
2023,SWZ,0.0,0.25317469891147937,0.25317469891147937,false,EIA
2024,SWZ,0.0,0.3540629999999986,0.3540629999999986,false,EIA
1990,THA,0.0,12.438458307538404,12.438458307538404,false,EIA
1991,THA,0.0,14.645997182218348,14.645997182218348,false,EIA
1992,THA,0.0,15.388542299145074,15.388542299145074,false,EIA
1993,THA,0.0,15.537908121511467,15.537908121511467,false,EIA
1994,THA,0.0,17.094850269914883,17.094850269914883,false,EIA
1995,THA,0.0,18.420776093054926,18.420776093054926,false,EIA
1996,THA,0.0,21.690367704686516,21.690367704686516,false,EIA
1997,THA,0.0,23.438528425682858,23.438528425682858,false,EIA
1998,THA,0.0,19.99617131951298,19.99617131951298,false,EIA
1999,THA,0.0,18.26128608272874,18.26128608272874,false,EIA
2000,THA,0.0,17.785726248289233,17.785726248289233,false,EIA
2001,THA,0.0,19.606971882369194,19.606971882369194,false,EIA
2002,THA,0.0,19.60196098832841,19.60196098832841,false,EIA
2003,THA,0.0,18.843372890480836,18.843372890480836,false,EIA
2004,THA,0.0,20.059819643819083,20.059819643819083,false,EIA
2005,THA,0.0,20.87815157061619,20.87815157061619,false,EIA
2006,THA,0.0,19.070585420267875,19.070585420267875,false,EIA
2007,THA,0.0,18.239153809049593,18.239153809049593,false,EIA
2008,THA,0.0,18.095363780052175,18.095363780052175,false,EIA
2009,THA,0.0,17.566079109505033,17.566079109505033,false,EIA
2010,THA,0.0,18.25804028658881,18.25804028658881,false,EIA
2011,THA,0.0,21.327080636726393,21.327080636726393,false,EIA
2012,THA,0.0,18.066407514488475,18.066407514488475,false,EIA
2013,THA,0.0,18.110741461764235,18.110741461764235,false,EIA
2014,THA,0.0,17.981700115226918,17.981700115226918,false,EIA
2015,THA,0.0,15.150530982200511,15.150530982200511,false,EIA
2016,THA,0.0,16.978580808188575,16.978580808188575,false,EIA
2017,THA,0.0,16.25861766307263,16.25861766307263,false,EIA
2018,THA,0.0,14.851982337250089,14.851982337250089,false,EIA
2019,THA,0.0,14.077983257730054,14.077983257730054,false,EIA
2020,THA,0.0,13.2509842412403,13.2509842412403,false,EIA
2021,THA,0.0,14.221556086985776,14.221556086985776,false,EIA
2022,THA,0.0,13.641983776243315,13.641983776243315,false,EIA
2023,THA,0.0,12.811984763321313,12.811984763321313,false,EIA
2024,THA,0.0,12.811999999999765,12.811999999999765,false,EIA
1990,TJK,,,,false,EIA
1991,TJK,,,,false,EIA
1992,TJK,0.0,0.4139995076502516,0.4139995076502516,false,EIA
1993,TJK,0.0,0.3739995552202756,0.3739995552202756,false,EIA
1994,TJK,0.0,0.1089998703716846,0.1089998703716846,false,EIA
1995,TJK,0.0,0.040999951240725405,0.040999951240725405,false,EIA
1996,TJK,0.0,0.019999976214988,0.019999976214988,false,EIA
1997,TJK,0.0,0.0169999797827398,0.0169999797827398,false,EIA
1998,TJK,0.0,0.0189999774042386,0.0189999774042386,false,EIA
1999,TJK,0.0,0.0189999774042386,0.0189999774042386,false,EIA
2000,TJK,0.0,0.0219999738364868,0.0219999738364868,false,EIA
2001,TJK,0.0,0.0239999714579856,0.0239999714579856,false,EIA
2002,TJK,0.0,0.0359999571869784,0.0359999571869784,false,EIA
2003,TJK,0.0,0.0469999441052218,0.0469999441052218,false,EIA
2004,TJK,0.0,0.0929998893996942,0.0929998893996942,false,EIA
2005,TJK,0.0,0.09899988226419061,0.09899988226419061,false,EIA
2006,TJK,0.0,0.104999875128687,0.104999875128687,false,EIA
2007,TJK,0.0,0.1809997847456414,0.1809997847456414,false,EIA
2008,TJK,0.0,0.1989997633391306,0.1989997633391306,false,EIA
2009,TJK,0.0,0.2019997597713788,0.2019997597713788,false,EIA
2010,TJK,0.0,0.19999976214988002,0.19999976214988002,false,EIA
2011,TJK,0.0,0.2359997193368584,0.2359997193368584,false,EIA
2012,TJK,0.0,0.4119995100287528,0.4119995100287528,false,EIA
2013,TJK,0.0,0.5159993863466904,0.5159993863466904,false,EIA
2014,TJK,0.0,0.8779989558379733,0.8779989558379733,false,EIA
2015,TJK,0.0,1.041998760800875,1.041998760800875,false,EIA
2016,TJK,0.0,1.3609983814299336,1.3609983814299336,false,EIA
2017,TJK,0.0,1.759997906918944,1.759997906918944,false,EIA
2018,TJK,0.0,1.9069977320991058,1.9069977320991058,false,EIA
2019,TJK,0.0,2.0287975872483828,2.0287975872483828,false,EIA
2020,TJK,0.0,2.0890975155365714,2.0890975155365714,false,EIA
2021,TJK,0.0,2.1492414440102836,2.1492414440102836,false,EIA
2022,TJK,0.0,2.1749974133799452,2.1749974133799452,false,EIA
2023,TJK,0.0,2.3935971534097638,2.3935971534097638,false,EIA
2024,TJK,0.0,2.4088099999999812,2.4088099999999812,false,EIA
1990,TUR,0.5702188943418075,47.42794359622254,46.857724701880734,false,EIA
1991,TUR,0.5543487555939964,46.10794516603334,45.55359641043934,false,EIA
1992,TUR,0.6183462923777833,51.43093883565239,50.812592543274604,false,EIA
1993,TUR,0.5838287406012941,48.55994224999086,47.97611350938957,false,EIA
1994,TUR,0.6536934195888172,54.37093533925563,53.71724191966681,false,EIA
1995,TUR,0.6621334479228803,55.0729345044017,54.41080105647882,false,EIA
1996,TUR,0.6776429016991503,56.36293297026843,55.68529006856928,false,EIA
1997,TUR,0.7205163219830099,59.928928729400795,59.20841240741778,false,EIA
1998,TUR,0.8101345145786037,67.38291986472682,66.57278535014821,false,EIA
1999,TUR,0.8059866374058804,67.03792027501828,66.2319336376124,false,EIA
2000,TUR,0.7606605593155411,63.267924758493045,62.507264199177506,false,EIA
2001,TUR,0.7465818225930511,62.09692615110549,61.35034432851244,false,EIA
2002,TUR,0.6490405834559362,53.98393579949561,53.334895216039676,false,EIA
2003,TUR,0.5838648090984482,48.56294224642311,47.97907743732466,false,EIA
2004,TUR,0.5575828975054823,46.37694484612493,45.819361948619445,false,EIA
2005,TUR,0.7014120413237128,58.33993061912,57.63851857779628,false,EIA
2006,TUR,0.7725270948792453,64.2549235847027,63.48239648982345,false,EIA
2007,TUR,0.9060887398409376,75.36391037331778,74.45782163347684,false,EIA
2008,TUR,0.954636937010378,79.40190557112386,78.44726863411348,false,EIA
2009,TUR,0.9558031517516944,79.49890545576655,78.54310230401485,false,EIA
2010,TUR,0.8824638742049915,73.3989127101952,72.51644883599022,false,EIA
2011,TUR,0.9040208126707683,75.19191057786888,74.28788976519812,false,EIA
2012,TUR,0.8448324088408635,70.2689164325496,69.42408402370874,false,EIA
2013,TUR,0.794867958085002,66.11312437483367,65.31825641674867,false,EIA
2014,TUR,0.8609989760552333,65.2369224168586,64.37592344080338,false,EIA
2015,TUR,0.7669990878447898,58.41393053111545,57.64693144327066,false,EIA
2016,TUR,0.694999173470833,73.0039131799492,72.30891400647836,false,EIA
2017,TUR,0.7641110912793455,74.09808287870567,73.33397178742632,false,EIA
2018,TUR,0.6921321768804145,83.93655317828507,83.24442100140465,false,EIA
2019,TUR,0.6988691688684332,87.08899442923796,86.39012526036953,false,EIA
2020,TUR,0.6172812658970112,74.71191114870918,74.09462988281217,false,EIA
2021,TUR,0.7075111995647992,85.63278492145477,84.92527372188997,false,EIA
2022,TUR,0.759995096174301,83.95629996221722,83.19630486604291,false,EIA
2023,TUR,0.47014344088096593,78.5321406054936,78.06199716461263,false,EIA
2024,TUR,0.5330589999999971,78.99795899999984,78.46489999999984,false,EIA
1990,TWN,0.0,0.4719994386737168,0.4719994386737168,false,EIA
1991,TWN,0.0,0.4019995219212588,0.4019995219212588,false,EIA
1992,TWN,0.0,0.334999601601049,0.334999601601049,false,EIA
1993,TWN,0.0,0.32799960992580324,0.32799960992580324,false,EIA
1994,TWN,0.0,0.28499966106357905,0.28499966106357905,false,EIA
1995,TWN,0.0,0.234999720526109,0.234999720526109,false,EIA
1996,TWN,0.0,0.1469998251801618,0.1469998251801618,false,EIA
1997,TWN,0.0,0.09899988226419061,0.09899988226419061,false,EIA
1998,TWN,0.0,0.0789999060492026,0.0789999060492026,false,EIA
1999,TWN,0.0,0.0919998905889448,0.0919998905889448,false,EIA
2000,TWN,0.0,0.08299990129220021,0.08299990129220021,false,EIA
2001,TWN,0.0,0.0,0.0,false,EIA
2002,TWN,0.0,0.0,0.0,false,EIA
2003,TWN,0.0,0.0,0.0,false,EIA
2004,TWN,0.0,0.0,0.0,false,EIA
2005,TWN,0.0,0.0,0.0,false,EIA
2006,TWN,0.0,0.0,0.0,false,EIA
2007,TWN,0.0,0.0,0.0,false,EIA
2008,TWN,0.0,0.0,0.0,false,EIA
2009,TWN,0.0,0.0,0.0,false,EIA
2010,TWN,0.0,0.0,0.0,false,EIA
2011,TWN,0.0,0.0,0.0,false,EIA
2012,TWN,0.0,0.0,0.0,false,EIA
2013,TWN,0.0,0.0,0.0,false,EIA
2014,TWN,0.0,0.0,0.0,false,EIA
2015,TWN,0.0,0.0,0.0,false,EIA
2016,TWN,0.0,0.0,0.0,false,EIA
2017,TWN,0.0,0.0,0.0,false,EIA
2018,TWN,0.0,0.0,0.0,false,EIA
2019,TWN,0.0,0.0,0.0,false,EIA
2020,TWN,0.0,0.0,0.0,false,EIA
2021,TWN,0.0,0.0,0.0,false,EIA
2022,TWN,0.0,0.0,0.0,false,EIA
2023,TWN,0.0,0.0,0.0,false,EIA
2024,TWN,0.0,0.0,0.0,false,EIA
1990,TZA,0.0,0.006874991823902125,0.006874991823902125,false,EIA
1991,TZA,0.0,0.0109999869182434,0.0109999869182434,false,EIA
1992,TZA,0.0,0.0219999738364868,0.0219999738364868,false,EIA
1993,TZA,0.0,0.0439999476729736,0.0439999476729736,false,EIA
1994,TZA,0.0,0.0459999452944724,0.0459999452944724,false,EIA
1995,TZA,0.0,0.0439999476729736,0.0439999476729736,false,EIA
1996,TZA,0.0,0.0569999322127158,0.0569999322127158,false,EIA
1997,TZA,0.0,0.027999966700983203,0.027999966700983203,false,EIA
1998,TZA,0.0,0.044999946483723005,0.044999946483723005,false,EIA
1999,TZA,0.0,0.074999910806205,0.074999910806205,false,EIA
2000,TZA,0.0,0.0791839058303805,0.0791839058303805,false,EIA
2001,TZA,0.0,0.07778890748938508,0.07778890748938508,false,EIA
2002,TZA,0.0,0.07920990579945998,0.07920990579945998,false,EIA
2003,TZA,0.0,0.05460993505502473,0.05460993505502473,false,EIA
2004,TZA,0.0,0.06504092264995173,0.06504092264995173,false,EIA
2005,TZA,0.0,0.030794963377027775,0.030794963377027775,false,EIA
2006,TZA,0.0,0.017939978664844237,0.017939978664844237,false,EIA
2007,TZA,0.0,0.027197967654762182,0.027197967654762182,false,EIA
2008,TZA,0.0,0.015241981873442355,0.015241981873442355,false,EIA
2009,TZA,0.0,0.05395393583517313,0.05395393583517313,false,EIA
2010,TZA,0.0,0.0673319199253786,0.0673319199253786,false,EIA
2011,TZA,0.0,0.08070990401558407,0.08070990401558407,false,EIA
2012,TZA,0.0,0.0786719064392768,0.0786719064392768,false,EIA
2013,TZA,0.0,0.08477189918484813,0.08477189918484813,false,EIA
2014,TZA,0.0,0.2459997074443524,0.2459997074443524,false,EIA
2015,TZA,0.0,0.2569996943625958,0.2569996943625958,false,EIA
2016,TZA,0.0,0.27599967176683443,0.27599967176683443,false,EIA
2017,TZA,0.0,0.5589993352089145,0.5589993352089145,false,EIA
2018,TZA,0.0,0.6279992531506232,0.6279992531506232,false,EIA
2019,TZA,0.0,0.7121351530918347,0.7121351530918347,false,EIA
2020,TZA,0.0,0.6899581794658454,0.6899581794658454,false,EIA
2021,TZA,0.0,0.7548236723652233,0.7548236723652233,false,EIA
2022,TZA,0.0,2.5109970137917434,2.5109970137917434,false,EIA
2023,TZA,0.0,2.3414672154053977,2.3414672154053977,false,EIA
2024,TZA,0.0,1.8558959999999747,1.8558959999999747,false,EIA
1990,UKR,,,,false,EIA
1991,UKR,,,,false,EIA
1992,UKR,37.656826636910274,123.38485326431473,85.72802662740446,false,EIA
1993,UKR,32.2676444449537,105.72687426410182,73.45922981914812,false,EIA
1994,UKR,26.400217350131804,86.5018971274446,60.10167977731279,false,EIA
1995,UKR,23.285979322794343,76.29790926255772,53.01192993976338,false,EIA
1996,UKR,17.38498047346371,56.96293225671807,39.57795178325436,false,EIA
1997,UKR,17.876959275900795,58.5749303396461,40.69797106374531,false,EIA
1998,UKR,18.167812749053734,59.52792920629028,41.36011645723654,false,EIA
1999,UKR,19.17282899993792,62.82092529008806,43.64809629015014,false,EIA
2000,UKR,19.045256332804733,62.40292578719481,43.35766945439008,false,EIA
2001,UKR,18.82581913742492,61.683926642265995,42.85810750484107,false,EIA
2002,UKR,18.786753823087484,61.55592679449006,42.76917297140258,false,EIA
2003,UKR,19.6034630509545,64.23192361205547,44.628460561100965,false,EIA
2004,UKR,18.18642981291767,59.58892913374599,41.402499320828326,false,EIA
2005,UKR,18.422042490015325,60.360928215644535,41.938885725629206,false,EIA
2006,UKR,18.821851566437523,61.67092665772625,42.849075091288725,false,EIA
2007,UKR,19.597664293357536,64.21292363465122,44.61525934129368,false,EIA
2008,UKR,19.666944186752833,64.43992336469134,44.77297917793851,false,EIA
2009,UKR,18.200163712489424,59.63392908022972,41.43376536774029,false,EIA
2010,UKR,17.59739812017352,57.65893142899966,40.06153330882614,false,EIA
2011,UKR,19.131016905686135,62.68392545301539,43.55290854732925,false,EIA
2012,UKR,19.99747336977973,65.52292207673294,45.52544870695321,false,EIA
2013,UKR,19.66297661576545,64.42692338015165,44.7639467643862,false,EIA
2014,UKR,12.021985702829287,45.93094537653032,33.908959673701034,false,EIA
2015,UKR,10.610987380861884,34.46395901366757,23.852971632805684,false,EIA
2016,UKR,7.047991618161953,32.16996174180822,25.12197012364627,false,EIA
2017,UKR,5.751993159430549,24.684970643348937,18.932977483918386,false,EIA
2018,UKR,5.145893880235338,26.793968135219423,21.648074254984085,false,EIA
2019,UKR,6.3227924806063065,26.06996899623686,19.747176515630553,false,EIA
2020,UKR,4.599825644654029,24.439970934715518,19.84014529006149,false,EIA
2021,UKR,5.339256231220613,24.922948438132718,19.583692206912104,false,EIA
2022,UKR,1.3089999999999784,18.30897978273978,16.9999797827398,false,EIA
2023,UKR,3.4119999999999897,19.85098044990938,16.43898044990939,false,EIA
2024,UKR,2.7689999999999726,19.769000000000343,17.00000000000037,false,EIA
1990,USA,93.2588890916783,933.5622675748707,840.3033784831924,false,EIA
1991,USA,88.85289433151644,903.5415586589393,814.6886643274229,false,EIA
1992,USA,83.11290115781487,904.9574753646211,821.8445742068062,false,EIA
1993,USA,73.28191284933753,857.6744642193466,784.3925513700091,false,EIA
1994,USA,71.96691441320208,937.5790865588717,865.6121721456697,false,EIA
1995,USA,77.16590823028821,937.0980427786393,859.9321345483511,false,EIA
1996,USA,76.81490864771516,965.1134869584716,888.2985783107565,false,EIA
1997,USA,74.10591186939503,988.7694857145151,914.66357384512,false,EIA
1998,USA,67.18492010019844,1013.8108499157516,946.6259298155533,false,EIA
1999,USA,53.62293622881507,998.2946170417035,944.6716808128884,false,EIA
2000,USA,54.28693543915268,973.9640248267792,919.6770893876266,false,EIA
2001,USA,44.883946621676074,1023.0220762720205,978.1381296503445,false,EIA
2002,USA,38.78895387015847,992.7168941796891,953.9279403095306,false,EIA
2003,USA,40.004952424029746,972.2775792813361,932.2726268573064,false,EIA
2004,USA,44.22194740895997,1008.8791242352438,964.6571768262838,false,EIA
2005,USA,46.443944766445135,1026.4778087518093,980.0338639853642,false,EIA
2006,USA,44.598946960612494,1054.8287470850037,1010.2298001243912,false,EIA
2007,USA,47.306943740121866,1040.2100873286354,992.9031435885136,false,EIA
2008,USA,57.366931776260834,1063.046942716511,1005.6800109402502,false,EIA
2009,USA,46.558944629681314,975.154097891438,928.5951532617568,false,EIA
2010,USA,68.64491836389256,983.7222364076616,915.0773180437691,false,EIA
2011,USA,81.655902890553,993.9365813830007,912.2806784924477,false,EIA
2012,USA,81.29990331392622,922.1155656541414,840.8156623402151,false,EIA
2013,USA,77.85731594102,893.4334332232525,815.5761172822324,false,EIA
2014,USA,72.71632641317171,907.2292311610478,834.5129047478761,false,EIA
2015,USA,57.88693115785052,813.6907914406086,755.803860282758,false,EIA
2016,USA,50.64527275000029,660.7611577433569,610.1158849933565,false,EIA
2017,USA,67.38749685668,702.7137881316122,635.3262912749321,false,EIA
2018,USA,71.94700735992,685.9832494741304,614.0362421142104,false,EIA
2019,USA,64.64392312208422,640.7512379852996,576.1073148632154,false,EIA
2020,USA,50.3578249174,485.73755407716004,435.37972915976,false,EIA
2021,USA,56.08397499628,523.8368438002977,467.75286880401774,false,EIA
2022,USA,55.2793021319,539.0086050207966,483.7293028888966,false,EIA
2023,USA,59.98124063932,524.3110646441006,464.3298240047806,false,EIA
2024,USA,64.84193647624001,464.9687605674558,400.1268240912158,false,EIA
1990,UZB,,,,false,EIA
1991,UZB,,,,false,EIA
1992,UZB,0.0,5.530993422254932,5.530993422254932,false,EIA
1993,UZB,0.0,4.656994461659956,4.656994461659956,false,EIA
1994,UZB,0.0,4.64999446998471,4.64999446998471,false,EIA
1995,UZB,0.0,3.0539963680286677,3.0539963680286677,false,EIA
1996,UZB,0.0,2.836996626096048,2.836996626096048,false,EIA
1997,UZB,0.0,2.9469964952784817,2.9469964952784817,false,EIA
1998,UZB,0.0,2.9229965238204962,2.9229965238204962,false,EIA
1999,UZB,0.0,2.9699964679257183,2.9699964679257183,false,EIA
2000,UZB,0.0,2.569996943625958,2.569996943625958,false,EIA
2001,UZB,0.0,2.7109967759416236,2.7109967759416236,false,EIA
2002,UZB,0.0,2.735996746210358,2.735996746210358,false,EIA
2003,UZB,0.0,1.9129977249636023,1.9129977249636023,false,EIA
2004,UZB,0.0,2.78399668912633,2.78399668912633,false,EIA
2005,UZB,0.0,3.075996341865155,3.075996341865155,false,EIA
2006,UZB,0.0,3.234996152774309,3.234996152774309,false,EIA
2007,UZB,0.0,3.441995906599435,3.441995906599435,false,EIA
2008,UZB,0.0,3.289996087365526,3.289996087365526,false,EIA
2009,UZB,0.0,3.6539956544783077,3.6539956544783077,false,EIA
2010,UZB,0.0,3.6299956830203217,3.6299956830203217,false,EIA
2011,UZB,0.0,3.8439954285206936,3.8439954285206936,false,EIA
2012,UZB,0.0,3.852995417817438,3.852995417817438,false,EIA
2013,UZB,0.0,4.0899951359650455,4.0899951359650455,false,EIA
2014,UZB,0.0,4.396994770865112,4.396994770865112,false,EIA
2015,UZB,0.0,3.4859958542724083,3.4859958542724083,false,EIA
2016,UZB,0.0,3.8669954011679297,3.8669954011679297,false,EIA
2017,UZB,0.0,4.038995196616827,4.038995196616827,false,EIA
2018,UZB,0.0,4.174395035592295,4.174395035592295,false,EIA
2019,UZB,0.0,4.049495184129695,4.049495184129695,false,EIA
2020,UZB,0.0,4.131795086254371,4.131795086254371,false,EIA
2021,UZB,0.0,5.054793988576067,5.054793988576067,false,EIA
2022,UZB,0.0,5.356193630135928,5.356193630135928,false,EIA
2023,UZB,0.0,6.379168413561115,6.379168413561115,false,EIA
2024,UZB,0.0,5.313331000000028,5.313331000000028,false,EIA
1990,VEN,0.0,2.188997396730437,2.188997396730437,false,EIA
1991,VEN,0.0,2.1749974133799452,2.1749974133799452,false,EIA
1992,VEN,0.0,2.44999708633603,2.44999708633603,false,EIA
1993,VEN,0.0,3.814995463008961,3.814995463008961,false,EIA
1994,VEN,0.0,4.2779949123859335,4.2779949123859335,false,EIA
1995,VEN,0.0,4.063995166885562,4.063995166885562,false,EIA
1996,VEN,0.0,3.638995672317067,3.638995672317067,false,EIA
1997,VEN,0.0,5.1459938801164125,5.1459938801164125,false,EIA
1998,VEN,0.0,7.455991132947527,7.455991132947527,false,EIA
1999,VEN,0.0,6.978991700220063,6.978991700220063,false,EIA
2000,VEN,0.0,7.88499062275902,7.88499062275902,false,EIA
2001,VEN,0.0,7.584990979534199,7.584990979534199,false,EIA
2002,VEN,0.0,7.368991236412328,7.368991236412328,false,EIA
2003,VEN,0.0,7.389991211438066,7.389991211438066,false,EIA
2004,VEN,0.0,7.29249132739,7.29249132739,false,EIA
2005,VEN,0.0,7.194991443341933,7.194991443341933,false,EIA
2006,VEN,0.0,6.98299169546306,6.98299169546306,false,EIA
2007,VEN,0.0,6.096992749139092,6.096992749139092,false,EIA
2008,VEN,0.0,4.921994146508546,4.921994146508546,false,EIA
2009,VEN,0.0,3.7279955664737634,3.7279955664737634,false,EIA
2010,VEN,0.0,3.1694962306702235,3.1694962306702235,false,EIA
2011,VEN,0.0,2.6109968948666835,2.6109968948666835,false,EIA
2012,VEN,0.0,1.9109977273421035,1.9109977273421035,false,EIA
2013,VEN,0.0,1.5556015691810516,1.5556015691810516,false,EIA
2014,VEN,0.0,1.19999857289928,1.19999857289928,false,EIA
2015,VEN,0.0,0.829999012922002,0.829999012922002,false,EIA
2016,VEN,0.0,0.7489991092513006,0.7489991092513006,false,EIA
2017,VEN,0.0,0.7200485668891811,0.7200485668891811,false,EIA
2018,VEN,0.0,0.6920070928903714,0.6920070928903714,false,EIA
2019,VEN,0.0,0.3939671705047656,0.3939671705047656,false,EIA
2020,VEN,0.0,0.2847393056965735,0.2847393056965735,false,EIA
2021,VEN,0.0,0.15771778848206464,0.15771778848206464,false,EIA
2022,VEN,0.0,0.19699976571763178,0.19699976571763178,false,EIA
2023,VEN,0.0,0.14858482329519962,0.14858482329519962,false,EIA
2024,VEN,0.0,0.31473400000000334,0.31473400000000334,false,EIA
1990,VNM,0.0,4.626994497337474,4.626994497337474,false,EIA
1991,VNM,0.0,5.203993811139878,5.203993811139878,false,EIA
1992,VNM,0.0,5.231993777840861,5.231993777840861,false,EIA
1993,VNM,0.0,5.574993369927905,5.574993369927905,false,EIA
1994,VNM,0.0,6.156992677784055,6.156992677784055,false,EIA
1995,VNM,0.0,8.34999006975749,8.34999006975749,false,EIA
1996,VNM,0.0,9.822988317991356,9.822988317991356,false,EIA
1997,VNM,0.0,11.387986456814168,11.387986456814168,false,EIA
1998,VNM,0.0,11.671986119066997,11.671986119066997,false,EIA
1999,VNM,0.0,9.628988548705973,9.628988548705973,false,EIA
2000,VNM,0.0,11.608986193989784,11.608986193989784,false,EIA
2001,VNM,0.0,13.396984067609711,13.396984067609711,false,EIA
2002,VNM,0.0,16.408980485586905,16.408980485586905,false,EIA
2003,VNM,0.0,19.313977030813913,19.313977030813913,false,EIA
2004,VNM,0.0,27.348967475185344,27.348967475185344,false,EIA
2005,VNM,0.0,34.0929594548793,34.0929594548793,false,EIA
2006,VNM,0.0,38.77795388324023,38.77795388324023,false,EIA
2007,VNM,0.0,42.48294947706676,42.48294947706676,false,EIA
2008,VNM,0.0,39.776952695178885,39.776952695178885,false,EIA
2009,VNM,0.0,44.077947580212054,44.077947580212054,false,EIA
2010,VNM,0.0,44.83494667994935,44.83494667994935,false,EIA
2011,VNM,0.0,46.610944567840285,46.610944567840285,false,EIA
2012,VNM,0.0,42.082949952766995,42.082949952766995,false,EIA
2013,VNM,0.0,39.654952840267455,39.654952840267455,false,EIA
2014,VNM,0.0,41.08595113844985,41.08595113844985,false,EIA
2015,VNM,0.0,41.663950451063,41.663950451063,false,EIA
2016,VNM,0.0,38.526954181742134,38.526954181742134,false,EIA
2017,VNM,0.0,38.236954526624814,38.236954526624814,false,EIA
2018,VNM,0.0,42.383526595305625,42.383526595305625,false,EIA
2019,VNM,0.0,45.68694566670784,45.68694566670784,false,EIA
2020,VNM,0.0,43.89458747998819,43.89458747998819,false,EIA
2021,VNM,0.0,47.8451003531875,47.8451003531875,false,EIA
2022,VNM,0.0,43.61382333217276,43.61382333217276,false,EIA
2023,VNM,0.0,47.37398766038975,47.37398766038975,false,EIA
2024,VNM,0.0,44.64858400000032,44.64858400000032,false,EIA
1990,XKS,,,,false,EIA
1991,XKS,,,,false,EIA
1992,XKS,,,,false,EIA
1993,XKS,,,,false,EIA
1994,XKS,,,,false,EIA
1995,XKS,,,,false,EIA
1996,XKS,,,,false,EIA
1997,XKS,,,,false,EIA
1998,XKS,,,,false,EIA
1999,XKS,,,,false,EIA
2000,XKS,,,,false,EIA
2001,XKS,,,,false,EIA
2002,XKS,,,,false,EIA
2003,XKS,,,,false,EIA
2004,XKS,,,,false,EIA
2005,XKS,,,,false,EIA
2006,XKS,,,,false,EIA
2007,XKS,,,,false,EIA
2008,XKS,0.0,7.71832776792,7.71832776792,false,EIA
2009,XKS,0.0,8.591039487800002,8.591039487800002,false,EIA
2010,XKS,0.0,8.64909931116,8.64909931116,false,EIA
2011,XKS,0.0,8.292575708340001,8.292575708340001,false,EIA
2012,XKS,0.0,8.68357233128,8.68357233128,false,EIA
2013,XKS,0.0,8.218990225549318,8.218990225549318,false,EIA
2014,XKS,0.0,7.203991432638678,7.203991432638678,false,EIA
2015,XKS,0.0,8.240990199385806,8.240990199385806,false,EIA
2016,XKS,0.0,8.800989533405469,8.800989533405469,false,EIA
2017,XKS,0.0,7.574687991723545,7.574687991723545,false,EIA
2018,XKS,0.0,7.660757889428249,7.660757889428249,false,EIA
2019,XKS,0.0,8.062990411072413,8.062990411072413,false,EIA
2020,XKS,0.0,8.381509032273499,8.381509032273499,false,EIA
2021,XKS,0.0,8.535425849227614,8.535425849227614,false,EIA
2022,XKS,0.0,9.074175208518854,9.074175208518854,false,EIA
2023,XKS,0.0,6.92365076603438,6.92365076603438,false,EIA
2024,XKS,0.0,8.068710999999974,8.068710999999974,false,EIA
1990,YUG,0.24182913720637236,75.8480033466111,75.60617420940473,false,EIA
1991,YUG,0.22252619687756764,70.79300312591363,70.57047692903606,false,EIA
1992,YUG,,,,false,EIA
1993,YUG,,,,false,EIA
1994,YUG,,,,false,EIA
1995,YUG,,,,false,EIA
1996,YUG,,,,false,EIA
1997,YUG,,,,false,EIA
1998,YUG,,,,false,EIA
1999,YUG,,,,false,EIA
2000,YUG,,,,false,EIA
2001,YUG,,,,false,EIA
2002,YUG,,,,false,EIA
2003,YUG,,,,false,EIA
2004,YUG,,,,false,EIA
2005,YUG,,,,false,EIA
2006,YUG,,,,false,EIA
2007,YUG,,,,false,EIA
2008,YUG,,,,false,EIA
2009,YUG,,,,false,EIA
2010,YUG,,,,false,EIA
2011,YUG,,,,false,EIA
2012,YUG,,,,false,EIA
2013,YUG,,,,false,EIA
2014,YUG,,,,false,EIA
2015,YUG,,,,false,EIA
2016,YUG,,,,false,EIA
2017,YUG,,,,false,EIA
2018,YUG,,,,false,EIA
2019,YUG,,,,false,EIA
2020,YUG,,,,false,EIA
2021,YUG,,,,false,EIA
2022,YUG,,,,false,EIA
2023,YUG,,,,false,EIA
1990,ZAF,2.113750239309143,171.8922955767447,169.77854533743553,false,EIA
1991,ZAF,2.161587049660368,174.12689541924024,171.96530836957987,false,EIA
1992,ZAF,1.8190157327221146,171.16673819711616,169.34772246439405,false,EIA
1993,ZAF,2.105332827917329,178.5269079395864,176.42157511166909,false,EIA
1994,ZAF,2.0959378457388236,190.4882107715432,188.39227292580438,false,EIA
1995,ZAF,2.099306598046451,200.20310952089122,198.10380292284478,false,EIA
1996,ZAF,1.9325693363480563,201.40432817801278,199.47175884166472,false,EIA
1997,ZAF,2.1133578646411944,211.87735324327258,209.7639953786314,false,EIA
1998,ZAF,1.913100684830543,216.75053236786252,214.83743168303198,false,EIA
1999,ZAF,2.1758814374092212,215.45002917366023,213.274147736251,false,EIA
2000,ZAF,2.09936754705653,224.90673252921133,222.8073649821548,false,EIA
2001,ZAF,2.0893990748892746,223.49473420843924,221.40533513354995,false,EIA
2002,ZAF,2.0921024947230067,220.2117381127448,218.1196356180218,false,EIA
2003,ZAF,2.151359548511218,239.29971541233243,237.14835586382122,false,EIA
2004,ZAF,2.23452004919775,242.82171122379245,240.5871911745947,false,EIA
2005,ZAF,2.156184060025429,244.98570865025098,242.82952459022556,false,EIA
2006,ZAF,2.0666420604626845,244.7557089237826,242.6890668633199,false,EIA
2007,ZAF,2.3489972064503406,247.66570546306107,245.31670825661072,false,EIA
2008,ZAF,2.206997375323926,252.69869947756246,250.49170210223852,false,EIA
2009,ZAF,1.908949925177752,250.5817019952067,248.67275207002896,false,EIA
2010,ZAF,2.5421289234437654,254.73369705744048,252.19156813399673,false,EIA
2011,ZAF,2.175997412190694,257.73169349206165,255.55569607987096,false,EIA
2012,ZAF,2.222997356295916,258.5756924883378,256.35269513204184,false,EIA
2013,ZAF,2.8954965565248876,255.97269558395982,253.07719902743494,false,EIA
2014,ZAF,3.567995756753859,260.5396901526496,256.9716943958957,false,EIA
2015,ZAF,3.951995300081629,256.1286953984331,252.17670009835146,false,EIA
2016,ZAF,4.246994949252702,255.81369577304702,251.56670082379432,false,EIA
2017,ZAF,4.02827020937154,257.1244352142475,253.09616500487599,false,EIA
2018,ZAF,3.714952581985159,255.4207262403868,251.70577365840165,false,EIA
2019,ZAF,3.118158291723971,257.85318934757515,254.73503105585118,false,EIA
2020,ZAF,2.0569975537115157,247.10970612428426,245.05270857057275,false,EIA
2021,ZAF,1.9622431155007618,235.72673616684298,233.7644930513422,false,EIA
2022,ZAF,2.3509972040718394,244.29738184930397,241.94638464523214,false,EIA
2023,ZAF,1.9424498762778935,237.96410078079654,236.02165090451865,false,EIA
2024,ZAF,1.7666387652263502,237.42536816400374,235.65872939877738,false,EIA
1990,ZMB,0.0,0.4563362121614885,0.4563362121614885,false,EIA
1991,ZMB,0.0,0.5021494028178113,0.5021494028178113,false,EIA
1992,ZMB,0.0,0.5176713843582634,0.5176713843582634,false,EIA
1993,ZMB,0.0,0.623219258835241,0.623219258835241,false,EIA
1994,ZMB,0.0,0.5386393594220569,0.5386393594220569,false,EIA
1995,ZMB,0.0,0.30246464029331727,0.30246464029331727,false,EIA
1996,ZMB,0.0,0.2617386887267372,0.2617386887267372,false,EIA
1997,ZMB,0.0,0.2738996742642607,0.2738996742642607,false,EIA
1998,ZMB,0.0,0.32683361131246935,0.32683361131246935,false,EIA
1999,ZMB,0.0,0.2895986555942155,0.2895986555942155,false,EIA
2000,ZMB,0.0,0.2271597298498337,0.2271597298498337,false,EIA
2001,ZMB,0.0,0.23127572495487822,0.23127572495487822,false,EIA
2002,ZMB,0.0,0.19663276615408676,0.19663276615408676,false,EIA
2003,ZMB,0.0,0.20048782754000002,0.20048782754000002,false,EIA
2004,ZMB,0.0,0.21137404442,0.21137404442,false,EIA
2005,ZMB,0.0,0.14999982161241,0.14999982161241,false,EIA
2006,ZMB,0.0,0.06399992388796161,0.06399992388796161,false,EIA
2007,ZMB,0.0,0.013999983350491602,0.013999983350491602,false,EIA
2008,ZMB,0.0,0.0034999958376229004,0.0034999958376229004,false,EIA
2009,ZMB,0.0,0.0,0.0,false,EIA
2010,ZMB,0.0,0.0,0.0,false,EIA
2011,ZMB,0.0,0.0,0.0,false,EIA
2012,ZMB,0.0,0.08999989296744573,0.08999989296744573,false,EIA
2013,ZMB,0.0,0.14899982280165908,0.14899982280165908,false,EIA
2014,ZMB,0.0,0.1589998109091546,0.1589998109091546,false,EIA
2015,ZMB,0.0,0.16399980496290162,0.16399980496290162,false,EIA
2016,ZMB,0.0,0.32799960992580324,0.32799960992580324,false,EIA
2017,ZMB,0.0,0.7969990521672754,0.7969990521672754,false,EIA
2018,ZMB,0.0,1.173998603819813,1.173998603819813,false,EIA
2019,ZMB,0.0,0.9963938150366303,0.9963938150366303,false,EIA
2020,ZMB,0.0,1.1162303507180564,1.1162303507180564,false,EIA
2021,ZMB,0.0,1.100751690928847,1.100751690928847,false,EIA
2022,ZMB,0.0,0.8305209685476324,0.8305209685476324,false,EIA
2023,ZMB,0.0,2.090644357956907,2.090644357956907,false,EIA
2024,ZMB,0.0,2.0191960000000178,2.0191960000000178,false,EIA
1990,ZWE,0.7506729050631917,5.503993454364698,4.753320549301506,false,EIA
1991,ZWE,0.7659482258057567,5.61599332116863,4.850045095362873,false,EIA
1992,ZWE,0.7566739239263423,5.5479934020376716,4.79131947811133,false,EIA
1993,ZWE,0.7208041975397835,5.28499371481058,4.564189517270796,false,EIA
1994,ZWE,0.7458993673311402,5.468993495988468,4.723094128657328,false,EIA
1995,ZWE,0.6332438768547237,4.642994478309465,4.009750601454741,false,EIA
1996,ZWE,0.6016021410308392,4.410994754215603,3.809392613184764,false,EIA
1997,ZWE,0.5462291033390412,4.004995237051347,3.4587661337123055,false,EIA
1998,ZWE,0.5677782165294454,4.162995049149752,3.5952168326203067,false,EIA
1999,ZWE,0.6309253013848701,4.625994498526725,3.995069197141855,false,EIA
2000,ZWE,0.6001018863150516,4.39999476729736,3.7998928809823087,false,EIA
2001,ZWE,0.5653232542672474,4.144995070556264,3.579671816289016,false,EIA
2002,ZWE,0.5403644712682351,3.9619952881891227,3.4216308169208878,false,EIA
2003,ZWE,0.48417311282237113,3.54999577816037,3.0658226653379987,false,EIA
2004,ZWE,0.4420295939879732,3.2409961456388054,2.798966551650832,false,EIA
2005,ZWE,0.49399296187116293,3.621995692534327,3.128002730663164,false,EIA
2006,ZWE,0.4769446128281217,3.496995841190652,3.0200512283625303,false,EIA
2007,ZWE,0.4596234902003918,3.369995992225478,2.910372502025086,false,EIA
2008,ZWE,0.3462860657622536,2.5389969804927266,2.192710914730473,false,EIA
2009,ZWE,0.22739769887570124,1.6672980171624747,1.4399003182867736,false,EIA
2010,ZWE,0.34099425821929363,2.5001970266356497,2.159202768416356,false,EIA
2011,ZWE,0.34943660066540766,2.5620969530210376,2.21266035235563,false,EIA
2012,ZWE,0.21734599227992413,1.5935981048102437,1.3762521125303195,false,EIA
2013,ZWE,0.4247357487187167,3.1141962964358147,2.689460547717098,false,EIA
2014,ZWE,0.44799946721573125,5.784212664445219,5.336213197229488,false,EIA
2015,ZWE,0.4579994553232252,4.337298427460691,3.879298972137466,false,EIA
2016,ZWE,0.2852891908567663,2.7017157869790553,2.416426596122289,false,EIA
2017,ZWE,0.24554870798070444,2.928196517636422,2.6826478096557174,false,EIA
2018,ZWE,0.2953876487096438,3.347496018983571,3.0521083702739276,false,EIA
2019,ZWE,0.23181078489152662,2.627007875825595,2.3951970909340683,false,EIA
2020,ZWE,0.23877518294398078,2.7059322819646123,2.4671570990206315,false,EIA
2021,ZWE,0.28583245081401726,3.2392112377614932,2.953378786947476,false,EIA
2022,ZWE,0.7251554419039075,3.4781521678970058,2.752996725993098,false,EIA
2023,ZWE,0.87070896450761,3.9789282680515425,3.1082193035439323,false,EIA
2024,ZWE,1.2485499999999596,5.692730999999999,4.4441810000000395,false,EIA
