Unit ID,Country,Mine Name,Status,"Most Recent Coal Output (Annual, Mt)"
M0001,Afghanistan,Shabashak Coal Mine,Operating,
M0075,Australia,Mount Arthur Coal Mine,Operating,22.335
M0076,Australia,Mount Pleasant Coal Mine,Operating,11.4
M0091,Australia,Ravensworth Coal Mine,Operating,12.8
M0093,Australia,Rix Creek Coal Mine,Operating,4.4
M5583,Australia,Stratford Coal Mine,Closed,0.9
M0103,Australia,Tahmoor Coal Mine,Operating,2.7
M0106,Australia,Ulan Complex Coal Mine,Operating,10.6
M0107,Australia,United Wambo Coal Mine,Operating,9.7
M0113,Australia,Wambo Underground Coal Mine,Operating,1.4
M0117,Australia,Wilpinjong Coal Mine,Operating,13.7
M0039,Australia,Ewington Coal Mine,Operating,
M0049,Australia,Hunter Valley North Coal Mine,Operating,8.5
M0050,Australia,Hunter Valley South Coal Mine,Operating,6.4
M0062,Australia,Loy Yang Coal Mine,Operating,
M0064,Australia,Mangoola Coal Mine,Operating,9.227
M1345,Australia,Metropolitan Coal Mine,Operating,2.2
M0077,Australia,Mt Owen Coal Mine,Operating,9.2
M0086,Australia,Olive Downs Coal Mine,Operating,6.169
M4355,Australia,Ravensworth East Coal Mine,Operating,2.3
M0030,Australia,Cows Coal Mine,Operating,
M0034,Australia,Dendrobium Coal Mine,Operating,4.59
M0010,Australia,Bengalla Coal Mine,Operating,13.7
M0014,Australia,Boggabri Coal Mine,Operating,8.6
M0016,Australia,Broadmeadow Coal Mine,Operating,5.786
M0026,Australia,Clarence Colliery,Operating,0.9
M0063,Australia,Mandalong Coal Mine,Operating,1.83
M0080,Australia,Myuna Coal Mine,Operating,0.9
M0102,Australia,Springvale Coal Mine,Operating,2.8
M0017,Australia,Bulga Coal Mine,Operating,10.0
M0002,Australia,Airly Coal Mine,Operating,0.902
M0005,Australia,Appin Coal Mine,Operating,4.389
M0006,Australia,Aquila Coal Mine,Operating,4.14
M0028,Australia,Collinsville Coal Mine,Operating,2.749
M0029,Australia,Commodore Coal Mine,Operating,3.015
M0032,Australia,Daunia Coal Mine,Operating,5.848
M0035,Australia,Drake Coal Mine,Operating,4.925
M0040,Australia,Foxleigh Coal Mine,Operating,3.47
M0044,Australia,Gregory Crinum Coal Mines,Operating,0.586
M0045,Australia,Grosvenor Coal Mine,Operating,6.942
M0053,Australia,Isaac Downs Coal Mine,Operating,3.499
M0055,Australia,Jax Coal Mine,Operating,2.167
M0056,Australia,Jellinbah Coal Mine,Operating,6.673
M0058,Australia,Kestrel Coal Mine,Operating,6.025
M0059,Australia,Kogan Creek Coal Mine,Operating,2.216
M0065,Australia,Maules Creek Coal Mine,Operating,10.5
M0067,Australia,Meandu Coal Mine,Operating,7.243
M0068,Australia,Meteor Downs South Coal Mine (MDS),Operating,1.41
M0069,Australia,Middlemount Coal Mine,Operating,3.958
M0072,Australia,Moolarben Coal Mine,Operating,37.2
M1337,Australia,Moorvale Coal Mine,Operating,2.234
M0074,Australia,Moranbah North Coal Mine,Operating,2.269
M0078,Australia,Mt Thorley Warkworth Coal Mine,Operating,17.2
M0081,Australia,Narrabri Coal Mine,Operating,5.1
M0083,Australia,Newlands Coal Mine,Operating,6.464
M0085,Australia,Oaky Creek Coal Mine,Operating,5.346
M0088,Australia,Poitrel Coal Mine,Operating,7.499
M0089,Australia,Premier Coal Mine,Operating,2.9
M0099,Australia,South Walker Creek Coal Mine,Operating,8.096
M0105,Australia,Tarrawonga Coal Mine,Operating,1.9
M0116,Australia,Werris Creek Coal Mine,Operating,1.44
M0121,Australia,Yarrabee Coal Mine,Operating,3.498
M2347,Australia,Coppabella Coal Mine,Operating,3.54
M0008,Australia,Baralaba Coal Mine,Operating,1.475
M0011,Australia,Blackwater Coal Mine,Operating,12.51
M0012,Australia,Blair Athol Coal Mine,Operating,2.046
M2419,Australia,Broadmeadow East Coal Mine,Operating,0.728
M0018,Australia,Byerwen Coal Mine,Operating,5.016
M0019,Australia,Callide Coal Mine,Operating,10.228
M0020,Australia,Cameby Downs Coal Mine,Operating,3.803
M0021,Australia,CapCoal Mine Complex,Operating,10.259
M0022,Australia,Carborough Downs Coal Mine,Operating,1.499
M0023,Australia,Carmichael Coal Project,Operating,14.88
M0024,Australia,Caval Ridge Coal Mine,Operating,13.713
M0027,Australia,Clermont Coal Mine,Operating,11.444
M0031,Australia,Curragh Coal Mine,Operating,11.903
M0033,Australia,Dawson Complex,Operating,8.651
M0038,Australia,Ensham Coal Mine,Operating,3.944
M0043,Australia,Goonyella-Riverside Coal Mine,Operating,16.7
M0046,Australia,Hail Creek Coal Mine,Operating,10.808
M0060,Australia,Lake Vermont Coal Mine,Operating,10.593
M0087,Australia,Peak Downs Coal Mine,Operating,17.776
M0094,Australia,Rolleston Coal Mine,Operating,12.045
M0096,Australia,Saraji Coal Mine,Operating,13.105
M4354,Australia,Integra Underground Mine,Operating,2.21
M0066,Australia,Maxwell Coal Mine,Operating,0.3
M2518,Bosnia and Herzegovina,Ugljevik Coal Mine,Operating,2.0
M0440,Colombia,Cerrejón Coal Mine,Operating,14.0
M4358,Brazil,Fontanella Coal Mine,Operating,1.053
M0132,Brazil,Seival Coal Mine,Operating,1.6
M4359,Brazil,Verdinho Coal Mine,Operating,1.54
M0131,Brazil,Butiá Leste Mine,Operating,1.022
M1541,Brazil,Calombo Coal Mine,Operating,4.24
M0880,Russia,Zarechny Coal Mine,Operating,5.6
M0158,Canada,Vista Coal Mine,Operating,7.5
M2348,Canada,Grande Cache Coal Mine,Operating,1.27
M0138,Canada,Coal Valley Coal Mine,Operating,1.56
M0140,Canada,Elkview Coal Mine,Operating,8.0
M0141,Canada,Estevan Coal Mine,Operating,3.13
M0142,Canada,Fording River Operations,Operating,9.0
M0143,Canada,Genesee Coal Mine,Operating,2.9
M0146,Canada,Greenhills Coal Mine,Operating,6.0
M0150,Canada,Line Creek Coal Mine,Operating,4.0
M0160,Canada,Wolverine Coal Mine,Operating,2.2
M0137,Canada,Brule Coal Mine,Operating,1.3
M4357,Brazil,Candiota Coal Mine,Operating,1.21
M3688,Colombia,El Corozo Coal Mine,Operating,2.15
M0441,Colombia,El Descanso Coal Mine,Operating,21.62
M3842,Colombia,El Hatillo Coal Mine,Operating,1.08
M3843,Colombia,La Francia Coal Mine,Operating,1.08
M0800,Russia,Kamyshansky Coal Mine,Operating,1.2
M1561,Russia,Anzherskaya-Yuzhnaya Coal Mine,Operating,1.23
M0722,Kazakhstan,Shubarkol Centralny Coal Mine,Operating,5.93
M4232,Kazakhstan,Shubarkol Zapadny Coal Mine,Operating,5.93
M0721,Kazakhstan,Severny Coal Mine,Operating,10.166666666666666
M0731,Mongolia,Khushuut Coal Mine,Operating,7.11
M0878,Russia,Yesaulskaya Coal Mine,Operating,1.36
M1756,Bosnia and Herzegovina,Banovici Coal Mine,Operating,1.32
M0127,Botswana,Masama Coal Mine,Operating,0.7
M1374,Botswana,Morupule Coal Mine,Operating,2.7
M2697,India,Jagannathpur Coal Mine,Operating,3.91
M2513,India,Rajapur-South Jharia Coal Mine,Operating,2.158
M1722,India,Rajrappa Coal Mine,Operating,1.43
M4449,India,Manuguru Opencast Coal Mine,Operating,2.1
M4442,India,JVR I & II Coal Mine,Operating,11.07
M4446,India,Koyagudem II Coal Mine,Operating,3.0
M4463,India,Prakasham Khani OC Coal Mine,Operating,10.45
M4436,India,Gare Palma IV 5 UG Coal Mine,Operating,0.126
M1723,India,Ramkrishnapur Coal Mine,Operating,1.872
M2966,India,Gourandih Begunia Coal Mine,Operating,2.57
M2963,India,Jalipa Lignite Block Coal Mine,Operating,1.354
M2834,India,Tapin South Coal Mine,Operating,1.43
M0649,India,West Bokaro Coal Mine,Operating,7.0
M0496,India,Chotia Coal Mine,Operating,1.0
M0518,India,Ena Coal Mine,Operating,2.94
M4437,India,Gare Palma IV 6 Coal Mine,Operating,4.0
M2807,India,Gondudih Khas Kusunda Coal Mine,Operating,1.111
M0560,India,Konar Coal Mine,Operating,5.35
M2896,India,Nichitpur Coal Mine,Operating,1.14
M2845,India,Kottadih Coal Mine,Operating,1.35
M2771,India,Nakrakonda Coal Mine,Operating,1.58
M0543,India,Jhanjra Coal Mine,Operating,1.81
M4447,India,Kumardih-B UG Coal Mine,Operating,1.33
M0579,India,Mohanpur Coal Mine,Operating,2.0
M0633,India,Singhori Coal Mine,Operating,1.2
M0478,India,Balaram Coal Mine,Operating,7.74
M0524,India,Garjanbahal Coal Mine,Operating,18.2
M0552,India,Gopalji Kaniha Coal Mine,Operating,11.811
M0557,India,Khairagura Coal Mine,Operating,3.75
M0561,India,Koyagudem Coal Mines,Operating,3.44
M0565,India,Lajkura Coal Mine,Operating,4.51
M3888,India,Manoharpur Coal Mine,Operating,12.06
M0580,India,Moher Amlohri Coal Mine,Operating,18.12
M0628,India,Sarisatolli Coal Mine,Operating,1.39
M0636,India,Tadicherla Coal Mine,Operating,2.5
M4425,India,Amalgamated Inder Kamptee Coal Mine,Operating,3.2
M0486,India,Bhubaneswari Coal Mine,Operating,26.48
M0571,India,Dinesh (Makardhokra-III) Coal Mine,Operating,4.48
M0528,India,Gokul Coal Mine,Operating,1.86
M0529,India,Gondegaon-Ghatrohana Coal Mine,Operating,3.49
M0545,India,Jhingurda Coal Mine,Operating,4.34
M2511,India,Kakri Coal Mine,Operating,2.695
M0556,India,Khadia Coal Mine,Operating,9.21
M0566,India,Lakhanpur Coal Mine,Operating,21.09
M1708,India,Makardhokra I Coal Mine,Operating,4.18
M0585,India,New Majri Coal Mine,Operating,2.99
M1717,India,New Majri II A Coal Mine,Operating,0.66
M0591,India,Nigahi Coal Mine,Operating,21.56
M0593,India,Niljai Coal Mine,Operating,4.49
M2512,India,Paoni-Il Coal Mine,Operating,3.23
M0606,India,Penganga Coal Mine,Operating,3.75
M0629,India,Sasti OC Coal Mine,Operating,2.5
M0645,India,Ukni Deep Coal Mine,Operating,1.55
M0647,India,Umrer Coal Mine,Operating,2.58
M0475,India,Amrapali Coal Mine,Operating,16.46
M0477,India,Ashoka Coal Mine,Operating,9.853
M0489,India,Block II (BOCP) Coal Mine,Operating,5.35
M0495,India,Chitra East Coal Mine,Operating,2.03
M0514,India,Dudhichua Coal Mine,Operating,9.272
M0542,India,Jayant Coal Mine,Operating,30.0
M4443,India,Kakatiya Khani Open Cast-2 Coal Mine,Operating,1.5
M0551,India,Kalyani Khani Coal Mine,Operating,1.775
M0555,India,Karo Coal Mine,Operating,1.81
M3015,India,Kistaram Coal Mine,Operating,2.4
M0559,India,Kuya Coal Mine,Operating,1.903
M0583,India,N.T.S.T. Jeenagora Coal Mine,Operating,5.34
M0617,India,Rajmahal Coal Mine,Operating,14.01
M0619,India,Ramagundam II Coal Mine,Operating,3.01
M0620,India,Ramagundam III Coal Mine,Operating,9.5
M2875,India,Tapin Coal Mine,Operating,1.93
M2505,India,Amalgamated Amlo Dhori Open Cast Mine,Operating,2.78
M1740,India,Srirampur-II Coal Mine,Operating,3.5
M0494,India,Chirimiri Coal Mine,Operating,1.58
M1672,India,Churcha RO Coal Mine,Operating,1.9
M0517,India,Durgapur Coal Mine,Operating,2.31
M0574,India,Manikpur Coal Mine,Operating,5.25
M3847,India,Amelia Coal Mine,Operating,3.92
M0471,India,Amelia North Coal Mine,Operating,3.92
M0472,India,Amlai Coal Mine,Operating,2.51
M0474,India,Amlohri Coal Mine,Operating,15.0
M3854,India,Bajora North Coal Mine,Operating,0.76
M0479,India,Baroud Coal Mine,Operating,4.19
M0485,India,Bhatadi Coal Mine,Operating,1.47
M0540,India,Jampali Coal Mine,Operating,2.99
M1732,India,Saraipali Coal Mine,Operating,1.76
M0640,India,Talaipalli Coal Mine,Operating,10.98
M0468,India,Amalgamated Keshalpur-West Mudidih (AKWMC) Coal Mine,Operating,2.71
M1745,India,Talabira II & III Coal Mines,Operating,17.2
M1677,India,Godavarikhani Coal Mines,Operating,3.99
M0465,India,Adriyala Coal Mine,Operating,1.47
M0466,India,AKK Coal Mine,Operating,5.11
M0467,India,Amadand Coal Mine,Operating,3.06
M0493,India,Chhal Coal Mine,Operating,6.0
M0527,India,Gevra Coal Mine,Operating,55.8
M0541,India,Jawaharkhani 5 Coal Mine,Operating,1.879
M4435,India,Gare Palma IV 2 & 3 OC Mine,Operating,0.16
M3877,India,Kerendari Coal Mine,Operating,2.04
M4466,India,Utkal E Coal Mine,Operating,2.0
M0696,Indonesia,Sebuku Coal Mine,Operating,0.392
M3239,Indonesia,BCMP Coal Mine,Operating,3.99
M3272,Indonesia,Dizamatra Powerindo Coal Mine,Operating,2.349
M4044,Indonesia,Gajah Mada Coal Mine,Operating,2.9
M3247,Indonesia,Golden Great Borneo Coal Mine,Operating,2.127
M3248,Indonesia,Jambi Prima Coal Mine,Operating,1.7
M4078,Indonesia,Karya Murni Coal Mine,Operating,1.34
M3250,Indonesia,KMIA Coal Mine,Operating,1.4
M3252,Indonesia,KPUC Coal Mine,Operating,1.05
M3254,Indonesia,LSA Coal Mine,Operating,4.1
M4111,Indonesia,Manggala Alam Lestari Coal Mine,Operating,1.355
M0710,Indonesia,MPP Coal Mine,Operating,0.011
M3258,Indonesia,MSA Coal Mine,Operating,2.775
M3260,Indonesia,Musi Prima Coal Mine,Operating,2.1
M4128,Indonesia,NBC Coal Mine,Operating,1.8
M4210,Indonesia,TMR Coal Mine,Operating,1.2
M3929,Indonesia,ARJ Coal Mine,Operating,0.025
M3237,Indonesia,Banjarsari Pribumi Coal Mine,Operating,3.0
M3238,Indonesia,BAS Coal Mine,Operating,1.5
M3952,Indonesia,BDMD Coal Mine,Operating,2.09
M3277,Indonesia,LIM Coal Mine,Operating,1.893
M0657,Indonesia,Asam-Asam Coal Mine,Operating,5.6
M0659,Indonesia,Batulicin Coal Mine,Operating,6.3
M3269,Indonesia,BMB Block 2 Coal Mine,Operating,10.0
M0663,Indonesia,BRE Coal Mine,Operating,10.0
M3244,Indonesia,EBL Coal Mine,Operating,2.35
M1419,Indonesia,KEL Coal Mine,Operating,0.383
M0677,Indonesia,Kintap Coal Mine,Operating,8.4
M0680,Indonesia,LCP Coal Mine,Operating,2.83
M3257,Indonesia,MGM Coal Mine,Operating,1.527
M0712,Indonesia,Mulia Coal Mine,Operating,3.3
M0693,Indonesia,Putri Ahdadia Coal Mine,Operating,
M0714,Indonesia,Satui Coal Mine,Operating,1.18
M1515,Indonesia,SDJ Coal Mine,Operating,2.1
M3262,Indonesia,TBR Coal Mine,Operating,6.0
M3241,Indonesia,BGG Coal Mine,Operating,3.738
M0664,Indonesia,Bumi Barito Mineral Coal Mine,Operating,
M0671,Indonesia,IBP Coal Mine,Operating,5.917646
M0674,Indonesia,Jangkar Prima Coal Mine,Operating,
M0675,Indonesia,Jembayan Coal Mine,Operating,6.0
M3249,Indonesia,Kaltim Jaya Bara Coal Mine,Operating,1.87
M3251,Indonesia,KPB Coal Mine,Operating,2.55
M3253,Indonesia,Kutai Coal Mine,Operating,3.1
M0709,Indonesia,Lanna Harita Coal Mine,Operating,3.32
M0682,Indonesia,MHU Coal Mine,Operating,14.26
M0711,Indonesia,MSJ Coal Mine,Operating,5.799
M1494,Indonesia,Muara Alam Sejahtera Coal Mine,Operating,1.897
M0699,Indonesia,Singlurus Pratama Coal Mine,Operating,4.99
M1501,Indonesia,SKN Coal Mines,Operating,1.25
M0700,Indonesia,Tambang Damai Coal Mine,Operating,1.53
M3267,Indonesia,BISM Coal Mine,Operating,2.5
M0670,Indonesia,GAM Coal Mine,Operating,12.45
M3246,Indonesia,GBU Coal Mine,Operating,3.78
M0672,Indonesia,Indexim Coalindo Coal Mine,Operating,14.7
M0660,Indonesia,Bharinto Ekatama Coal Mine,Operating,8.5
M0662,Indonesia,Binungan Coal Mine,Operating,15.3
M4489,Indonesia,Gurimbang Coal Mine,Operating,5.1
M0673,Indonesia,Indominco Mandiri Coal Mine,Operating,7.35
M0679,Indonesia,Lati Coal Mine,Operating,11.5
M0695,Indonesia,Sambarata Coal Mine,Operating,4.0
M0716,Indonesia,Trubaindo Coal Mine,Operating,2.94
M0653,Indonesia,ABP Coal Mine,Operating,3.7
M3266,Indonesia,BIC Coal Mine,Operating,1.006
M3243,Indonesia,BSSR Coal Mine,Operating,3.4
M3245,Indonesia,FKP Coal Mine,Operating,2.2
M0690,Indonesia,PIK Coal Mine,Operating,1.51
M0669,Indonesia,Tabang Project Coal Mines,Operating,43.8
M3263,Indonesia,TSA Coal Mine,Operating,0.7
M0706,Indonesia,WBM Coal Mine,Operating,2.35
M1369,Indonesia,MME Coal Mine,Operating,1.73
M4148,Indonesia,PMC Coal Mine,Operating,4.0
M1505,Indonesia,Triaryani Coal Mine,Operating,1.75
M4471,Indonesia,APE Coal Mine,Operating,
M3264,Indonesia,BAU Coal Mine,Operating,2.766
M1422,Indonesia,BMP Coal Mine,Operating,1.138
M0661,Indonesia,Borneo Indobara Coal Mine,Operating,42.14
M1508,Indonesia,BSL Coal Mine,Operating,1.53
M1510,Indonesia,KBB Coal Mine,Operating,1.1
M4089,Indonesia,KIM Coal Mine,Operating,2.45
M3240,Indonesia,BEL Coal Mine,Operating,1.264
M0683,Indonesia,Mifa Bersaudara Coal Mine,Operating,9.1
M0691,Indonesia,PTBA Coal Mines,Operating,41.75
M0704,Indonesia,Tutupan Coal Mine,Operating,43.8
M0705,Indonesia,Wara Coal Mine,Operating,7.0
M1339,Indonesia,AMC Coal Mines,Operating,5.11
M0655,Indonesia,Agung Bara Prima Coal Mine,Operating,
M3918,Indonesia,Akbar Mitra Jaya Coal Mine,Operating,1.33
M3234,Indonesia,ABE Coal Mine,Operating,1.024
M0651,Indonesia,ABK Coal Mines,Operating,6.04
M0652,Indonesia,ABN Coal Mine,Operating,1.89
M1502,Indonesia,SMM Coal Mine,Operating,2.54
M0650,Indonesia,ABB Coal Mine,Operating,4.6
M0678,Indonesia,KPC Operation Coal Mine,Operating,53.6
M0684,Indonesia,MIP Adaro Coal Mine,Operating,5.22
M3259,Indonesia,MTU Coal Mine,Operating,1.5
M0688,Indonesia,Pasir Coal Mine,Operating,30.1
M3261,Indonesia,SCM Coal Mine,Operating,3.9
M3283,Iran,Mazino Coal Mine,Operating,
M0449,Czech Republic,Karvina Coal Mines,Operating,1.37
M4231,Kazakhstan,Shubarkol Premium Coal Mine,Operating,1.6
M0723,Kazakhstan,Vostochny Coal Mine (Kazakhstan),Operating,17.51
M4229,Kazakhstan,Karazhyra Coal Mine,Operating,7.5
M0443,Colombia,Pribbenow Coal Mine,Operating,3.86
M2358,Mexico,Progreso Coal Mine,Operating,1.35
M2475,Mexico,Micare Coal Mine,Operating,6.19
M1436,Kazakhstan,Saranskaya Coal Mine,Operating,1.3
M1440,Kazakhstan,Shakhtinskaya Coal Mine,Operating,1.06
M1438,Kazakhstan,V. I. Lenin (Kazakhstan) Coal Mine,Operating,1.4
M0717,Kazakhstan,Bogatyr Coal Mine (Kazakhstan),Operating,32.53333333333333
M1375,Malaysia,Balingian Coal Mine,Operating,3.087
M4514,Mongolia,Mandakhnuur Coal Mine,Operating,1.0
M1773,Mongolia,Sharyn Gol Coal Mine,Operating,1.72
M1547,Mongolia,Aduunchuluun Coal Mine,Operating,0.45
M1387,Mongolia,Nuurst Khotgor Coal Mine,Operating,
M0736,Mongolia,Tavan Tolgoi Coal Mine,Operating,28.64
M0727,Mongolia,Baganuur Coal Mine,Operating,4.96
M1423,Mongolia,Baruun Noyon Coal Mine,Operating,1.72
M0732,Mongolia,Nariin Sukhait Coal Mine,Operating,7.968
M0735,Mongolia,Ovoot Tolgoi Coal Mine,Operating,1.81
M0737,Mongolia,Ukhaa Khudag Coal Mine,Operating,12.7
M0738,Mozambique,Benga Coal Mine,Operating,0.67
M0739,Mozambique,Chirodzi Coal Mine,Operating,1.03
M0740,Mozambique,Moatize Coal Mine,Operating,11.0
M4237,North Korea,Deokcheon Coal Mining Complex,Operating,
M2421,North Korea,Gaecheon Coal Mine,Operating,
M0758,Poland,KWK Staszic-Wujek Coal Mine,Operating,1.12
M0761,Poland,KWK Ruda Coal Mine,Operating,2.13
M0754,Poland,LW Bogdanka Coal Mine,Operating,6.04
M1473,Poland,ZG Janina Coal Mine,Operating,2.39
M1474,Poland,ZG Sobieski Coal Mine,Operating,1.4
M1296,Poland,KWK Bolesław Śmiały Coal Mine,Operating,1.16
M1287,Poland,KWK Borynia-Zofiówka-Bzie Coal Mine,Operating,3.24
M1288,Poland,KWK Budryk Coal Mine,Operating,2.01
M1261,Poland,KWK Knurów-Szczygłowice Coal Mine,Operating,4.97
M1472,Poland,KWK Mysłowice-Wesoła Coal Mine,Operating,1.57
M0759,Poland,KWK Piast-Ziemowit Coal Mine,Operating,2.75
M1289,Poland,KWK Pniówek Coal Mine,Operating,2.41
M0760,Poland,KWK ROW Coal Mine,Operating,5.94
M1470,Poland,PG Silesia Coal Mine,Operating,0.84
M4238,North Korea,Gangdong Coal Mining Complex,Operating,
M4239,North Korea,Hamnam Coal Mining Complex,Operating,
M2521,North Korea,Ryeongdae Coal Mine,Operating,
M4240,North Korea,Ryongdeung Coal Mine,Operating,
M0751,Philippines,Molave-Narra Coal Mine,Operating,16.0
M4347,Russia,"Chernokaltansky 6,8,9 Coal Mine",Operating,1.5
M4345,Russia,Iretsky Coal Mine,Operating,2.0
M1520,Russia,Uvalnaya Coal Mine,Operating,5.7
M4283,Russia,Taibinsky Coal Mine,Operating,1.5
M4285,Russia,TalTEK Section Coal Mine,Operating,4.2
M0856,Russia,Tikhova Coal Mine,Operating,1.37
M0850,Russia,Stepnoy Coal Mine,Operating,4.4
M4282,Russia,Syllakhsky Coal Mine,Operating,0.8
M0831,Russia,Permyakovsky Coal Mine,Operating,4.008
M1518,Russia,Polosukhinskaya Coal Mine,Operating,2.29
M0215,Russia,Rover Glushinsky-Shcheglovsky-Latyshevsky Coal Mines,Operating,0.8
M1097,Russia,Sadkinskaya Coal Mine,Operating,2.0
M4279,Russia,Sherlovskaya -Naklonnaya Coal Mine,Operating,0.88
M0844,Russia,Shestaki Coal Mine,Operating,1.6
M0847,Russia,Sibirskaya Coal Mine,Operating,1.5
M4292,Russia,Zarechnaya Coal Mine,Operating,0.39
M1340,Russia,Krasnobrodsky Yuzhniy Coal Mine,Operating,0.4
M4262,Russia,Kuznetsky Yuzhny Coal Mine,Operating,1.5
M1291,Russia,Kyrgayskaya Coal Mine,Operating,3.01
M1271,Russia,Mezhdurechenskiy Coal Mine,Operating,4.29
M2343,Russia,No. 12 (Kemerovo) Coal Mine,Operating,1.42
M1272,Russia,Obukhovskaya Coal Mine,Operating,1.8
M1379,Russia,Taldinskaya Yuzhnaya,Operating,2.85
M2339,Russia,Komsomolskaya Coal Mine,Operating,1.77
M4258,Russia,Korchakolsky Coal Mine,Operating,1.5
M0813,Russia,Krasnogorsk Coal Mine,Operating,3.0
M0868,Russia,Vorkutinskaya Coal Mine,Operating,1.91
M2338,Russia,Zapolyarnaya Coal Mine,Operating,2.64
M1265,Russia,Inaglinsky Coal Mine 1,Operating,7.0
M4253,Russia,Inskoy Coal Mine,Operating,1.1
M0804,Russia,Karakansky-Zapadny Coal Mine,Operating,1.79
M0859,Russia,Koksovy Kiselyovsk Coal Mine,Operating,1.48
M1381,Russia,Sibenergougol Coal Mine,Operating,2.0
M4252,Russia,Gornyak-1 Coal Mine,Operating,2.0
M0822,Russia,Neryungrinsky Coal Mine,Operating,2.77
M1565,Russia,Chertinskaya-Koksovaya Coal Mine,Operating,1.7
M0791,Russia,Denisovsky Central Coal Mine,Operating,0.0
M4249,Russia,Denisovsky Surface Coal Mine,Operating,0.0
M4250,Russia,Denisovsky Vostochny Coal Mine,Operating,5.4
M0803,Russia,Karakansky-South Coal Mine,Operating,3.79
M1343,Russia,Kostromovskaya Coal Mine,Operating,2.69
M1270,Russia,Listvyanichny Coal Mine,Operating,0.12
M0866,Russia,Vinogradovsky Coal Mine,Operating,1.85
M0778,Russia,Berezovsky Coal Mine,Operating,6.14
M4244,Russia,Boshnyakovsky Coal Mine,Operating,1.0
M4245,Russia,Bungursky-Severny Coal Mine,Operating,1.8
M0840,Russia,Ruban Coal Mine,Operating,2.5
M0783,Russia,Tugnuisky Coal Mine,Operating,10.0
M0869,Russia,Vostochno-Beisky Coal Mine,Operating,3.7
M0876,Russia,Yalevsky Coal Mine,Operating,6.6
M0809,Russia,Kirova Coal Mine,Operating,5.7
M0824,Russia,New November 7th Coal Mine,Operating,3.82
M0790,Russia,Chernogorsky Coal Mine,Operating,9.25
M1347,Russia,Izykhsky Coal Mine,Operating,1.8
M0835,Russia,Pravoberezhny Coal Mine,Operating,6.5
M0769,Russia,"Amaam North ""Project F"" Coal Mine",Operating,1.61
M1560,Russia,Antonovskaya Coal Mine,Operating,1.2
M0771,Russia,Arshanovsky Coal Mine,Operating,3.0
M0773,Russia,Barzasskoye Tovarischestvo Coal Mine,Operating,2.67
M1424,Russia,Beregovoy Coal Mine,Operating,3.4
M0819,Russia,Mayrykhsky Coal Mine,Operating,2.0
M0825,Russia,Novokazansky-2 Coal Mine,Operating,4.41
M0834,Russia,Polyany Coal Mine,Operating,1.6
M1262,Russia,Cheremkhovsky Coal Mine,Operating,4.6
M0808,Russia,Kirbinskiy Coal Mine,Operating,3.0
M1293,Russia,Sayano-Partizanskiy Coal Mine,Operating,1.35
M0772,Russia,Bachatsky Coal Mine,Operating,10.04
M0794,Russia,Elginskiy Coal Mine,Operating,35.1
M1267,Russia,Kaltansky Coal Mine,Operating,5.37
M0805,Russia,Kedrovskiy Coal Mine,Operating,2.5
M0810,Russia,Kiyzassky Coal Mine,Operating,7.1
M0811,Russia,Kolyvansky Coal Mine,Operating,6.6
M0812,Russia,Krasnobrodsky Coal Mine,Operating,8.83
M0821,Russia,Mokhovsky Coal Mine,Operating,5.3
M0854,Russia,Taldinsky Coal Mine,Operating,12.14
M0865,Russia,Verkhneteshsky Coal Mine,Operating,1.115
M0871,Russia,Vostochny Coal Mine,Operating,7.1
M0787,Russia,Chernigovets Coal Mine,Operating,6.0
M0818,Russia,Listvyazhnaya Coal Mine,Operating,1.0
M0828,Russia,Osinnikovskaya Coal Mine,Operating,1.0
M0832,Russia,Pervomaisky Coal Mine,Operating,3.1
M0836,Russia,Raspadskaya Coal Mine,Operating,4.7
M0837,Russia,Raspadskaya Koksovaya Coal Mine,Operating,1.03
M0838,Russia,Razrez Raspadsky Coal Mine,Operating,4.822
M4278,Russia,Razrez Raspadsky Koksovy Mine,Operating,1.967
M0864,Russia,Uskovskaya Coal Mine,Operating,2.0
M0870,Russia,Vostochny (Salek) Coal Mine,Operating,2.0
M0877,Russia,Yerunakovskaya-8 Coal Mine,Operating,1.0
M0905,South Africa,Iyanga Coal Mine Cluster,Operating,
M0911,South Africa,Koornfontein Coal Mine,Operating,
M2325,South Africa,Mooiplaats Coal Mine,Operating,
M1352,South Africa,Nndanganeni Coal Mine,Operating,
M1353,South Africa,Overlooked Mine,Operating,4.8
M1349,South Africa,Palesa Coal Mine,Operating,4.03
M0930,South Africa,Savmore-Maquasa Coal Mine,Operating,
M4319,South Africa,Vaalbank Coal Mine,Operating,
M1313,South Africa,Vlakfontein Coal Mine,Operating,2.5
M4312,South Africa,Kangra Coal Mine,Operating,1.4
M0908,South Africa,Khutala Coal Mine,Operating,10.39
M0910,South Africa,Klipspruit Coal Mine,Operating,9.8
M0948,South Africa,Middelburg Mining Services (MMS),Operating,4.81
M0923,South Africa,New Denmark Coal Mine,Operating,4.39
M0924,South Africa,New Largo Coal Mine,Operating,2.1
M0925,South Africa,New Vaal Coal Mine,Operating,15.23
M0891,South Africa,Bosjesspruit Coal Mine,Operating,4.1
M0895,South Africa,Katlego Operations,Operating,4.2
M2328,South Africa,Fentonia Coal Mine,Operating,
M1278,South Africa,Graspan Colliery,Operating,
M2331,South Africa,Ilima Coal Mine,Operating,
M0902,South Africa,Impumelelo Coal Mine,Operating,3.8
M1351,South Africa,Middelburg Complex (MBO),Operating,2.4
M3338,South Africa,Rietvlei Colliery,Operating,2.5
M0931,South Africa,Shondoni Coal Mine,Operating,5.6
M1354,South Africa,Sigma Mooikraal Operations,Operating,1.0
M0936,South Africa,Syferfontein Coal Mine,Operating,8.4
M0940,South Africa,Twistdraai Thubelisha Coal Mine,Operating,7.5
M1355,South Africa,Delmas Colliery,Operating,
M1305,South Africa,Khanye Coal Mine,Operating,2.54
M1297,South Africa,Vlakvarkfontein Coal Mine,Operating,1.4
M0944,South Africa,Welgemeend Coal Mine,Operating,1.69
M4322,South Africa,Woestalleen Colliery,Operating,
M1298,South Africa,Elandspruit Colliery,Operating,1.92
M0897,South Africa,Goedgevonden Coal Mine,Operating,11.7
M0900,South Africa,Grootegeluk Coal Mine,Operating,51.4
M0903,South Africa,Impunzi Complex,Operating,7.9
M0914,South Africa,Kriel Coal Mine,Operating,4.01
M0921,South Africa,Moabsvelden Coal Mine,Operating,2.53
M0939,South Africa,Tweefontein Coal Mine,Operating,8.9
M1279,South Africa,Wonderfontein Coal Mine,Operating,3.5
M0922,South Africa,New Clydesdale Colliery,Operating,4.4
M0926,South Africa,North Block Complex,Operating,5.1
M0896,South Africa,Goedehoop Coal Mine,Operating,2.6
M0899,South Africa,Greenside Coal Mine,Operating,2.3
M0904,South Africa,Isibonelo Coal Mine,Operating,4.19
M0909,South Africa,Khwezela Coal Mine,Operating,2.0
M0917,South Africa,Mafube Colliery,Operating,1.8
M0949,South Africa,Zibulo Coal Mine,Operating,4.5
M0920,South Africa,Matla Coal Mine,Operating,5.9
M0886,South Africa,Belfast Coal Mine,Operating,3.9
M0915,South Africa,Leeuwpan Coal Mine,Operating,4.82
M1260,Mexico,Mimosa Coal Mine,Operating,2.6
M1410,Ukraine,Luhanske Coal Mine,Operating,
M1384,Ukraine,M. V. Frunze Coal Mine,Operating,
M1403,Ukraine,Samsonivska-Zakhidna Coal Mine,Operating,0.25
M1294,Russia,Yuzhnaya Coal Mine,Operating,1.6
M1411,Ukraine,West Donbass Coal Mine,Operating,2.4
M1407,Ukraine,Yuvileyna Coal Mine,Operating,1.6
M1409,Ukraine,Dniprovska Coal Mine,Operating,2.1
M1283,Ukraine,Heroes of Space Coal Mine,Operating,3.1
M1284,Ukraine,Komsomolets Donbassa Coal Mine,Operating,1.8
M1406,Ukraine,Pavlohradska Coal Mine,Operating,
M1408,Ukraine,Samarska Coal Mine,Operating,
M3348,Ukraine,Steppe (Pershotravensk) Coal Mine,Operating,
M4544,Ukraine,Ternivska Coal Mine,Operating,1.4
M1377,United States,Logan Coal Complex,Operating,2.2
M1079,United States,Hamilton Mine No. 1,Operating,5.87
M0992,United States,Black Butte And Leucite Hills Coal Mines,Operating,0.43
M1599,United States,Blue Creek No. 1 Coal Mine,Operating,0.74
M3432,United States,Coal Mountain No 1 Surface Mine,Operating,0.98
M1009,United States,Colowyo Coal Mine,Operating,0.81
M1015,United States,Deserado Coal Mine,Operating,0.94
M3459,United States,Excel 5 Coal Mine,Operating,0.44
M1023,United States,Foidel Creek Mine,Operating,1.2
M1396,United States,Francisco Underground Coal Mine,Operating,1.07
M1617,United States,Lynn Branch No. 2 Coal Mine,Operating,1.14
M1395,United States,Pride Coal Mine,Closed,1.55
M3608,United States,Road Fork 52 Mine,Operating,1.53
M1075,United States,Trapper Coal Mine,Operating,1.68
M1391,United States,Twin Branch No 1 Coal Mine,Operating,0.99
M1080,United States,Wild Boar Coal Mine,Operating,1.91
M1341,United States,Workman Creek Coal Mine,Operating,1.58
M0985,United States,Absaloka Coal Mine,Operating,0.13
M0988,United States,Bailey Coal Mine,Operating,7.94
M0989,United States,Bear Run Coal Mine,Operating,3.09
M0991,United States,Belle Ayr Coal Mine,Operating,9.39
M0998,United States,Buchanan #1 Coal Mine,Operating,2.73
M0999,United States,Buckskin Coal Mine,Operating,4.97
M1000,United States,Bull Mountains No. 1 Coal Mine,Operating,5.28
M1002,United States,Caballo Coal Mine,Operating,7.82
M1004,United States,Cardinal Coal Mine,Operating,3.08
M1010,United States,Cordero Rojo Coal Mine,Operating,7.89
M1012,United States,Cumberland Coal Mine,Operating,3.74
M1308,United States,Deep Mine 41,Operating,1.64
M3449,United States,Deer Run Mine,Operating,2.62
M1017,United States,Dry Fork Coal Mine,Operating,3.22
M1018,United States,Eagle Butte Coal Mine,Operating,6.98
M1020,United States,El Segundo Coal Mine,Operating,0.0
M1021,United States,Enlow Fork Coal Mine,Operating,6.9
M1027,United States,Gateway North Coal Mine,Operating,1.09
M1028,United States,Gibson South Coal Mine,Operating,4.97
M1029,United States,Harrison County Coal Mine,Operating,5.23
M1030,United States,Harvey Coal Mine,Operating,5.21
M1033,United States,Jim Bridger Coal Mine,Operating,2.59
M1034,United States,Kemmerer Coal Mine,Operating,2.19
M1036,United States,Leer Coal Mine,Operating,4.81
M1037,United States,Leer South Coal Mine,Operating,0.54
M1039,United States,Lively Grove Coal Mine,Operating,5.69
M1042,United States,Mach No.1 Coal Mine,Operating,5.9
M1043,United States,Marion County Coal Mine,Operating,6.41
M1044,United States,Marshall County Coal Mine,Operating,9.22
M1045,United States,MC #1 Coal Mine,Operating,4.88
M2832,United States,Mine No. 1 (IL),Operating,5.87
M1049,United States,Navajo Coal Mine,Operating,4.12
M1397,United States,No. 4 Coal Mine (AL),Operating,2.72
M3577,United States,Oak Grove Mine,Operating,2.17
M1053,United States,Oaktown Fuels Coal Mine No. 1,Operating,3.65
M1357,United States,Oaktown Fuels Coal Mine No. 2,Mothballed,0.0
M1054,United States,Ohio County Coal Mine,Operating,5.52
M5573,United States,Prairie Eagle Underground Mine,Operating,3.79
M1058,United States,Rawhide Coal Mine,Operating,7.1
M1061,United States,River View Coal Mine,Operating,6.43
M1062,United States,Rosebud Coal Mine,Operating,5.43
M1069,United States,Skyline Mine #3,Operating,2.7
M1072,United States,Spring Creek Coal Mine,Operating,9.44
M1073,United States,Sufco Coal Mine,Operating,3.27
M1076,United States,Tunnel Ridge Coal Mine,Operating,4.76
M1078,United States,West Elk Coal Mine,Operating,2.94
M1081,United States,Wyodak Coal Mine,Operating,3.04
M0987,United States,Antelope Coal Mine,Operating,13.66
M0994,United States,Black Thunder Coal Mine,Operating,33.67
M1007,United States,Coal Creek Coal Mine,Operating,1.05
M1051,United States,No. 7 Coal Mine,Operating,4.69
M1052,United States,North Antelope Rochelle Coal Mine,Operating,58.92
M1634,Venezuela,Paso Diablo Coal Mine,Operating,8.0
M1382,Vietnam,Mine at Ha Tu,Operating,2.5
M1426,Vietnam,Mine at Hon Gai,Operating,1.93
M1092,Vietnam,Mine at Khe Cham,Operating,2.0
M3675,Vietnam,Mine at Khe Cham 3,Operating,1.825
M3677,Vietnam,Mine at Khe Tam,Operating,2.5
M1388,Vietnam,Mine at Thong Nhat,Operating,2.0
M3676,Vietnam,Mine at Trang Bach,Operating,1.2
M3679,Vietnam,Mine at Giap Khau,Operating,0.3
M1090,Vietnam,Mine at Duong Huy,Operating,2.6
M1094,Vietnam,Mine at Mong Duong,Operating,1.65
M4698,Vietnam,Hong Thai Coal Mine,Operating,1.0
M1088,Vietnam,Mine at Cao Son,Operating,4.0
M1087,Vietnam,Mine at Coc Sau,Operating,1.5
M1089,Vietnam,Mine at Deo Nai,Operating,1.8
M4327,Vietnam,Mine at Khoai Chau II,Operating,3.66
M1093,Vietnam,Mine at Mao Khe,Operating,2.5
M1394,Vietnam,Mine at Nam Mau,Operating,2.75
M3678,Vietnam,Mine at Nga Hai,Operating,1.28
M1390,Vietnam,Mine at Quang Hanh,Operating,3.02
M1442,Vietnam,Mine at Uong Bi,Operating,2.04
M1285,Vietnam,Mine at Vang Danh,Operating,3.8
M4700,Vietnam,Nui Beo Underground Mine,Operating,1.63
M2323,Zimbabwe,Coal Zimbabwe Mine,Operating,
M1307,Zimbabwe,Entuba Colliery,Operating,1.0
M1314,Zimbabwe,Chaba Coal Mine,Operating,1.21
M3907,India,Suliyari Coal Mine,Operating,5.81
M1091,Vietnam,Mine at Ha Lam,Operating,2.4
M0630,India,Selected Dhori Group of Mines,Operating,2.01
M0607,India,Muraidi Phularitand Coal Mine,Operating,4.86
M0618,India,Ramagundam I Coal Mine,Operating,3.5
M0983,Ukraine,Pokrovs'ke Coal Mine,Operating,1.2
M1259,Kazakhstan,Molodezhny Coal Mine,Operating,7.46
M4290,Russia,Zadubrovsky Novy Coal Mine,Operating,1.0
M0867,Russia,Vorgashorskaya Coal Mine,Operating,3.18
M0798,Russia,Inaglinsky Surface Coal Mine,Operating,0.96
M4247,Russia,Dalnyaya Coal Mine,Operating,1.0
M0852,Russia,Taldinskaya-Zapadnaya Coal Mine No. 1,Operating,3.6
M0853,Russia,Taldinskaya-Zapadnaya Coal Mine No. 2,Operating,2.8
M1380,Russia,Komsomolets Coal Mine,Operating,2.0
M1290,Russia,Bureinsky Coal Mine,Operating,0.8
M3324,Russia,Severnaya Coal Mine,Operating,3.5
M0767,Russia,Alardinskaya Coal Mine,Operating,1.7
M0893,South Africa,Gugulethu Coal Project,Operating,
M1526,Afghanistan,Dahna Toor Coal Mine,Operating,
M1761,Afghanistan,Garmak Project Coal Mine,Operating,
M1760,Afghanistan,Tala Wa Barfak Coal Mine,Operating,
M1528,Argentina,Río Turbio Coal Mine,Operating,0.063
M1529,Australia,Blackwood Coal Mine,Operating,0.6
M1532,Australia,Cullenswood Coal Mine,Operating,0.4
M0013,Australia,Bloomfield Coal Mine,Operating,0.5
M1530,Australia,Chain Valley Coal Mine,Operating,0.0
M0007,Australia,Ashton Coal Mine,Operating,2.555
M2432,Australia,Burton Lenton Coal Mine,Operating,2.89
M1531,Australia,Cook Colliery Coal Mine,Operating,0.173
M0052,Australia,Ironbark No. 1 Coal Mine,Operating,0.704
M2900,Australia,Millennium Coal Mine,Operating,0.525
M0082,Australia,New Acland Coal Mine,Operating,6.094
M0098,Australia,Sonoma Coal Mine,Operating,0.832
M3017,Australia,Vulcan Coal Mine Complex,Operating,1.297
M4356,Australia,Wilkie Creek Coal Mine,Operating,0.355
M3690,Australia,Bluff Coal Mine,Operating,0.346
M4351,Australia,Broadlea North Mine,Operating,0.719
M0122,Bangladesh,Barapukuria Coal Mine,Operating,1.02
M1533,Bhutan,Habrang Coal Mine,Operating,
M1534,Bhutan,Rishore Coal Mine,Operating,
M1535,Bhutan,Tshophangma Coal Mine,Operating,
M0125,Bosnia and Herzegovina,Vrtliste Coal Mine,Operating,0.6
M1759,Bosnia and Herzegovina,Zenica Coal Mine,Operating,0.2
M1538,Bosnia and Herzegovina,Djurdjevik Coal Mine,Operating,0.6
M3699,Bosnia and Herzegovina,Haljinici Underground Coal Mine,Operating,0.2
M1536,Bosnia and Herzegovina,Bila Coal Mine,Operating,0.07
M1537,Bosnia and Herzegovina,Breza Coal Mine,Operating,0.36
M1542,Brazil,Cerro Coal Mine,Operating,0.21
M1762,Bulgaria,Vagledobiv Bobov Dol Eood Coal Mines,Operating,0.5
M3008,Bulgaria,Pernik Coal Mine,Operating,0.34
M1763,Canada,Stellarton Coal Mine,Operating,0.091
M1764,Canada,Dodds Coal Mine,Operating,0.02
M0159,Canada,Willow Creek Coal Mine,Operating,2.19
M4338,Canada,Quintette Coal Mine,Operating,0.2
M1765,Colombia,San Juaquin Coal Mine,Operating,0.29
M3841,Colombia,Bijao-La Guacamaya Coal Mine,Operating,0.4
M1544,Egypt,El Maghara Coal Mine,Operating,
M1464,Eswatini,Maloma Coal Mine,Operating,0.006
M3227,Ethiopia,Kamashi Coal Mines,Operating,
M3846,Georgia,Dzidziguri Coal Mine,Operating,
M1635,Georgia,Mindeli Coal Mine,Operating,0.18
M4468,India,Bicharpur Coal Mine,Operating,0.0
M2884,India,Gare Palma IV 4 Coal Mine,Operating,0.31
M4441,India,Jhiria UG Coal Mine,Operating,0.189
M2695,India,Nandira Coal Mine,Operating,0.056
M2888,India,Parej East Coal Mine,Operating,0.403
M2909,India,Bonbahal Coal Mine,Operating,0.24
M2842,India,Naheriya Coal Mine,Operating,0.25
M2667,India,Patansaongi Coal Mine,Operating,0.039
M2793,India,Rajur-Bhandewada Coal Mine,Operating,0.055
M2816,India,Shankarpur Coal Mine,Operating,0.151
M2709,India,Mahadevpuri Coal Mine,Operating,0.032
M1724,India,Ramnagar Coal Mine,Operating,0.075
M1731,India,Saoner Coal Mine,Operating,0.505
M1737,India,Sial Gjogri Coal Mine,Operating,0.3
M1738,India,Sikni Coal Mine,Operating,0.336
M2723,India,Silewara Colliery,Operating,0.069
M2665,India,Tikak Colliery,Operating,0.2
M2821,India,KTK 8&8A Coal Mine,Operating,
M2635,India,Maohusudanpur 7 Pit & Incline Coal Mine,Operating,0.003
M2831,India,Marki Mangli Coal Mines,Operating,0.181
M4452,India,Marki Mangli III Coal Mine,Operating,0.0005
M2598,India,Mudidih Coal Mine,Operating,0.905
M4457,India,Pachhwara Central Coal Mine,Operating,7.0
M0622,India,Religara Coal Mine,Operating,0.499
M2588,India,Saunda-D Coal Mine,Operating,0.17
M0642,India,Tetariakhar Coal Mine,Operating,1.1
M1367,India,Topa Coal Mine,Operating,0.823
M1691,India,Kakatiya Khani-1 & 1A Coal Mine,Operating,0.221
M1694,India,Kakatiya Khani-5 &5A Coal Mine,Operating,0.208
M1695,India,Kakatiya Khani-6 & 6A Incline,Operating,0.121
M1726,India,Ravindrakhani-5 Coal Mine,Operating,0.277
M1727,India,Ravindrakhani-6 Coal Mine,Operating,0.195
M1728,India,Ravindrakhani-7 Coal Mine,Operating,0.339
M1729,India,Ravindrakhani-NT Coal Mine,Operating,0.161
M1741,India,Srirampur-III & III A Coal Mine,Operating,0.23
M2855,India,Kapasara Coal Mine,Operating,0.04
M2874,India,Karma Coal Mine,Operating,0.861
M1700,India,Kathautia Coal Mine,Operating,0.18
M2671,India,Khandra Coal Mine,Operating,0.091
M2743,India,KK 5 Inc Coal Mine,Operating,1.27
M1733,India,Shanthikhani Coal Mine,Operating,0.09
M2893,India,Ghonsa Coal Mine,Operating,0.6
M2729,India,Giridih Coal Mine,Operating,0.3
M1365,India,Govindpur Coal Mine,Operating,0.94
M2854,India,Hirakhand Bundia Incline Mine,Operating,0.201
M0539,India,Jamkhani Coal Mine,Operating,2.08
M2919,India,Jarangdih Coal Mine,Operating,1.48
M1686,India,Jharia Coal Mine,Operating,0.05
M2962,India,Jharkhand Coal Mine,Operating,0.408
M1690,India,Junad Coal Mine,Operating,0.464
M2727,India,Kathara Coal Mine,Operating,0.419
M1664,India,Bhurkunda Coal Mine,Operating,0.138
M2792,India,Bokaro Opencast Coal Mine,Operating,0.325
M1669,India,Chasnala Coal Mine,Operating,0.104
M2849,India,Chhatarpur-I Coal Mine,Operating,0.65
M2873,India,Churi Coal Mine,Operating,0.628
M2644,India,CL Jambad Coal Mine,Operating,0.125
M2877,India,Dakra Bukbuka Coal Mine,Operating,0.293
M2916,India,Dhansar Coal Mine,Operating,0.79
M2707,India,Dhori- Khas Coal Mine,Operating,0.136
M2890,India,K. D. H. Coal Mine,Operating,0.863
M0623,India,Rohini Coal Mine,Operating,0.039
M4427,India,ASP Coal Mine,Operating,0.1362
M2835,India,Bhowrah (South) Coal Mine,Operating,1.1998
M2625,India,Chapuikhas Colliery,Operating,0.027
M4431,India,Damoda Coal Mine,Operating,0.281
M6681,India,Dubeshwari UG Coal Mine,Operating,0.024
M2717,India,Gidi - A Open Cast Coal Mine,Operating,0.494
M2602,India,Gopalichak Coal Mine,Operating,0.358
M2892,India,Gouri Deep Coal Mine,Operating,0.378
M2728,India,JK Nagar Coal Mine,Operating,0.178
M2699,India,Kalidaspur Coal Mine,Operating,0.078
M2852,India,Kankanee Coal Mine,Operating,0.368
M2868,India,Mohan Coal Mine,Operating,
M2844,India,Nimcha Coal Mine,Operating,0.816
M2601,India,Ningah Coal Mine,Operating,0.021
M2658,India,Parbelia Coal Mine,Operating,0.037
M2669,India,Satgram Coal Mine,Operating,0.054
M0631,India,Sendra Bansjora Coal Mine,Operating,0.649
M2543,India,Sirka Coal Mine,Operating,0.116
M2773,India,Tandsi Coal Mine,Operating,0.036
M2498,India,Urimari Open Cast Coal Mine,Operating,0.791
M1650,India,Bankola Coal Mine,Operating,0.16
M1651,India,Bansdeopur Coal Mine,Operating,0.088
M1652,India,Bansra Coal Mine,Operating,0.12
M2624,India,Bejdih Coal Mine,Operating,0.047
M2817,India,Belgaon Coal Mine,Operating,0.12
M2617,India,Bhagabandh Coal Mine,Operating,
M2668,India,Central Kajora Coal Mine,Operating,0.065
M2655,India,Chinakuri III Coal Mine,Operating,0.029
M2643,India,Dhemonmain Coal Mine,Operating,0.049
M2766,India,Khas Kajora Coal Mine,Operating,0.125
M2698,India,Kumardihi A Coal Mine,Operating,0.08
M2719,India,Kunustoria Coal Mine,Operating,0.093
M2851,India,Madhabpur Coal Mine,Operating,0.016
M2850,India,Madhaipur Coal Mine,Operating,0.14
M2692,India,Manoerboni & South Samlaamalgateo Coal Mine,Operating,0.062
M2636,India,Methani Coal Mine,Operating,0.053
M4454,India,Naba Jambad Project,Operating,0.264
M2656,India,Narsamunda Coal Mine,Operating,0.042
M2902,India,North Searsole (East) Coal Mine,Operating,0.78
M4458,India,Pandaveswar Dalurband  Coal Mine,Operating,0.82
M2764,India,Parascole East & West Coal Mine,Operating,0.13
M4459,India,Parasea Belbaid Coal Mine,Operating,0.173
M2626,India,Patmohana Coal Mine,Operating,0.037
M4430,India,"Chora 7,9&10 Coal Mine",Operating,0.101
M4426,India,Amalgamated LSMK UG & OC Mine,Operating,0.11
M1641,India,Amritnaga Coal Mine,Operating,0.057
M1643,India,Ardhagram Coal Mine,Operating,0.4
M1644,India,Badjna Coal Mine,Operating,0.25
M1646,India,Bahula Coal Mine,Operating,0.056
M1654,India,Barmuri Coal Mine,Operating,0.557
M2770,India,Chapapur II Coal Mine,Operating,0.68
M2739,India,Chora UG Coal Mine,Operating,0.027
M0508,India,Dabor Coal Mine,Operating,0.16
M2654,India,Hariajam Coal Mine,Operating,0.05
M2987,India,Hura C Coal Mine,Operating,2.73
M2634,India,Khoodia Coal Mine,Operating,0.035
M2500,India,Khotadih Coal Mine,Operating,0.956
M2623,India,Kumardhubi Coal Mine,Operating,0.018
M2670,India,Lower Kenda Coal Mine,Operating,0.03
M4455,India,Nakrakonda Kumardih B OC Mine,Operating,2.21
M2749,India,New Kenda Coal Mine,Operating,1.17
M2777,India,Nirsha OC Patch Coal Mine,Operating,0.147
M2791,India,Rajpura Coal Mine,Operating,0.091
M2915,India,Shyamsundarpur Coal Mine,Operating,0.55
M2701,India,Siduli Coal Mine,Operating,0.053
M2746,India,Tilaboni Coal Mine,Operating,0.186
M1747,India,Tawa Coal Mine,Operating,0.698
M2912,India,Kolarpimpri Coal Mine,Operating,1.5
M1656,India,Basantimata Coal Mine,Operating,0.516
M4444,India,Kakatiya Khani Opencast-3 Coal Mine,Operating,1.54
M1693,India,Kakatiya Khani-3 Coal Mine,Operating,0.092
M1699,India,Kasipet-1 UG Coal Mine,Operating,0.146
M7025,India,Kasipet-2 Incline Mine,Operating,0.146
M1704,India,Kondapuram Coal Mine,Operating,0.15
M0611,India,Purnadih Coal Mine,Operating,0.22
M2794,India,PVK-5 Coal Mine,Operating,0.206
M1715,India,Nawrozabad Coal Mine,Operating,0.098
M1716,India,NCPH Coal Mine,Operating,0.351
M1718,India,Pandavpara Coal Mine,Operating,0.248
M2666,India,Piparia Coal Mine,Operating,0.081
M1720,India,Rajgamar Coal Mine,Operating,0.13
M1721,India,Rajnagar Coal Mine,Operating,0.13
M1730,India,Rehar Coal Mine,Operating,0.031
M2833,India,Shiwani Coal Mine,Operating,0.23
M1739,India,Singhali Coal Mine,Operating,0.13
M3013,India,Surakachhar Coal Mine,Operating,0.056
M1750,India,Umaria Coal Mine,Operating,0.117
M1755,India,West Jhagrakhand Coal Mine,Operating,0.082
M1647,India,Balgi Coal Mine,Operating,0.008
M1648,India,Balrampur Coal Mine,Operating,0.119
M1649,India,Bangwar Coal Mine,Operating,0.65
M1655,India,Bartarai Coal Mine,Operating,0.172
M2750,India,Bartunga Hill Coal Mine,Operating,0.02
M1659,India,Behraband Coal Mine,Operating,0.5
M1662,India,Bhadra Coal Mine,Operating,0.1
M1663,India,Bhatgaon Coal Mine,Operating,0.185
M1666,India,Bijuri Coal Mine,Operating,0.715
M1673,India,Damini Coal Mine,Operating,0.265
M1674,India,Dhelwadih Coal Mine,Operating,0.205
M2812,India,Gayatri Coal Mine,Operating,0.579
M1680,India,Haldibari Coal Mine,Operating,0.592
M1684,India,Jamuna UG Coal Mine,Operating,0.18
M1687,India,Jhilmili Coal Mine,Operating,0.37
M1698,India,Karkati Coal Mine,Operating,
M2687,India,Kumda 7&8 Coal Mine,Operating,0.011
M1705,India,Kurasia Coal Mine,Operating,0.204
M1711,India,Meera Coal Mine,Operating,0.076
M1714,India,Nawapara Coal Mine,Operating,0.052
M1735,India,Sheetaldhara-Kurja and Kapidhara Coal Mines,Operating,0.808
M1753,India,Vijay Coal Mine,Operating,0.5
M1754,India,Vindhya Coal Mine,Operating,0.465
M1640,India,Amgaon Coal Mine,Operating,0.74
M2910,India,Bhanegaon Coal Mine,Operating,1.15
M0487,India,Bijari Coal Mine,Operating,1.81
M3863,India,Chatti-Bariatu Coal Mine,Operating,4.56
M1697,India,Kanchan Coal Mine,Operating,0.71
M1701,India,Katkona Coal Mine,Operating,0.216
M1703,India,Khairaha Coal Mine,Operating,0.877
M1725,India,Rani Atari Coal Mine,Operating,0.6
M1637,India,Amaglmated Block IV-Kooridih-Govindpur Coal Mine,Operating,0.228
M3014,India,Amalgated Gaslitand Katars Chaitudih Coal Mine,Operating,
M2897,India,Ballarpur OC Coal Mine,Operating,0.625
M2708,India,Ballarpur UG Coal Mine,Operating,0.071
M1661,India,Bellora-Naigaon Coal Mine,Operating,1.25
M2637,India,Jogidih Coal Mine,Operating,0.013
M2616,India,Maheshpur Coal Mine,Operating,0.029
M2502,India,New Akashkinaree Coal Mine,Operating,1.439
M2904,India,Tetulmari Coal Mine,Operating,0.014
M0532,India,Gouthamkhani Coal Mine,Operating,0.127
M2800,India,IK 1A Coal Mine,Operating,0.196
M2881,India,Moonidih Coal Mine,Operating,0.49
M0464,India,Adasa Coal Mine,Operating,0.715
M2618,India,Kharkharee Colliery,Operating,0.0008
M4167,Indonesia,Saraba Kawa Coal Mine,Operating,0.202
M4168,Indonesia,Sarana Usaha Coal Mine,Operating,0.023
M4170,Indonesia,Sarolangun Prima Coal Mine,Operating,0.786
M4172,Indonesia,SBA Coal Mine,Operating,0.034
M4173,Indonesia,SBB Coal Mine,Operating,0.129
M4174,Indonesia,SBE Coal Mine,Operating,0.683
M4175,Indonesia,SBJ Coal Mine,Operating,0.21
M4176,Indonesia,SBP Coal Mine,Operating,0.455
M4177,Indonesia,SCG Coal Mine,Operating,0.046
M4179,Indonesia,Seluma Prima Coal Mine,Operating,0.496
M4180,Indonesia,Semoga Surya Sentosa Coal Mine,Operating,0.162
M4183,Indonesia,Sentosa Prima Coal Mine,Operating,0.4
M4185,Indonesia,SKS Coal Mine,Operating,1.25
M4186,Indonesia,SMG Coal Mine,Operating,0.014
M4187,Indonesia,SMS Coal Mine,Operating,0.058
M4188,Indonesia,SPC Coal Mine,Operating,0.027
M4189,Indonesia,SPH Coal Mine,Operating,0.435
M4190,Indonesia,SRE Coal Mine,Operating,0.053
M4191,Indonesia,SSDB Coal Mine,Operating,0.037
M4192,Indonesia,SSDK Coal Mine,Operating,0.208
M4194,Indonesia,STU Coal Mine,Operating,0.961
M4195,Indonesia,Suraindo Bara Coal Mine,Operating,0.118
M4196,Indonesia,Surya Anugrah Sejahtera Coal Mine,Operating,0.161
M4197,Indonesia,Surya Global Makmur Coal Mine,Operating,0.802
M4199,Indonesia,Tambang Bukit Tambi Coal Mine,Operating,0.397
M4200,Indonesia,TBB Coal Mine,Operating,0.152
M4201,Indonesia,Tebo Agung International Coal Mine,Operating,0.105
M4202,Indonesia,Tebo Batubara Investama Coal Mine,Operating,0.032
M4203,Indonesia,Tebo Prima Coal Mine,Operating,0.303
M4204,Indonesia,TER Coal Mine,Operating,0.656
M4205,Indonesia,TES Coal Mine,Operating,0.378
M4206,Indonesia,Tigadaya Minergy Coal Mine,Operating,0.558
M4208,Indonesia,TMJ Coal Mine,Operating,0.05
M3916,Indonesia,Akbar 2 Coal Mine,Operating,0.083
M3917,Indonesia,Akbar Coal Mine,Operating,0.19
M4469,Indonesia,Andrea Multi Energy Coal Mine,Operating,0.8
M3922,Indonesia,Anggaraksa Adisarana Coal Mine,Operating,0.844
M4144,Indonesia,PIR Coal Mine,Operating,0.5
M4145,Indonesia,PIS Coal Mine,Operating,0.041
M4146,Indonesia,PK Coal Mine,Operating,0.137
M4147,Indonesia,PM Coal Mine,Operating,0.022
M4149,Indonesia,PMM Coal Mine,Operating,0.131
M4150,Indonesia,PMSS Coal Mine,Operating,0.426
M4151,Indonesia,PMT Coal Mine,Operating,0.026
M4153,Indonesia,PSPN Coal Mine,Operating,0.028
M4155,Indonesia,PW Coal Mine,Operating,0.002
M4156,Indonesia,Rabani Corporindo Coal Mine,Operating,0.111
M4157,Indonesia,RDU Coal Mine,Operating,0.174
M4158,Indonesia,Restu Ibu Coal Mine,Operating,0.406
M4159,Indonesia,Rinjani Kartanegara Coal Mine,Operating,0.34
M4161,Indonesia,RMB Coal Mine,Operating,0.246
M4162,Indonesia,RPC Coal Mine,Operating,0.017
M4163,Indonesia,RS Coal Mine,Operating,0.06
M4164,Indonesia,Rukun Dadi Coal Mine,Operating,0.113
M4165,Indonesia,SAIM Coal Mine,Operating,0.014
M3948,Indonesia,Banjar Bumi Persada coal mine,Operating,0.525
M3953,Indonesia,BEB Coal Mine,Operating,0.058
M3956,Indonesia,BEI Coal Mine,Operating,0.205
M3957,Indonesia,BEK Coal Mine,Operating,0.117
M3958,Indonesia,Bencoolen Coal Mine,Operating,0.263
M3959,Indonesia,Bengkulu Bio Energi Coal Mine,Operating,0.001
M3960,Indonesia,Berkat Bersujud Coal Mine,Operating,0.03
M3961,Indonesia,Berkat Bumi Persada Coal Mine,Operating,0.001
M3962,Indonesia,Bersama Alam Sentosa Coal Mine,Operating,0.108
M3963,Indonesia,Betuah Coal Mine,Operating,0.043
M3965,Indonesia,BIP Coal Mine,Operating,0.045
M3966,Indonesia,BJL Coal Mine,Operating,0.067
M3967,Indonesia,BJPE Coal Mine,Operating,0.032
M3270,Indonesia,BMB Block 4 Coal Mine,Operating,0.087
M3970,Indonesia,BME Coal Mine,Operating,1.192
M3971,Indonesia,BML Coal Mine,Operating,0.2
M3972,Indonesia,BMQ Coal Mine,Operating,0.085
M3973,Indonesia,BMR Coal Mine,Operating,0.47
M3974,Indonesia,BMS Coal Mine,Operating,0.723
M3975,Indonesia,BN Coal Mine,Operating,0.013
M3977,Indonesia,BNY Coal Mine,Operating,0.265
M3978,Indonesia,Borneo Prima Coal Mine,Operating,0.045
M3980,Indonesia,BPAC Coal Mine,Operating,0.982
M3981,Indonesia,BPEP Coal Mine,Operating,0.025
M3982,Indonesia,BPI Coal Mine,Operating,0.018
M3983,Indonesia,BPP Coal Mine,Operating,0.568
M3984,Indonesia,BRA Coal Mine,Operating,0.165
M3985,Indonesia,BRASU Coal Mine,Operating,0.115
M3986,Indonesia,BRCM Coal Mine,Operating,0.088
M3987,Indonesia,BSI Coal Mine,Operating,0.099
M3990,Indonesia,BTP Coal Mine,Operating,0.069
M3991,Indonesia,BTU Coal Mine,Operating,0.048
M3992,Indonesia,BU Coal Mine,Operating,0.033
M3993,Indonesia,Buana Bara Ekapratama Coal Mine,Operating,0.183
M3994,Indonesia,Buana Karsatama Coal Mine,Operating,0.017
M3995,Indonesia,BUK Coal Mine,Operating,0.008
M3996,Indonesia,Bukit Telunjuk Coal Mine,Operating,1.194
M4002,Indonesia,BUP Coal Mine,Operating,0.006
M4003,Indonesia,CAS Coal Mine,Operating,0.155
M4004,Indonesia,CBP Coal Mine,Operating,0.047
M4005,Indonesia,CBS Coal Mine,Operating,0.009
M4007,Indonesia,CES Coal Mine,Operating,0.306
M4008,Indonesia,CG Coal Mine,Operating,0.046
M1485,Indonesia,Cipta Buana Seraya Coal Mine,Operating,
M4009,Indonesia,Ciracap Sumber Prima Coal Mine,Operating,0.016
M4010,Indonesia,Citra Coal Mine,Operating,0.17
M4011,Indonesia,CJP Coal Mine,Operating,0.032
M4012,Indonesia,CKT Coal Mine,Operating,0.019
M4013,Indonesia,CPP Coal Mine,Operating,0.278
M4016,Indonesia,DAS Coal Mine,Operating,0.972
M4018,Indonesia,DBS Coal Mine,Operating,0.709
M4022,Indonesia,DMP Coal Mine,Operating,0.004
M4023,Indonesia,DMS Coal Mine,Operating,0.687
M4025,Indonesia,DPP Coal Mine,Operating,0.08
M4028,Indonesia,DSAS Coal Mine,Operating,0.062
M4029,Indonesia,DTKB Coal Mine,Operating,0.02
M4030,Indonesia,DUM Coal Mine,Operating,0.393
M4031,Indonesia,Dutadharma Utama Coal Mine,Operating,0.416
M4033,Indonesia,EBA Coal Mine,Operating,0.024
M4034,Indonesia,EBJM Coal Mine,Operating,0.015
M4035,Indonesia,EBT Coal Mine,Operating,0.0337
M4036,Indonesia,ECI Coal Mine,Operating,0.481
M4037,Indonesia,EEM Coal Mine,Operating,0.321
M4039,Indonesia,Elynda Jaya Coal Mine,Operating,0.116
M4040,Indonesia,ESE Coal Mine,Operating,0.016
M4043,Indonesia,FRI Coal Mine,Operating,0.47
M4046,Indonesia,GBR Coal Mine,Operating,0.023
M4049,Indonesia,GIE Coal Mine,Operating,0.089
M4050,Indonesia,GPM Coal Mine,Operating,0.03
M4051,Indonesia,Gunung Limo Coal Mine,Operating,0.038
M4052,Indonesia,Gunung Sambung Coal Mine,Operating,0.099
M4053,Indonesia,HAA Coal Mine,Operating,0.15
M4054,Indonesia,Hamparan Mulya Coal Mine,Operating,0.578
M4055,Indonesia,Harindo Wahana Coal Mine,Operating,0.078
M1492,Indonesia,Hasil Bumi Persada Coal Mine,Operating,
M4056,Indonesia,HHI Coal Mine,Operating,0.17
M4057,Indonesia,Hirzan Raya Coal Mine,Operating,0.609
M4058,Indonesia,IBAP Coal Mine,Operating,0.02
M4059,Indonesia,IBN Coal Mine,Operating,0.399
M4060,Indonesia,IKJ Coal Mine,Operating,0.005
M4061,Indonesia,IKM Coal Mine,Operating,0.457
M4062,Indonesia,IMM Coal Mine,Operating,0.331
M4063,Indonesia,Indra Berjaya Coal Mine,Operating,0.025
M4065,Indonesia,Inti Bara Perdana Coal Mine,Operating,0.485
M4067,Indonesia,IRS Coal Mine,Operating,0.031
M4069,Indonesia,JAR Coal Mine,Operating,0.04
M4070,Indonesia,JDM Coal Mine,Operating,0.004
M4071,Indonesia,JMS Coal Mine,Operating,0.338
M4073,Indonesia,JP Coal Mine,Operating,0.108
M4074,Indonesia,KAI Coal Mine,Operating,0.055
M4076,Indonesia,Kamalindo Sompurna Coal Mine,Operating,0.773
M4079,Indonesia,Karya Silvi Coal Mine,Operating,0.07
M4080,Indonesia,KB Coal Mine,Operating,0.407
M4081,Indonesia,KBM Coal Mine,Operating,0.339
M4082,Indonesia,KBU Coal Mine,Operating,0.3
M4084,Indonesia,KD Coal Mine,Operating,0.358
M4085,Indonesia,Kedap Sayaaq Coal Mine,Operating,0.473
M4087,Indonesia,KGLR Coal Mine,Operating,0.124
M4088,Indonesia,KH Coal Mine,Operating,0.035
M4090,Indonesia,KJ Coal Mine,Operating,0.13
M4091,Indonesia,KKA Coal Mine,Operating,0.4
M4092,Indonesia,KKE Coal Mine,Operating,0.281
M4093,Indonesia,KMB Coal Mine,Operating,0.51
M4094,Indonesia,Koetaindo Coal Mine,Operating,0.055
M4095,Indonesia,Komunitas Bangun Bersama Coal Mine,Operating,0.824
M4096,Indonesia,KRA Coal Mine,Operating,0.223
M4099,Indonesia,La Tahzan Coal Mine,Operating,0.212
M4100,Indonesia,Lembuswana Perkasa Coal Mine,Operating,0.511
M4101,Indonesia,Lestari Coal Mine,Operating,0.09
M4104,Indonesia,Mada Perkasa Coal Mine,Operating,0.046
M4105,Indonesia,Madani Citra Mandiri Coal Mine,Operating,0.026
M4106,Indonesia,Madhucon Pasir Makmur Coal Mine,Operating,0.05
M4107,Indonesia,Makmur Bersama Coal Mine,Operating,0.182
M4108,Indonesia,Makmur Coal Mine,Operating,0.702
M4109,Indonesia,Mandiri Jaya Makmur Coal Mine,Operating,0.005
M4110,Indonesia,Mandiri Makmur Citra Tambang Coal Mine,Operating,0.06
M4113,Indonesia,Marlin Serantau Alam Coal Mine,Operating,0.036
M4117,Indonesia,MEC Coal Mine,Operating,0.758
M4118,Indonesia,Mega Multi Energi Coal Mine,Operating,0.697
M4119,Indonesia,Megah Mulia Persada Jaya Coal Mine,Operating,0.879
M4121,Indonesia,Metalindo Bumi Raya Coal Mine,Operating,0.345
M4122,Indonesia,Mitra Anugrah Sejahtera Coal Mine,Operating,0.04
M4124,Indonesia,MJA Coal Mine,Operating,0.163
M4125,Indonesia,MJE Coal Mine,Operating,0.088
M4126,Indonesia,MPK Coal Mine,Operating,0.102
M4127,Indonesia,MSTB Coal Mine,Operating,0.433
M4129,Indonesia,NBL Coal Mine,Operating,0.029
M1497,Indonesia,NTC Coal Mine,Operating,
M4130,Indonesia,Nurul Hijrah Coal Mine,Operating,0.133
M4134,Indonesia,PBB Coal Mine,Operating,0.026
M4135,Indonesia,PBSM Coal Mine,Operating,0.023
M4137,Indonesia,PCMU Coal Mine,Operating,0.98
M4138,Indonesia,Pengembangan Investasi Riau Coal Mine,Operating,0.182
M4139,Indonesia,Perkasa Energi Coal Mine,Operating,0.194
M4141,Indonesia,PGU Coal Mine,Operating,0.708
M4142,Indonesia,PHI Coal Mine,Operating,0.062
M4143,Indonesia,PI Coal Mine,Operating,0.286
M4209,Indonesia,TMP Coal Mine,Operating,0.145
M4212,Indonesia,TSB Coal Mine,Operating,0.18
M4214,Indonesia,Tubindo Coal Mine,Operating,0.165
M4215,Indonesia,TUL Coal Mine,Operating,0.094
M4216,Indonesia,TUTB Coal Mine,Operating,0.116
M4217,Indonesia,UBJ Coal Mine,Operating,0.367
M4220,Indonesia,UMP Coal Mine,Operating,0.648
M4221,Indonesia,UN Coal Mine,Operating,0.046
M4222,Indonesia,VDTM Coal Mine,Operating,0.303
M4223,Indonesia,WBS Coal Mine,Operating,0.072
M4224,Indonesia,Winner Prima Sekata Coal Mine,Operating,0.242
M4225,Indonesia,WTB Coal Mine,Operating,0.158
M4227,Indonesia,Yastra Energy Coal Mine,Operating,0.143
M4228,Indonesia,YNH Coal Mine,Operating,0.017
M3923,Indonesia,APC Coal Mine,Operating,0.008
M3927,Indonesia,ARG Coal Mine,Operating,0.166
M3928,Indonesia,Arini Coal Mine,Operating,0.444
M3236,Indonesia,Astrindo Gita Mandiri Coal Mine,Operating,0.008
M3931,Indonesia,ATM Coal Mine,Operating,0.7
M3932,Indonesia,ATU Coal Mine,Operating,0.086
M3933,Indonesia,AUJS Coal Mine,Operating,0.134
M3934,Indonesia,AWL Coal Mine,Operating,0.13
M3935,Indonesia,BAM Coal Mine,Operating,0.04
M3936,Indonesia,Bama Coal Mine,Operating,0.142
M3937,Indonesia,Bara Batin Pratama Coal Mine,Operating,0.109
M3938,Indonesia,Bara Mahakam Coal Mine,Operating,0.023
M3939,Indonesia,Baramega Berkah Utama Coal Mine,Operating,0.016
M3940,Indonesia,Baratama Coal Mine,Operating,0.117
M3941,Indonesia,Batubara Kalimanta Coal Mine,Operating,0.299
M3942,Indonesia,Batubara Lahat Coal Mine,Operating,0.344
M3943,Indonesia,BBA Coal Mine,Operating,0.765
M3944,Indonesia,BBAP Coal Mine,Operating,0.175
M3945,Indonesia,BBE Coal Mine,Operating,0.617
M3946,Indonesia,BBK Coal Mine,Operating,0.34
M3947,Indonesia,BBMM Coal Mine,Operating,0.536
M4341,Indonesia,BBP Coal Mine,Operating,
M4019,Indonesia,DBU Coal Mine,Operating,0.025
M1487,Indonesia,DTR Coal Mine,Operating,0.51
M4483,Indonesia,DTSA Coal Mine,Operating,1.1
M4488,Indonesia,GTB Coal Mine,Operating,0.11
M3282,Indonesia,Sebakis Coal Mine,Operating,0.66
M0656,Indonesia,Anzawara Satria Coal Mine,Operating,0.56
M1481,Indonesia,BBPK Coal Mine,Operating,0.04
M3271,Indonesia,BMB Coal Mine,Operating,0.08
M3976,Indonesia,BNJM Coal Mine,Operating,0.127
M3979,Indonesia,BPA Coal Mine,Operating,0.16
M1484,Indonesia,BUMD Coal Mine,Operating,0.12
M1488,Indonesia,Fajar Mineral Alami International Coal Mine,Operating,
M4136,Indonesia,PBT Coal Mine,Operating,0.01
M4500,Indonesia,Pratama Bersama Coal Mine,Operating,0.08
M0694,Indonesia,REM Coal Mine,Operating,0.71
M4503,Indonesia,RTP Coal Mine,Operating,0.02
M0698,Indonesia,SEM Coal Mine,Operating,0.27
M4181,Indonesia,Senakin Coal Mine,Operating,0.55
M1500,Indonesia,SKB Coal Mine,Operating,0.06
M1503,Indonesia,SRI Coal Mine,Operating,
M1504,Indonesia,TAJ Coal Mine,Operating,0.4
M4001,Indonesia,Bunda Kandung Coal Mine,Operating,0.5
M3275,Indonesia,Jongkang I Coal Mine,Operating,0.52
M4077,Indonesia,Kartika Selabumi Coal Mine,Operating,0.38
M1512,Indonesia,Kendilo Coal Indonesia Coal Mine,Operating,0.34
M4098,Indonesia,KUP Coal Mine,Operating,0.255
M4102,Indonesia,Limbuh Coal Mine,Operating,0.003
M4120,Indonesia,Megaprima Persada Coal Mine,Operating,1.15
M1513,Indonesia,MMC Coal Mine,Operating,0.03
M1496,Indonesia,NCI Coal Mine,Operating,0.237
M0713,Indonesia,PMU Coal Mine,Operating,0.05
M4502,Indonesia,PSA Coal Mine,Operating,0.26
M1499,Indonesia,RKBM Coal Mine,Operating,0.21
M3281,Indonesia,RUB Coal Mine,Operating,0.14
M4193,Indonesia,SSP Coal Mine,Operating,0.043
M3955,Indonesia,BEH Coal Mine,Operating,0.3
M4479,Indonesia,BSA Coal Mine,Operating,0.01
M3998,Indonesia,Bumi Enggang Khatulistiwa Coal Mine,Operating,0.12
M1490,Indonesia,GPB Coal Mine,Operating,0.53
M4476,Indonesia,Berau Bara Energi Coal Mine,Operating,0.06
M1368,Indonesia,JBG Coal Mine,Operating,0.18
M3924,Indonesia,APT Coal Mine,Operating,0.64
M3265,Indonesia,BEP Coal Mine,Operating,0.36
M3268,Indonesia,BKS Coal Mine,Operating,0.68
M1483,Indonesia,BOS Coal Mine,Operating,0.013
M3989,Indonesia,BSS Coal Mine,Operating,0.727
M4027,Indonesia,DRP Coal Mine,Operating,0.058
M1491,Indonesia,GPU Coal Mine,Operating,0.26
M4491,Indonesia,IBPE Coal Mine,Operating,0.5
M4066,Indonesia,IPC Coal Mine,Operating,0.9
M1479,Indonesia,Astaka Dodol Coal Mine,Operating,1.0
M1480,Indonesia,Baturona Adimulya Coal Mine,Operating,0.7
M1482,Indonesia,BIL Coal Mine,Operating,0.11
M3242,Indonesia,BKL Coal Mine,Operating,0.6
M3988,Indonesia,BSPC Coal Mine,Operating,0.51
M4006,Indonesia,CDE Coal Mine,Operating,0.67
M4064,Indonesia,Injatama Coal Mine,Operating,0.44
M4075,Indonesia,Kaltim Global Coal Mine,Operating,0.89
M3276,Indonesia,KRU Coal Mine,Operating,0.15
M1486,Indonesia,CTSP Coal Mine,Operating,0.207
M3274,Indonesia,Haswi Kencana Indah Coal Mine,Operating,0.02
M3278,Indonesia,Minemex Indonesia Coal Mine,Operating,0.48
M1495,Indonesia,NAL Coal Mine,Operating,
M3280,Indonesia,Nan Riang Coal Mine,Operating,0.2
M1498,Indonesia,Parambahan Coal Mine,Operating,0.31
M1514,Indonesia,Samantaka Batubara Coal Mine,Operating,0.28
M4169,Indonesia,Sarolangun Bara Prima Coal Mine,Operating,0.45
M4506,Indonesia,SSKB Coal Mine,Operating,0.02
M4198,Indonesia,Tamarona Mas International Coal Mine,Operating,0.26
M3909,Indonesia,AAAA Coal Mine,Operating,0.15
M3919,Indonesia,ALE Coal Mine,Operating,0.275
M3920,Indonesia,Alhasanie Coal Mine,Operating,0.9
M3921,Indonesia,AMNK Coal Mine,Operating,0.958
M1476,Indonesia,ADK Coal Mine,Operating,
M1506,Indonesia,ADP Coal Mine,Operating,0.17
M3913,Indonesia,Aero Mandiri Coal Mine,Operating,0.452
M3235,Indonesia,AJE Coal Mine,Operating,2.515
M3914,Indonesia,AJI Coal Mine,Operating,0.1
M4000,Indonesia,Bumi Petangis Coal Mine,Operating,0.1
M1509,Indonesia,Indomining Coal Mine,Operating,0.403
M4211,Indonesia,TMU Coal Mine,Operating,0.806
M3910,Indonesia,AAB Coal Mine,Operating,0.18
M3911,Indonesia,AAJ Coal Mine,Operating,0.215
M1768,Iran,Gol Banu Coal Mine,Operating,
M1767,Iran,Kalariz Coal Mine,Operating,
M1431,Iran,Tazare Coal Mine,Operating,
M1466,Iran,Zemestan-Yurt Coal Mine,Operating,
M1465,Japan,Kushiro Coal Mine,Operating,0.195
M2352,Kazakhstan,Zhalyn Coal Mine,Operating,0.4
M1437,Kazakhstan,Kuzembaev Coal Mine,Operating,1.1
M4510,Kyrgyzstan,Zhergalan Coal Mine,Operating,0.00005
M1370,Kyrgyzstan,Kyzyl-Bulak Coal Mine,Operating,0.5
M4511,Laos,Phonesack Coal Mine,Operating,7.7
M1546,Malawi,Kasikizi Coal Mine,Operating,
M4512,Malawi,Kaziwiziwi Coal Mine,Operating,0.005
M1432,Malawi,Mchenga Coal Mine,Operating,0.036
M2629,Mexico,Santa Barbara Coal Mine,Operating,0.035
M1548,Mongolia,Eldev Coal Mine,Operating,0.5
M0728,Mongolia,Baruun Naran Coal Mine,Operating,3.6
M4519,Myanmar,Paluzawa Coal Mine,Operating,
M1549,Nepal,Ramche Coal Mine,Operating,
M1443,New Zealand,Awaroa Coal Mine,Operating,0.49
M1447,New Zealand,Berlins Creek Coal Mine,Operating,0.006
M3295,New Zealand,Charleston Coal Mine,Operating,0.0001
M1446,New Zealand,Echo Coal Mine,Operating,0.11
M1445,New Zealand,Giles Creek Coal Mine,Operating,0.2
M1444,New Zealand,Kopuku Coal Mine,Operating,0.25
M4520,New Zealand,New Creek Mine,Operating,0.0
M3299,New Zealand,Rajah Coal Mine,Operating,0.13
M3298,New Zealand,Reefton Operations Coal Mine,Operating,0.056
M1301,New Zealand,Stockton Coal Mine,Operating,0.913
M3300,New Zealand,Strongman Coal Mine,Operating,0.054
M3297,New Zealand,Takitimu Coal Mine,Operating,0.22
M1550,Niger,Tefereyre Coal Mine,Operating,0.1
M1551,Nigeria,Okaba Coal Mine,Operating,
M1777,Nigeria,Okpara Coal Mine,Operating,
M2375,North Korea,Bongcheon Coal Mine,Operating,0.2
M2606,North Korea,Cheonseong Youth Coal Mine,Operating,0.3
M2627,North Korea,February 8 Jikdong Coal Mine,Operating,0.3
M2682,North Korea,Ryongmun Coal Mine,Operating,0.25
M2463,North Korea,Shinchang Youth Coal Mine,Operating,0.03
M1455,Norway,Mine 7 Coal Mine,Operating,0.117
M4522,Pakistan,Degari Collieries,Operating,0.01
M4525,Pakistan,Sharigh Coal Mine,Operating,0.29
M4526,Pakistan,Sor-Range Coal Mine,Operating,0.05
M1552,Peru,Pampahuay Coal Mine,Operating,0.056743
M3305,Philippines,SSCM Coal Mines,Operating,0.0
M1471,Poland,KWK Sośnica Coal Mine,Operating,0.76
M1556,Poland,ZG Eko-Plus Coal Mine,Operating,0.2
M1557,Poland,ZG Siltech Coal Mine,Operating,0.076
M1553,Poland,ZG Brzeszcze Coal Mine,Operating,0.69
M1469,Poland,KWK Bobrek-Piekary Coal Mine,Operating,0.45
M0755,Poland,KWK Bzie-Dębina Coal Mine,Operating,0.129
M1558,Romania,Hunedoara Energy Complex,Operating,0.3
M4346,Russia,Nalymakitsky Coal Mine,Operating,0.25
M1342,Russia,Yubileynaya Coal Mine,Operating,0.92
M4293,Russia,Ziryansky Coal Mine,Operating,0.25
M4284,Russia,Tailepsky Coal Mine,Operating,0.92
M4281,Russia,Stepanovsky Coal Mine,Operating,0.5
M4271,Russia,Oktyabrinsky Coal Mine,Operating,0.1
M4265,Russia,Lokuchakitsky Coal Mine,Operating,0.8
M0846,Russia,Sibirginsky Surface Coal Mine,Operating,0.49
M3322,Russia,Sibirginsky Underground Coal Mine,Operating,0.9
M1096,Russia,Tomusinsky Coal Mine,Operating,0.55
M2344,Russia,V.I. Lenin Underground Coal Mine,Operating,0.11
M0823,Russia,Olzherasskaya Novaya Coal Mine,Operating,1.25
M4273,Russia,Olzherassky Coal Mine,Operating,0.33
M2340,Russia,Yunyaginsky Coal Mine,Operating,0.2
M1570,Russia,Kayerkansky-2 Coal Mine,Operating,
M1348,Russia,Kiselevsky Coal Mine,Operating,0.5
M2342,Russia,Prokopyevsky Coal Mine,Operating,1.55
M1568,Russia,Gramoteinskaya Coal Mine,Operating,0.4
M0786,Russia,Cheremshansky Coal Mine,Operating,0.02
M1567,Russia,Dzhebariki-Khaya Coal Mine,Operating,0.07
M0779,Russia,Bolshevik Coal Mine,Operating,0.5
M2876,Russia,Nekkovy Coal Mine,Operating,
M4243,Russia,Berezovskaya Coal Mine,Operating,0.26
M2341,Russia,Lugovoye Coal Mine,Operating,0.5
M0833,Russia,Pervomayskaya Coal Mine,Operating,0.16
M1564,Russia,Chadansky Coal Mine,Operating,0.152
M2506,Russia,Zheronsky-Vereinsky Coal Mine,Operating,0.824
M0775,Russia,Baykaimskaya Coal Mine,Operating,0.06
M0851,Russia,Sugodinsk-Ogodzhinsky Coal Mine,Operating,1.61
M0820,Russia,Mezhegeyugol Coal Mine,Operating,0.6
M1372,Russia,Abakansky Coal Mine,Operating,
M4295,Serbia,Bogovina Coal Mine,Operating,0.002567
M4296,Serbia,Ibarski Rudnici Coal Mine,Operating,0.075225
M4297,Serbia,Jasenovac Coal Mine,Operating,0.01066
M4300,Serbia,Rembas Coal Mine,Operating,0.08076
M3329,Serbia,Soko Coal Mine,Operating,0.065503
M4301,Serbia,Stavalj Coal Mine,Operating,0.071355
M4303,Serbia,Vrska Cuka Coal Mine,Operating,0.00414
M2335,South Africa,Kliprand Colliery,Operating,0.095
M4315,South Africa,Nkomati Anthracite Mine,Operating,0.639
M2324,South Africa,Springlake Coal Mine,Operating,0.72
M1335,South Africa,Kiepersol Colliery,Operating,2.18
M3334,South Africa,Elandsfontein Colliery,Operating,0.6
M1572,South Africa,Chelmsford Colliery,Operating,
M4308,South Africa,Dama Coal Mine,Operating,
M0919,South Africa,Manungu Coal Mine,Operating,3.18
M0945,South Africa,Welstand Coal Mine,Operating,0.46
M0907,South Africa,Khanyisa Colliery,Operating,0.032
M3342,South Africa,Uitkomst Colliery,Operating,0.39
M0942,South Africa,Vanggatfontein Coal Mine,Operating,0.73
M0943,South Africa,Vele Colliery,Operating,0.0
M0951,South Africa,Zonnebloem Coal Mine,Operating,0.8
M4323,South Africa,Zululand Anthracite Colliery,Operating,0.15
M1356,South Africa,Black Wattle Coal Mine,Operating,1.5
M1299,South Africa,Ubuntu Colliery,Operating,0.832
M2501,South Africa,Magdalena Colliery,Operating,
M1457,South Korea,Dogye Coal Mine,Operating,0.043
M1574,South Korea,Gyeong-dong Sangdeok Coal Mine,Operating,0.46
M1456,South Korea,Jangseong Coal Mine,Operating,0.067
M1631,Tajikistan,Rovat Coal Mine,Operating,0.65
M1630,Tajikistan,Saiod Coal Mine,Operating,0.0289
M4324,Tajikistan,Ziddi Coal Mine,Operating,0.29
M1629,Tajikistan,Fong-Yaghnob Coal Mine,Operating,0.68
M1632,Tajikistan,Kante Coal Mine,Operating,0.456
M4531,Tanzania,Rukwa Coal Mine,Operating,0.0
M0952,Tanzania,Ngaka Coal Mine,Operating,0.75
M1591,Türkiye,Dodurga Ayva Coal Mine,Operating,
M1583,Türkiye,Karadon Coal Mine,Operating,0.509
M0970,Türkiye,Kozlu Coal Mine,Operating,0.239
M0977,Türkiye,Uzulmez Coal Mine,Operating,0.242
M1588,Türkiye,Armutcuk Coal Mine,Operating,0.07
M0981,Ukraine,Bilorichenska Coal Mine,Operating,0.4
M4533,Ukraine,Chervonogradska Coal Mine,Operating,0.5
M1383,Ukraine,Dovzhanska-Kapitalna Coal Mine,Operating,0.9
M4536,Ukraine,Kholodnaya Balka,Operating,0.3
M4542,Ukraine,Progress Coal Mine,Operating,0.4
M2336,Ukraine,Red Partisan Coal Mine,Operating,
M1310,Ukraine,V. V. Vakhrushev Coal Mine,Operating,0.44
M0982,Ukraine,Krasnolymanska Coal Mine,Operating,0.29
M3345,Ukraine,Buzhanskaya Coal Mine,Operating,0.04
M4540,Ukraine,Novovolynskaya No 9 Coal Miine,Operating,0.01
M4534,Ukraine,Ilovayskaya Coal Mine,Operating,0.27
M4535,Ukraine,Kalinovskaya-Vostochnaya,Operating,0.23
M6773,Ukraine,Kirova Coal Mine (Ukraine),Operating,0.23
M1404,Ukraine,Stepova Coal Mine,Operating,0.36
M2907,Ukraine,Almaznaya Coal Mine,Operating,0.16
M1592,United Kingdom,Aberpergwm Coal Mine,Operating,0.1
M4547,United States,Quality 1 Coal Mine,Operating,0.09
M4548,United States,Seagraves Creek H-1 Mine,Operating,0.24
M4549,United States,Rolling Thunder Mine,Operating,0.27
M4575,United States,Laurel Fork Mine,Mothballed,0.12
M4576,United States,Bull Branch Surface Mine,Operating,0.12
M4577,United States,SHM System-81,Operating,0.26
M4578,United States,Prosperity Coal Mine,Mothballed,0.0
M4579,United States,Combs Branch Job Coal Mine,Operating,0.11
M4580,United States,SHM 60 Coal Mine,Mothballed,0.02
M4581,United States,Diablo #4 Coal Mine,Mothballed,0.02
M4582,United States,Kelly Branch Coal Mine,Operating,0.12
M4583,United States,Triad No. 2 Deep Mine,Closed,0.118
M4584,United States,Hickory Gap Strip #4 Mine,Mothballed,0.0
M4585,United States,Camp Cherry Austin Mine,Operating,0.03
M4586,United States,The Casselman Surface Mine,Operating,0.0
M4587,United States,Hill Creek Auger Mine,Operating,0.05
M4588,United States,Straight Creek  Mine,Mothballed,0.0
M4589,United States,Skinned Poplar Strip Mine,Mothballed,0.0
M4590,United States,Colmar Coal Mine,Operating,0.08
M4591,United States,Freelandville East Coal Mine,Mothballed,0.0
M4592,United States,No.32 Coal Mine,Mothballed,0.0
M4593,United States,Still Run Surface Mine No. 1,Mothballed,0.0
M4594,United States,WV-3 Surface Mine,Operating,0.0
M4595,United States,Highwall Miner No. 2 (WV),Operating,0.17
M4596,United States,Defeated Creek Coal Mine,Mothballed,0.09
M4597,United States,Mill Creek No. 1 Surface Mine,Operating,0.064
M4598,United States,Cowpen Coal Mine,Mothballed,0.0
M4599,United States,Mine # 1 (KY),Closed,0.062
M4600,United States,Addcar System 38 Mine,Mothballed,0.0
M4601,United States,Winchester 2 Coal Mine,Operating,0.3
M4602,United States,Eagle No. 1 Mine (Mingo County),Mothballed,0.0
M4603,United States,Mi Vida Portals Mine,Mothballed,0.0
M4604,United States,Little Eagle Mine No 1,Operating,0.01
M4605,United States,CHM Tom Bailey Mine,Mothballed,0.0
M4606,United States,Stockton Mine,Operating,0.3
M4607,United States,RES Cresson Coal Mine,Operating,0.15
M4608,United States,Mosley Gap Mine,Mothballed,0.05
M4609,United States,Mill Creek No. 2 Mine,Closed,0.076
M4610,United States,Allen Branch Surface Mine,Operating,0.05
M4611,United States,SHM26 Coal Mine,Mothballed,0.0
M4612,United States,Henderson County Mine,Operating,2.3
M4613,United States,Quality 2 Coal Mine,Closed,0.056
M4614,United States,Rockcastle Mine,Operating,0.05
M4615,United States,Surface Mine No. 1,Operating,0.08
M4616,United States,HWM No. 3,Operating,0.1
M4617,United States,Dyno Mine,Closed,0.048
M4618,United States,Mine No. 44,Operating,0.26
M4619,United States,CCU Athens Strip,Operating,0.04
M4620,United States,Old House Mining #1,Operating,0.07
M4621,United States,Quinwood No. 1 Deep Mine,Closed,0.034
M4622,United States,Hances Ridge Split #1,Operating,0.16
M4623,United States,D-32 Orchard Branch Mine,Operating,0.19
M4624,United States,HWM 43 Coal Mine,Operating,0.12
M4625,United States,CCU Patterson Strip Mine,Mothballed,0.0
M4626,United States,Newcombe Creek Coal Mine,Closed,0.031
M4627,United States,#1 Coal Mine (Knott County),Operating,0.05
M4628,United States,Shaw Coal Mine,Closed,0.036
M4629,United States,Carnegie Coal Mine,Mothballed,0.0
M4630,United States,Weller Yard Surface Mine,Closed,0.03
M4631,United States,#1 Mine (KY),Closed,0.045
M4632,United States,Mine No 1 (WV),Closed,0.024
M4633,United States,Taylor Lower Bakerstown Mine,Mothballed,0.01
M4634,United States,No. 5 Coal Mine,Mothballed,0.0
M4635,United States,TC-2 Coal Mine,Mothballed,0.0
M4636,United States,Surface Mine 1,Operating,0.11
M4637,United States,Maben Surface,Operating,0.05
M4638,United States,Osaka Coal Mine,Operating,0.0
M4639,United States,Newhall Surface Mine No. 3,Mothballed,0.03
M4640,United States,Hubbs Hollow Mine,Operating,0.02
M4641,United States,Mt. Zion Coal Mine,Closed,0.019
M4642,United States,Dragon Mine,Mothballed,0.01
M4643,United States,Razorblade Surface Mine,Mothballed,0.027
M4644,United States,New Summit Coal Mine,Operating,0.08
M4645,United States,#9 MINER,Operating,0.04
M4646,United States,Chavies Job #7 Mine,Closed,0.015
M4647,United States,Ebervale Mine,Operating,0.04
M4648,United States,Good Hill Mine,Operating,0.05
M4649,United States,Sagulla Coal Mine,Operating,0.01
M4650,United States,Kellerman Coal Mine,Operating,0.08
M4651,United States,Alden Resources Harps Creek,Operating,0.02
M4652,United States,Hackney Creek Splashdam Mine,Mothballed,0.018
M4653,United States,Carnegie No. 2 Mine,Mothballed,0.0
M4654,United States,Tidal Coal Mine,Operating,0.02
M4655,United States,Red Ash Mine No. 1,Operating,0.01
M4656,United States,Eaton Resources Pit 1 Mine,Operating,0.05
M4657,United States,Strip #12 Mine,Operating,0.09
M4658,United States,Wilson Creek Surface Mines,Closed,0.009
M4659,United States,Midland Coal Mine,Mothballed,0.0
M4660,United States,Bold Camp Surface Mine,Closed,0.01
M4661,United States,Underground Mine #1 (KY),Mothballed,0.0
M4662,United States,Courtland Coal Mine,Closed,0.01
M4663,United States,Mine No.1 (KY),Closed,0.008
M4665,United States,Powerline Job Coal Mine,Closed,0.008
M4666,United States,NO. 7 Coal Mine (KY),Operating,0.06
M4667,United States,Spring Dale Surface Mine,Mothballed,0.0
M4668,United States,Sigmon Strip #23 Mine,Operating,0.0
M4669,United States,Middle Fork Strip Mine,Closed,0.008
M4670,United States,Carico Ridge Strip Mine,Operating,0.01
M4671,United States,Bowser Mine,Operating,0.0
M4672,United States,Buck Mountain Stripping Mine,Operating,0.01
M4673,United States,Jackson Mountain Coal Mine,Mothballed,0.0
M4674,United States,Underground Mine No. 2 (VA),Closed,0.018
M4675,United States,Strip Coal Mine (KY),Closed,0.004
M4676,United States,Catron Mountain Coal Mine,Mothballed,0.01
M4677,United States,Coalbrook Stripping #1 Mine,Mothballed,0.0
M4678,United States,Middle Fork Surface Mine,Operating,0.01
M4679,United States,Coalgood Darby 1 Mine,Mothballed,0.01
M4680,United States,Hartridge Surface Mine,Mothballed,0.0
M4681,United States,Langley Mine,Operating,0.0
M4682,United States,Shop Br. Coal Mine,Operating,0.09
M4683,United States,Hughes Ferry Surface Mine No. 1,Operating,0.0
M4684,United States,#2 Surface Mine,Mothballed,0.0
M4685,United States,Hardrock Coal Mine,Operating,0.0
M4686,United States,Slope #1 Mine,Operating,0.0
M4687,United States,Fishtrap Mine,Operating,0.0
M4688,United States,Eaton Town Mine,Mothballed,0.002
M4689,United States,Sugar Run Surface Mine No. 1,Operating,0.02
M4690,United States,Winns Branch Mine,Mothballed,0.001
M4691,United States,Strip #2 Mine,Closed,0.001
M4692,United States,Smith #2 Mine,Operating,0.08
M4693,United States,Quarry No 2 Mine,Operating,0.0
M4694,United States,Buck Mountain Slope Mine,Closed,0.001
M4695,United States,Cherry Tree Mine,Operating,0.05
M4696,United States,Derby Strip #9 Mine,Operating,0.08
M4697,United States,Polenik Mine,Operating,0.0
M3510,United States,King 1 Coal Mine,Operating,0.0
M3529,United States,Metech 102 Coal Mine,Closed,0.005
M3549,United States,NEV 1 Coal Mine,Mothballed,0.0
M2537,United States,No. 2 Coal Mine,Closed,0.018
M3567,United States,No. 2 Coal Mine (Foresight),Closed,0.008
M3568,United States,No. 2 Coal Mine (New Age Mining),Mothballed,0.009
M3570,United States,No. 4 Mine,Closed,0.036
M3551,United States,No. 4 Mine (Trump),Mothballed,0.018
M3594,United States,Potomac-North Mine,Operating,0.08
M3645,United States,Tackett Creek 2 Coal Mine,Closed,0.054
M4559,United States,Eagle No. 1 Mine,Operating,0.49
M4560,United States,Cedar Grove Mine No. 3,Operating,0.42
M4561,United States,Big Branch No. 34 Mine,Operating,0.17
M4562,United States,Belcher Branch Mine,Operating,0.07
M4563,United States,Crucible Deep Mine,Operating,0.16
M4564,United States,CV#2 Surface Mine,Operating,0.15
M4565,United States,Mine No. 5 (WV),Mothballed,0.0
M4566,United States,Pete's Branch Surface Mine,Mothballed,0.01
M4567,United States,Meadow Branch Coal Mine,Operating,0.17
M4568,United States,Chilton Deep Mine No.1,Closed,0.204
M4569,United States,North Fork Winifrede Deep Mine,Closed,0.173
M4570,United States,MBM #1 Coal Mine,Operating,0.2
M4571,United States,Magnum #2 Coal Mine,Operating,0.13
M4572,United States,Saturn Surface Mine,Operating,0.07
M4573,United States,Wyco Surface Mine,Operating,0.05
M4574,United States,Trace Fork #2 Mine,Operating,0.0
M3353,United States,#1 Coal Mine (Ki-Coal),Closed,0.045
M3355,United States,#1 Strip Mine,Operating,0.0
M3361,United States,A W Long Coal Mine,Operating,0.0
M3364,United States,ADC Pit 008 Coal Mine,Operating,0.01
M3368,United States,Advanced Restoration Technologies -1 Coal Mine,Closed,0.005
M3374,United States,Ancient Sun Strip Saylor-McKinney Mine,Operating,0.0
M3395,United States,Bell Corp Mine,Mothballed,0.0
M3396,United States,Bell Resources Mine,Mothballed,0.0
M3401,United States,Big Pine Mine,Mothballed,0.0
M3405,United States,Mine No.4 (KY),Operating,0.04
M3407,United States,Blue Ridge Coal Mine,Operating,0.0
M3437,United States,Coral-Graceton Coal Mine,Closed,0.001
M2633,United States,D-21 Coal Mine,Mothballed,0.04
M2756,United States,D-29 Darby Fork Coal Mine,Closed,0.122
M2660,United States,Osaka Coal Mine,Operating,0.018
M3460,United States,Fay Penn 1 Mine,Closed,0.004
M3464,United States,Fieg Bros Coal Mine,Operating,0.0
M2742,United States,Foster South Coal Mine,Operating,0.07
M3495,United States,Jett 2 Stripping Mine,Operating,0.0
M3499,United States,John Poe Coal Mine,Operating,0.0
M3500,United States,Joshua Coal Mine,Operating,0.0
M3505,United States,K K Strip Coal Mine,Mothballed,0.004
M3547,United States,Mustang Stripping Mine,Operating,0.01
M3560,United States,No. 5 Vein Coal Mine,Closed,0.002
M3602,United States,Reese No 1 & 2 Strip Mine,Operating,0.0
M1623,United States,Reylas Surface Coal Mine,Operating,0.0
M3607,United States,River Hill Coal Mine,Operating,0.01
M3617,United States,Serill Strip Mine,Operating,0.01
M3620,United States,Shawver Operation Mine,Operating,0.0
M3659,United States,Waroquier 1 Mine,Mothballed,0.004
M2674,United States,White Flame Surface Mine,Mothballed,0.0
M3662,United States,White Oak Coal Mine (KY),Closed,0.0
M3664,United States,Williamstown Mine 1,Operating,0.01
M3671,United States,Worthville Coal Mine,Mothballed,0.0
M3672,United States,Wymps Gap Surface Coal Mine,Operating,0.0
M3563,United States,No. 1 Coal Mine (Coalton),Closed,0.031
M3686,United States,No. 1 Strip Mine (MD),Operating,0.0
M3354,United States,#1 Coal Mine,Operating,0.06
M3384,United States,Baden 1 Mine,Operating,0.0
M3393,United States,Beech Creek Surface Mine #2,Mothballed,0.0
M3400,United States,Big Mountain Anthracite 1 Pit,Operating,0.01
M2824,United States,Black Hawk Coal Mine,Mothballed,0.0
M3423,United States,CCU Tuscarawas Strip Mine,Operating,0.0
M3433,United States,Cobra No.1 Coal Mine,Operating,0.08
M3443,United States,Crystal Strip Mine,Operating,0.05
M3445,United States,CV#4 Surface Mine,Mothballed,0.0
M3453,United States,E O J Strip Mine,Operating,0.01
M3469,United States,Gemini Surface Mine,Mothballed,0.0
M3473,United States,Glen Lyon Operation,Operating,0.01
M3513,United States,Kuperavage - Tuscarora Coal Mine,Operating,0.01
M2702,United States,Low Gap Surface Mine,Mothballed,0.0
M3528,United States,Mellon 5 Coal Mine,Operating,0.0
M3535,United States,Mine 5 Coal Mine,Closed,0.024
M3538,United States,Mine No. 3,Mothballed,0.0
M3552,United States,No. 1 Coal Mine,Operating,0.01
M4551,United States,No. 4 (KY) Mine,Mothballed,0.015
M3584,United States,Park Mine Coal Mine,Operating,0.03
M3591,United States,Pocahontas Highwall Mine,Operating,0.0
M3598,United States,R S & W Drift Mine,Operating,0.03
M3621,United States,Sherman Mountain Coal Strip Mine,Operating,0.04
M3622,United States,SHM 67 Coal Mine,Operating,0.09
M3632,United States,Skyway III Mine,Operating,0.05
M3634,United States,Slope 2 Mine,Operating,0.0
M3642,United States,Surface 4 Coal Mine,Mothballed,0.01
M3644,United States,T & B Strip Mine,Operating,0.02
M3654,United States,True Energy Fuels Mine No. 2,Mothballed,0.02
M3674,United States,Zerbe 10 Coal Mine,Operating,0.01
M3356,United States,#57 Miner Coal Mine,Operating,0.01
M2804,United States,Ace In The Hole Coal Mine,Closed,0.034
M3394,United States,Beech Mountain Coal Mine,Closed,0.048
M2789,United States,Black Warrior Mine No. 1,Mothballed,0.0
M3408,United States,Boone North No. 1 Surface Coal Mine,Mothballed,0.0
M3413,United States,Brownsville Coal Mine,Operating,0.05
M2713,United States,CAM Highwall Coal Mine,Operating,0.06
M2676,United States,Caretta #3 Coal Mine,Operating,0.01
M1602,United States,CCU Harrison Strip Mine,Mothballed,0.03
M2619,United States,Coal Loaders Coal Mine,Operating,0.01
M2595,United States,Continental Strip Coal Mine,Operating,0.06
M3438,United States,Corbet South Mine,Mothballed,0.0
M3451,United States,Driscoll Hollow Mine,Operating,0.04
M2620,United States,Edm No. 1 Mine,Operating,0.01
M2758,United States,Fisher Coal Mine,Operating,0.03
M2664,United States,Hawkeye Coal Mine,Operating,0.04
M2885,United States,Hazleton Shaft South Coal Mine,Operating,0.22
M3480,United States,Highwall Miner 1 Mine,Operating,0.02
M3484,United States,Hoover Job Mine,Operating,0.04
M3488,United States,HWM 73 Coal Mine,Operating,0.08
M3493,United States,Island Creek 1 Mine,Operating,0.03
M2747,United States,Knob Creek Coal Mine,Operating,0.14
M3514,United States,Lattimer Division Coal Mine,Operating,0.0
M2663,United States,Laurel Sand And Stone Coal Mine,Operating,0.06
M3517,United States,Locust Summit Strip Mine,Operating,0.02
M3518,United States,Logan Surface Mine,Operating,0.08
M3523,United States,Mahanoy City Stripping Mine,Operating,0.0
M2802,United States,Michael Powellton Deep Mine,Operating,0.28
M3533,United States,Mine 3 Coal Mine,Closed,0.033
M3537,United States,Mine No. 2 (WV),Operating,0.05
M3543,United States,Mine No. 32,Operating,0.03
M2829,United States,Mine No. 43,Mothballed,0.0
M3539,United States,Mine No. 5 (Falcon),Mothballed,0.0
M3550,United States,Newhall Surface Mine No. 2,Mothballed,0.01
M3564,United States,No. 1 Surface Mine (WV),Operating,0.02
M3566,United States,No. 11 Mine,Operating,0.04
M2769,United States,No. 26 Strip Coal Mine,Closed,0.083
M3571,United States,No. 5 Mine,Mothballed,0.01
M3572,United States,No. 6 Mine,Mothballed,0.01
M3573,United States,No. 7 Coal Mine (AB&J),Closed,0.045
M3574,United States,Noble Coal Mine 2,Operating,0.04
M3586,United States,Penfield Coal Mine,Operating,0.15
M3601,United States,RCR 1 Coal Mine,Operating,0.01
M2541,United States,Rocky Run Surface Mine,Mothballed,0.04
M2694,United States,Sewell Mine B Coal Mine,Operating,0.04
M2838,United States,Sewell Mine R Coal Mine,Operating,0.03
M2621,United States,SHM-10 Coal Mine,Operating,0.18
M3629,United States,SHM-75 Coal Mine,Operating,0.06
M3641,United States,Sturgeon Freeman Fork Mine,Closed,0.034
M2761,United States,Tasara Strip Coal Mine,Operating,0.09
M2861,United States,Tom Bailey Branch Surface Mine,Operating,0.39
M1627,United States,Toney Fork Surface Coal Mine,Mothballed,0.01
M3653,United States,Trevorton Strip Mine,Operating,0.06
M2811,United States,Twilight Mtr Surface Mine,Operating,0.17
M3661,United States,West End Coal Mine,Operating,0.11
M2712,United States,West Spring Energy Coal Mine,Operating,0.08
M3663,United States,Wilburn Coal Mine,Closed,0.015
M2748,United States,Barrackville Coal Refuse Pile,Operating,0.08
M2908,United States,Berwind Coal Mine,Operating,0.4
M0993,United States,Black Castle Coal Mine,Operating,0.05
M1600,United States,Boone North No. 2 Surface Coal Mine,Operating,0.04
M2703,United States,Carbon Hill Mine,Mothballed,0.08
M2715,United States,Carlos Surface Coal Mine,Mothballed,0.08
M3435,United States,Condor Coal Mine,Closed,0.128
M3440,United States,Cranks Creek Coal Mine,Operating,0.11
M1609,United States,Eckman Surface Coal Mine,Operating,0.19
M3467,United States,Four Mile Mine,Operating,0.07
M2782,United States,Gateway Eagle Coal Mine,Mothballed,0.0
M3474,United States,Good Spring South Mine,Operating,0.15
M2785,United States,Harmony Coal Mine,Closed,0.118
M2745,United States,Heilwood Coal Mine,Operating,0.11
M3485,United States,Horning Deep Mine,Operating,0.08
M2738,United States,Kocjancic Coal Mine,Operating,0.12
M2684,United States,Maple Springs Coal Mine,Operating,0.15
M2744,United States,Maxine-Pratt Coal Mine,Operating,0.08
M2647,United States,Mine 28 Coal Mine,Mothballed,0.0
M3536,United States,Mine No. 1 (PA),Closed,0.163
M3540,United States,Mine No. 1 (WV),Operating,0.07
M3542,United States,Mine No. 2 (VA),Closed,0.127
M3588,United States,Phoenix Coal Mine,Mothballed,0.136
M2725,United States,Primrose Operation,Operating,0.14
M2737,United States,Ram Surface Mine No. 1,Operating,0.12
M3599,United States,Rane Deep Coal Mine,Operating,0.0
M1622,United States,Remining #3 Coal Mine,Operating,0.16
M2693,United States,RES Houtzdale Coal Mine,Operating,0.14
M2726,United States,Seven Pines Coal Mine,Mothballed,0.118
M3625,United States,SHM 12 Highwall Miner Mine,Operating,0.11
M3652,United States,Trace Fork Coal Mine,Operating,0.14
M3668,United States,Witcher Creek Surface Mine,Operating,0.22
M1595,United States,88 Strip Coal Mine,Operating,0.29
M2841,United States,Acosta Deep Coal Mine,Operating,0.07
M3367,United States,Addcar System 40 HWM Coal Mine,Operating,0.43
M2711,United States,Addcar Systems 03 Coal Mine,Mothballed,0.0
M3370,United States,Airport Surface Mine,Mothballed,0.0
M3373,United States,Alum Cave 17 Coal Mine,Operating,0.17
M3375,United States,Antioch Coal Mine,Operating,0.15
M2843,United States,Barrett Coal Mine,Operating,0.18
M3392,United States,Bear Branch 2 Mine,Operating,0.29
M3415,United States,Buck Run P-8 P-10 Mine,Operating,0.24
M2779,United States,Cabin Run Coal Mine,Operating,0.07
M2820,United States,Calvary No 81 Coal Mine,Operating,0.19
M2871,United States,Casselman Coal Mine,Operating,0.18
M2781,United States,CCU Belmont Strip Coal Mine,Operating,0.29
M1603,United States,CCU Sexton Strip Mine,Operating,0.07
M1604,United States,Cedar Grove #2 Coal Mine,Mothballed,0.0
M3428,United States,Charger Mine East,Operating,0.0
M3431,United States,Coal Branch No. 1 Mine,Operating,0.15
M3441,United States,Cresson Coal Mine,Operating,0.32
M2866,United States,Deep Mine 44 Coal Mine,Operating,0.29
M2878,United States,Dry Branch Surface Mine,Operating,0.25
M2774,United States,Dutch Run Coal Mine,Operating,0.09
M2815,United States,Eagle #3 Coal Mine,Operating,0.19
M1608,United States,Eagle Seam Deep Coal Mine,Mothballed,0.09
M3458,United States,Elk Creek Surface Mine,Operating,0.12
M2768,United States,Ellangowan Stripping Coal Mine,Operating,0.22
M1610,United States,Ewing Fork No. 1 Surface Coal Mine,Operating,0.34
M3465,United States,Flint Hill Mine,Mothballed,0.0
M3466,United States,Flying Eagle Mine,Operating,0.15
M1026,United States,Friendsville Coal Mine,Operating,0.12
M3471,United States,Gentry 3 Coal Mine,Mothballed,0.11
M2846,United States,Golden Eagle Mine,Mothballed,0.05
M2847,United States,Grapevine South Surface Mine,Operating,0.2
M2775,United States,Highwall Miner No.1,Operating,0.16
M2780,United States,Hopedale Coal Mine,Operating,0.2
M1032,United States,Itmann Coal Mine,Operating,0.36
M2767,United States,Job #3 Coal Mine,Operating,0.2
M2805,United States,Job 5 Coal Mine,Operating,0.28
M2827,United States,Laurel Branch Surface Mine,Operating,0.23
M1038,United States,Lila Canyon Coal Mine,Closed,0.145
M2798,United States,Long Branch Surface Mine,Mothballed,0.02
M1040,United States,Longview Coal Mine,Mothballed,0.81
M3520,United States,Lowry Coal Mine,Operating,0.1
M1618,United States,Madison Coal Mine,Operating,0.0
M2755,United States,Mast Coal Mine,Mothballed,0.04
M1619,United States,Mine 78 Coal Mine,Mothballed,0.11
M3541,United States,Mine No. 1 (VA),Closed,0.172
M2839,United States,Mine No. 39,Closed,0.273
M2898,United States,Mine No. 6,Mothballed,0.01
M2880,United States,Morgan Camp Mine,Closed,0.163
M2813,United States,No. 77 Coal Mine,Operating,0.22
M2860,United States,Orange Strip Coal Mine,Operating,0.34
M2714,United States,Parkwood Coal Mine,Operating,0.31
M3585,United States,Paw Paw 2 Coal Mine,Closed,0.142
M2806,United States,Putney Darby Mine #1,Mothballed,0.0
M2799,United States,RES Morrisdale Coal Mine,Operating,0.24
M2716,United States,RES Shawville Coal Mine,Operating,0.01
M3611,United States,Rustic Ridge 1 Mine,Operating,0.36
M2736,United States,Shannon No. 3 Coal Mine,Operating,0.24
M3628,United States,SHM-70 Coal Mine,Operating,0.11
M3630,United States,SHM-82 Coal Mine,Operating,0.18
M1068,United States,Shoal Creek Coal Mine,Operating,1.63
M1070,United States,Somerville Central Coal Mine,Mothballed,0.0
M3643,United States,Swann's Crossing Mine,Operating,0.15
M2539,United States,Sycamore Surface Mine,Operating,0.12
M2790,United States,Tamaqua Coal Mine,Operating,0.28
M2840,United States,Vail Coal Mine,Operating,0.5
M3657,United States,Virginia Point No. 1 Surface Mine,Operating,0.18
M2760,United States,Wadesville P-33 Coal Mine,Operating,0.15
M4552,United States,Bishop Surface Coal Mine,Operating,0.23
M4553,United States,Ned's Branch Surface Mine,Operating,0.15
M4554,United States,Glen Alum Tunnel Mine,Operating,0.73
M4555,United States,River Ridge P-1 Coal Mine,Operating,0.29
M4556,United States,Paw Paw 2 South Mine,Mothballed,0.34
M4557,United States,Cub Branch Surface Mine,Mothballed,0.19
M4558,United States,Elklick Surface Mine,Mothballed,0.05
M1031,United States,Holden #22 Surface Coal Mine,Operating,0.57
M3365,United States,Addcar System 16 Coal Mine,Operating,0.96
M1596,United States,Affinity Coal Mine,Operating,0.47
M0986,United States,American Eagle Coal Mine,Operating,0.38
M0990,United States,Beckley Pocahontas Coal Mine,Operating,0.83
M3402,United States,Black Eagle Coal Mine,Operating,0.51
M1601,United States,Brush Valley Coal Mine,Operating,0.26
M3442,United States,Crooked Creek Coal Mine,Operating,0.44
M2639,United States,D-11 Panther Coal Mine,Operating,0.32
M2346,United States,Davy Branch Coal Mine,Operating,0.53
M3456,United States,East Mac & Nellie Mine,Operating,0.46
M2865,United States,Emery Coal Mine,Operating,0.79
M1612,United States,Glancy Surface Coal Mine,Operating,0.74
M2797,United States,Horse Creek Eagle Coal Mine,Operating,0.434
M1614,United States,Jerry Fork Eagle Coal Mine,Operating,0.6
M1615,United States,King II Coal Mine,Operating,0.53
M2848,United States,Kingston No. 2 Coal Mine,Operating,0.31
M3516,United States,Liberty Mine,Operating,0.0
M1616,United States,Lower War Eagle Coal Mine,Operating,0.42
M2605,United States,Maple Eagle No. 1 Coal Mine,Operating,0.35
M1048,United States,Mountaineer II Coal Mine,Operating,1.12
M2562,United States,Muddy Bridge Coal Mine,Operating,0.47
M2828,United States,No. 2 Gas Coal Mine,Operating,0.53
M3575,United States,North Eagle Mine,Operating,0.68
M2819,United States,Panther Eagle Coal Mine,Operating,0.6
M1060,United States,Republic Energy Coal Mine,Operating,0.88
M1064,United States,Samples Surface Mine,Operating,0.69
M3637,United States,Spring Mountain Strip Coal Mine,Closed,0.448
M1626,United States,Stonecoal Branch No. 2 Coal Mine,Operating,0.73
M1453,United States,Usibelli Coal Mine,Operating,1.01
M1077,United States,Viper Coal Mine,Mothballed,0.0
M3665,United States,Winchester Peerless Rachel Mine,Operating,0.81
M1047,United States,Mountain View Mine,Operating,1.06
M1624,United States,Right Fork Splint Coal Mine,Operating,0.01
M2590,United States,SHM-44 Coal Mine,Operating,0.11
M2649,United States,Solomon Run Coal Mine,Mothballed,0.0
M4550,United States,Big Creek Mine,Operating,0.13
M3390,United States,BCR Coal Mine #1,Operating,0.0
M1628,Uzbekistan,Baysun Coal Mine,Operating,0.0
M1085,Uzbekistan,Shargun Coal Mine,Operating,0.7
M4699,Vietnam,Khanh Hoa Coal Mine,Operating,0.45
M3680,Vietnam,Mine at Khe Sim,Operating,
M1454,Zambia,Collum Coal Mine,Operating,
M1318,Zambia,Maamba Coal Mine,Operating,
M1779,Zimbabwe,Chilota Coal Mine,Operating,0.6
M3683,Zimbabwe,Zambeze Gas and Coal Mine,Operating,0.72
M4701,Zimbabwe,3 Main Mine,Operating,0.6
M4703,Zimbabwe,Mucheso Coal Mine,Operating,
M0703,Indonesia,TOP Coal Mine,Operating,4.6
M2859,India,Bonjemehari Coal Mine,Operating,0.42
M6680,India,Bhanora West UG Coal Mine,Operating,0.02992
M4255,Russia,Karagailinsky Coal Mine,Operating,0.22
M2718,India,Sasti UG Coal Mine,Operating,0.04
M1746,India,Talcher UG Coal Mine,Operating,0.36
M3633,United States,Sloan Mountain No. 3,Closed,0.004
M2783,United States,Choctaw Mine Coal Mine,Operating,0.0
M2883,India,East Bassuriya Coal Mine,Operating,0.348
M4171,Indonesia,SB Coal Mine,Operating,0.5
M4408,China,Weishan Jinyuan Coal Mine,Operating,0.3839
M3816,China,Wuhai Wuhua No.1 Coal Mine,Operating,0.6282
M4413,China,Xintai Liangzhuang Coal Mine,Closed,0.6
M3750,China,Lanhua Qinyu Coal Mine,Operating,0.6282
M3083,China,Huangtupo Xinyun Coal Mine,Operating,0.6282
M3148,China,Ruoqiang Sunshine Coal Mine,Operating,0.6282
M3777,China,Panzhou Hongxing Coal Mine,Operating,0.41879999999999995
M3740,China,Jingtai Baiyanzi Coal Mine,Operating,0.6282
M3741,China,Jinsha Anneng Coal Mine,Operating,0.6282
M3760,China,Liuzhi Liujiaba Coal Mine,Operating,0.41879999999999995
M4388,China,Panzhou Zhongheng Coal Mine,Operating,0.6282
M3787,China,Qianxi Yangliu Coal Mine,Operating,0.6282
M3808,China,Tongzi Jiyuan Coal Mine,Operating,0.41879999999999995
M2905,China,Shitai Coal Mine,Closed,0.52
M6808,China,Wei'er Coal Mine,Operating,0.6282
M2943,China,Bandunyan Coal Mine,Operating,0.6282
M2928,China,Ciyaota Coal Mine,Operating,0.6282
M3058,China,Fugu Dongfeng Coal Mine,Operating,0.6282
M2942,China,Huaqin Coal Mine,Operating,0.6282
M2955,China,Tianxin Coal Mine,Operating,0.6282
M3174,China,Toksun Panji Coal Mine,Operating,0.6282
M3198,China,"Xukuang Group Xinjiang Sai'er Energy Co., Ltd. No.6 Coal Mine",Operating,0.6282
M2953,China,Yushutian Coal Mine,Operating,0.6282
M3721,China,Ejin Horo Haoda Coal Mine,Operating,0.6282
M2923,China,Nanliang Surface Coal Mine,Operating,0.6282
M2933,China,Wotugou Coal Mine,Operating,2.094
M3744,China,Jinsha County Yunan Coal Mine,Operating,0.6282
M3142,China,Qinglong Tongchang Coal Mine,Operating,0.6282
M3143,China,Qinxin Xinda Coal Mine,Operating,0.6282
M3144,China,Qinyuan Gengyang Coal Mine,Operating,0.6282
M3145,China,Qinyuan Mingxin Coal Mine,Operating,0.6282
M3146,China,Ruitai Zhengzhong Coal Mine,Operating,0.6282
M3147,China,Ruitai Zhengzhu Coal Mine,Operating,0.6282
M3792,China,Sanjusheng Coal Mine,Operating,0.6282
M3149,China,Shangshe Erjing Coal Mine,Operating,0.6282
M3150,China,Shanxi Qincheng Coal Mine,Operating,0.6282
M3151,China,Shanyin Yuanbaowan Coal Mine,Operating,2.094
M3152,China,Shenda Daqiaogou Coal Mine,Operating,0.8375999999999999
M3153,China,Shenda Jinshan Coal Mine,Operating,0.8375999999999999
M3154,China,Shenda Qifeng Coal Mine,Operating,1.047
M3796,China,Shenda Zhuoda Coal Mine,Operating,2.094
M3158,China,Shentang Coal Mine,Operating,0.6282
M3159,China,Shidian Coal Mine,Operating,0.6282
M2947,China,Shigang Coal Mine,Operating,0.6282
M3160,China,Shouyang Jingfu Coal Mine,Operating,0.6282
M3162,China,Shu'erli Coal Mine,Operating,0.6282
M3802,China,Shuozhou Zhuhezhui Coal Mine,Operating,0.6282
M3164,China,Taiyizhang Coal Mine,Operating,0.6282
M4397,China,Taiyuan Fujuyuan Coal Mine,Operating,0.41879999999999995
M4398,China,Taiyuan Hongfu Coal Mine,Operating,0.41879999999999995
M4399,China,Taiyuan Wangfeng Coal Mine,Operating,0.41879999999999995
M4400,China,Taiyuan Yinyu Coal Mine,Operating,0.41879999999999995
M3169,China,Tianan Chaoyang Coal Mine,Operating,0.6282
M3170,China,Tianan Shengxin Coal Mine,Operating,0.6282
M3171,China,Tianju Xinhuiyuan Coal Mine,Operating,0.6282
M3172,China,Tianrun Detong Coal Mine,Operating,0.6282
M3173,China,Tiantai Kunda Coal Mine,Operating,0.6282
M3807,China,Tongsheng Anshun Coal Mine,Operating,2.094
M3176,China,Tongsheng Haoran Coal Mine,Operating,0.6282
M3177,China,Tongsheng Qianjing Coal Mine,Operating,0.6282
M3178,China,Tongsheng Tongji Coal Mine,Operating,1.047
M3179,China,Tongsheng Yugou Coal Mine,Operating,0.6282
M3183,China,Wuguantun Coal Mine,Operating,0.6282
M3185,China,Xiangkuang Xinzhuang Coal Mine,Operating,0.6282
M3822,China,Xiangyuan Jinxing Coal Mine,Operating,0.6282
M3188,China,Xiguxian Coal Mine,Operating,0.6282
M3190,China,Xinzhou Chengjiagou Coal Mine,Operating,0.6282
M3191,China,Xinzhou Tongzhou Coal Mine,Operating,1.3261999999999998
M3192,China,Xiongshan Zhenyi Coal Mine,Operating,0.6282
M3193,China,Xishan Shenghui Coal Mine,Operating,0.6282
M3195,China,Xiyang Huangyanhui Coal Mine,Operating,0.6282
M3196,China,Xizhang Coal Mine,Operating,0.6282
M3201,China,Yangcheng Shishan Coal Mine,Operating,0.6282
M3202,China,Yangcheng Sihou Coal Mine,Operating,0.6282
M3203,China,Yangquan Xingyu Coal Mine,Operating,0.6282
M3204,China,Yangtai Fuyan Coal Mine,Operating,0.6282
M3205,China,Yangtai Tuncheng Coal Mine,Operating,0.6282
M3206,China,Yangtai Xifenjie Coal Mine,Operating,0.6282
M3207,China,Yangtai Yicheng Coal Mine,Operating,0.6282
M3208,China,Yangtouling Hongqi Coal Mine,Operating,0.6282
M3209,China,Yangtouling Yongfeng Coal Mine,Operating,0.6282
M3211,China,Yicheng Huahong Coal Mine,Operating,0.6282
M3214,China,Yinyuan Xingqing Coal Mine,Operating,0.6282
M3215,China,Yitang Anyi Coal Mine,Operating,0.6282
M3216,China,Yitang Changyuan Coal Mine,Operating,0.6282
M3217,China,Yitang Chengfeng Coal Mine,Operating,0.6282
M3218,China,Yitang Qingyun Coal Mine,Operating,0.6282
M3166,China,Yuanxiang Coal Mine,Operating,0.6282
M3219,China,Yuci Guanyao Coal Mine,Operating,0.6282
M3220,China,Yuci Weishan Coal Mine,Operating,0.6282
M2945,China,Yungang Coal Mine,Operating,0.6282
M3222,China,Zhengbang Liangshun Coal Mine,Operating,0.6282
M3223,China,Zhengbang Shenlei Coal Mine,Operating,0.6282
M3225,China,Zuoquan Hongyuan Coal Mine,Operating,0.6282
M3226,China,Zuoquan Panchengling Coal Mine,Operating,0.6282
M3840,China,Zuoyun Shuimowan Coal Mine,Operating,0.6282
M3141,China,Puxian Kaituo Coal Mine,Operating,0.6282
M3060,China,Gaoping Qiyi Coal Mine,Operating,0.6282
M3062,China,Gaoping Yecuan Coal Mine,Operating,0.6282
M3063,China,Gaoping Yuxing Coal Mine,Operating,0.6282
M3064,China,Gaoping Zhangshigou Coal Mine,Operating,0.6282
M3065,China,Gaoping Zhongcun Coal Mine,Operating,0.6282
M3726,China,Gujiao Baijiagou Coal Mine,Operating,0.6282
M3067,China,Guxian Laomupo Coal Mine,Operating,0.6282
M3068,China,Guzhou Weidong Coal Mine,Operating,0.6282
M3070,China,Hejin Xuehugou Coal Mine,Operating,0.6282
M3071,China,Hengtai Changshun Coal Mine,Operating,0.6282
M3072,China,Hengtai Queen Coal Mine,Operating,0.6282
M3073,China,Heshun Hongrun Coal Mine,Operating,0.6282
M3074,China,Hongda Jincheng Coal Mine,Operating,0.6282
M3075,China,Hongda Longbo Coal Mine,Operating,0.6282
M3076,China,Hongxing Wangsheng Coal Mine,Operating,0.6282
M3077,China,Hongyuan Fenghuangtai Coal Mine,Operating,1.047
M3080,China,Huajin Mingzhu Coal Mine,Operating,0.6282
M3081,China,Huamei Aofengxi Coal Mine,Operating,0.6282
M3085,China,Huarong Longgong Coal Mine,Operating,0.6282
M3086,China,Huayi Wuyi Coal Mine,Operating,0.6282
M3090,China,Jiexiu Delong Coal Mine,Operating,0.6282
M3091,China,Jiexiu Nanyaotou Coal Mine,Operating,0.6282
M3092,China,Jiexiu Xinyugou Coal Mine,Operating,0.6282
M3093,China,Jiexiu Zuozegou Coal Mine,Operating,0.6282
M3096,China,Jinmei Pingshang Coal Mine,Operating,0.6282
M3097,China,Jintong Shashi Coal Mine,Operating,0.6282
M2944,China,Jinyang Coal Mine,Operating,0.6282
M3108,China,Kangwei Nanshan Coal Mine,Operating,0.6282
M3109,China,Kexing Longma Coal Mine,Operating,0.6282
M3110,China,Kexing Pingquan Coal Mine,Operating,0.6282
M3111,China,Kexing Xinzhuang Coal Mine,Operating,0.6282
M3112,China,Kexing Youxianshan Coal Mine,Operating,0.6282
M3114,China,Lanhua Baoxin Coal Mine,Operating,0.6282
M3115,China,Lanhua Jushan Coal Mine,Operating,0.6282
M3116,China,Lanhua Kouqian Coal Mine,Operating,0.6282
M3751,China,Lanhua Tongbao Coal Mine,Operating,0.6282
M3119,China,Linfen Dengmaotong Coal Mine,Operating,0.6282
M3120,China,Linfen Donghe Coal Mine,Closed,0.67
M3122,China,Lingshi Huayuan Coal Mine,Operating,0.6282
M3757,China,Liulin Caojiashan Coal Mine,Operating,0.6282
M3125,China,Luyang Changyuhe Coal Mine,Operating,0.6282
M3126,China,Luyang Xiangsheng Coal Mine,Operating,0.6282
M3165,China,Luyukou Coal Mine,Operating,0.6282
M3127,China,Maohua Dongyi Coal Mine,Operating,0.6282
M3133,China,Pinglu Liansheng Coal Mine,Operating,0.6282
M3134,China,Pinglu Xiyi Coal Mine,Operating,0.6282
M3136,China,Pingyao Mujiazhuang Coal Mine,Operating,0.6282
M3137,China,Poly Pingshan Coal Mine,Operating,0.6282
M3139,China,Puxian Changxing Coal Mine,Operating,0.6282
M3719,China,Dongshan Dongxing Coal Mine,Operating,0.6282
M3720,China,Dongshan Wulong Coal Mine,Operating,0.6282
M3048,China,Dongsheng Xingyu Coal Mine,Operating,0.6282
M3050,China,Dongzhang Coal Mine,Operating,0.8375999999999999
M3052,China,Erjing Harmony Coal Mine,Operating,0.6282
M3054,China,Fenghuangtai Coal Mine,Operating,0.6282
M3055,China,Fenxi Zhengjia Coal Mine,Operating,0.6282
M3056,China,Fenxi Zhengling Coal Mine,Operating,0.6282
M3057,China,Fenxi Zhengwen Coal Mine,Operating,0.8375999999999999
M3042,China,Changzhi Zhenxing Coal Mine,Operating,0.6282
M3045,China,China Coal Danshuigou Coal Mine,Operating,0.6282
M3046,China,Chong'an Sucun Coal Mine,Operating,0.6282
M4364,China,Datong Caoduogou Coal Mine,Operating,0.41879999999999995
M3715,China,Datong Donggou Coal Mine,Operating,2.792
M4365,China,Datong Heshangzui Coal Mine,Operating,0.41879999999999995
M3716,China,Datong Jiangjiawan Coal Mine,Operating,0.6282
M4367,China,Datong Xinwang Coal Mine,Operating,0.41879999999999995
M4369,China,Datong Yisheng Coal Mine,Operating,0.41879999999999995
M3034,China,Beizhiyu Coal Mine,Operating,0.6282
M3037,China,Changzhi Changhong Coal Mine,Operating,0.6282
M3038,China,Changzhi Huangshan Coal Mine,Operating,0.6282
M3709,China,Changzhi Xiahe Coal Mine,Operating,0.6282
M3040,China,Changzhi Xincun Coal Mine,Operating,0.6282
M3030,China,Anji Xinyuan Coal Mine,Operating,0.6282
M3032,China,Anshun Le'an Coal Mine,Operating,0.6282
M3033,China,Anshun Sandu Coal Mine,Operating,0.6282
M3066,China,"Gujiao Fanshigou Coal and Coke Co., Ltd. Fushigou Coal Mine",Operating,0.6282
M3804,China,Taiyuan Nanling Coal Mine,Operating,0.6282
M0374,China,West Well of Faer Second Coal Mine,Operating,1.6751999999999998
M3180,China,Tongshuo Tongying Coal Mine,Operating,0.6282
M3051,China,Duanwang Ping'an Coal Mine,Operating,0.6282
M3102,China,Zhangcun Coal Mine No. 4 Well,Operating,0.6282
M3099,China,Dongpang Coal Mine North Well,Operating,0.41879999999999995
M3100,China,Gequan Coal Mine,Operating,0.6630999999999999
M3101,China,Gequan Coal Mine East Well,Operating,0.6282
M2913,China,Xintun Coal Mine,Closed,0.6
M2917,China,Bide Coal Mine,Operating,0.5932999999999999
M0225,China,Guizhou Dawan Coal Mine,Operating,0.6282
M4371,China,Guizhou Dawan Coal Mine West Well,Operating,0.6282
M2931,China,Honglin Coal Mine,Operating,1.2564
M1134,China,Huale Coal Mine,Operating,1.4658
M3747,China,Jinsha Longfeng Coal Mine,Operating,0.6282
M3758,China,Liupanshui Juxin Coal Mine,Operating,0.6282
M4333,China,Panxian Changxing Coal Mine,Operating,0.6282
M4334,China,Shuicheng Laoyingshan Coal Mine,Operating,0.6282
M4395,China,Shuicheng Miluo Coal Mine,Operating,0.6282
M4412,China,Xingren Zhengxing Coal Mine,Operating,0.6282
M2961,China,Zhijin Xin'an Coal Mine,Operating,0.20939999999999998
M4417,China,Zhongshan Dahebian Coal Mine,Operating,0.6282
M4370,China,Feicheng Xintaoyang Coal Mine,Operating,0.41879999999999995
M2930,China,Chicheng Coal Mine,Operating,0.6282
M1812,China,Anju Coal Mine,Closed,0.45
M4377,China,Heze Shanxian Coal Mine,Operating,0.4885999999999999
M2960,China,Huafeng Coal Mine,Operating,0.6282
M4378,China,Jinan Panxi Coal Mine,Closed,0.52
M4379,China,Jining Jinqiao Coal Mine,Operating,0.7678
M4380,China,Jining Xiaoyun Coal Mine,Operating,0.6282
M4381,China,Jining Yineng Coal Mine,Operating,0.41879999999999995
M4382,China,Jining Yiqiao Coal Mine,Operating,0.5584
M4383,China,Jining Yunhe Coal Mine,Operating,0.4885999999999999
M4384,China,Jinxiang Huayuan Coal Mine,Operating,0.3141
M4386,China,Lingcheng Xingcun Coal Mine,Closed,0.67
M4387,China,Ningyang Xin'an Coal Mine,Operating,0.5584
M2914,China,Pengzhuang Coal Mine,Operating,0.5584
M4390,China,Qihe Qiuji Coal Mine,Operating,0.5235
M4391,China,Qihe Zhaoguan Coal Mine,Operating,0.6282
M4392,China,Qufu Shanjiachun Coal Mine,Operating,0.41879999999999995
M4393,China,Rencheng Luxi Coal Mine,Operating,0.6072599999999999
M2959,China,Shandong Xinhe Coal Mine,Closed,0.67
M4401,China,Tengzhou Beixulou Coal Mine,Operating,0.4885999999999999
M4402,China,Tengzhou Dongda Coal Mine,Operating,0.5235
M4403,China,Tengzhou Jinda Coal Mine,Operating,0.48161999999999994
M4404,China,Tengzhou Jinqiu Coal Mine,Operating,0.5025599999999999
M4405,China,Tengzhou Liuzhuang Coal Mine,Operating,0.4537
M4406,China,Tengzhou Wangchao Coal Mine,Operating,0.6282
M4409,China,Weishan Sanhekou Coal Mine,Operating,0.4885999999999999
M2958,China,Xinchazhuang Coal Mine,Operating,0.6282
M4414,China,Xintai Wangjiazhai Coal Mine,Operating,0.5235
M4415,China,Xintai Xiaogang Coal Mine,Operating,0.41879999999999995
M4419,China,Zoucheng Henghe Coal Mine,Operating,0.54444
M4420,China,Zoucheng Liyan Coal Mine,Operating,0.5584
M4421,China,Zoucheng Taiping Coal Mine,Operating,0.5235
M2445,China,Guanyinshan No. 1 Coal Mine,Operating,0.6282
M4389,China,Qianxi Tailai Coal Mine,Operating,0.3141
M4373,China,Gujiao Fuchang Coal Mine,Operating,0.41879999999999995
M4374,China,Gujiao Liaoyuan Coal Mine,Operating,0.41879999999999995
M4375,China,Gujiao Pingdingyao Coal Mine,Operating,0.41879999999999995
M4376,China,Gujiao Yicheng Coal Mine,Operating,0.6282
M3089,China,Jiaochangpiung Yuling Coal Mine,Operating,0.6282
M1809,China,2130 Coal Mine,Operating,0.4885999999999999
M3812,China,Wuhai Dongfeng Surface Mine,Operating,0.6282
M3043,China,Guanghui Surface Mine,Operating,0.6282
M3736,China,"Inner Mongolia Haihua Coal Co., Ltd. Jiangmu Tunan Well",Operating,0.6282
M4704,China,Inner Mongolia Xilaifeng Coal Mine,Operating,0.6282
M4705,China,Inner Mongolia Rongda Coal Mine,Operating,0.6282
M4709,China,Inner Mongolia Ejin Horo Banner Xiao Nalingou Coal Mine,Operating,0.6282
M4710,China,Inner Mongolia Ejin Horo Banner zhifu Coal Mine,Operating,0.6282
M4711,China,Inner Mongolia Ejin Horo Banner Xinglong Coal Mine,Operating,0.6282
M4714,China,Inner Mongolia Ejin Horo Banner Zhenxing Coal Mine,Operating,0.6282
M4715,China,Inner Mongolia Jungar Banner Chuanfa Coal Mine,Operating,0.6282
M4716,China,Inner Mongolia Jungar Banner Xiliang Coal Mine,Operating,0.6282
M4717,China,Inner Mongolia Hushatu Coal Mine,Operating,0.6282
M4719,China,Inner Mongolia Ordos Shentong Coal Mine,Operating,0.6282
M4723,China,Inner Mongolia Wuhai Wanyuan Surface Coal Mine,Operating,0.6282
M4724,China,Inner Mongolia Wuhai Zhongke Baocheng Coal Mine,Operating,0.6282
M4726,China,Inner Mongolia Ordos Nalinmiao Coal Mine,Operating,0.6282
M4727,China,Inner Mongolia Ordos Shigetai Coal Mine,Operating,0.6282
M4728,China,Inner Mongolia Ordos Wenjialiang No.3 Coal Mine,Operating,0.6282
M4729,China,Inner Mongolia Ordos Yanjiaqu Coal Mine,Operating,0.6282
M4730,China,Inner Mongolia Ordos Baiyunwusu Line 11-15 Coal Mine,Operating,0.6282
M4731,China,Inner Mongolia Liaoyuan Coal Mine,Operating,0.6282
M4732,China,Liaoning Fushun Mining Group Dong Surface Mine,Operating,0.9771999999999998
M4733,China,Liaoning Fushun Taihe Coal Mine,Operating,0.5584
M4734,China,Jilin Yangcaogou No.1 Coal Mine,Operating,0.4885999999999999
M4735,China,Jilin Yangcaogou No.2 Coal Mine,Operating,0.5584
M4736,China,Heilongjiang Jianchang Coal Mine No.1 Well,Operating,0.6282
M4739,China,Heilongjiang Xinfa Coal Mine,Operating,0.6282
M4740,China,Heilongjiang Xinli Coal Mine,Operating,0.6282
M4741,China,Anhui Wugou Coal Mine,Operating,0.6282
M4742,China,Henan Daping Coal Mine,Operating,0.5584
M4743,China,Henan Baoyushan Coal Mine,Operating,0.6282
M4744,China,Henan Tian'an No.9 Coal Mine,Operating,0.6282
M4746,China,Henan Xiangshan Coal Mine,Operating,0.6282
M4747,China,Henan Anyang Hongling Coal Mine,Operating,0.6282
M4751,China,Guangxi Guineng No.3 Coal Mine,Operating,0.6282
M4756,China,Sichuan Lubanshan North Coal Mine,Operating,0.6282
M4758,China,Shaanxi Tongchuan Xiufanggou Coal Mine,Operating,0.6282
M4759,China,Shaanxi Tongchuan Xichuan Coal Mine,Operating,0.6282
M4760,China,Shaanxi Binxian Jiangjiahe Coal Mine,Operating,0.6282
M4762,China,Shaanxi Sangshuping No. 2 Well,Operating,0.6282
M4763,China,Shaanxi Shuanglong Coal Mine,Operating,0.6282
M4766,China,Shaanxi Fugu Hongfeng Coal Mine,Operating,0.6282
M4767,China,Shaanxi Fugu Jianxin Coal Mine,Operating,0.6282
M4768,China,Shaanxi Fugu Jinsheng Coal Mine,Operating,1.047
M4769,China,Shaanxi Fugu Hengyi Coal Mine,Operating,0.6282
M4771,China,Shaanxi Fugu Donggou Coal Mine,Operating,0.6282
M4772,China,Shaanxi Fugu Wayaopo Coal Mine,Operating,0.6282
M4773,China,Shaanxi Fugu Zhangbaya Coal Mine,Operating,0.6282
M4774,China,Shaanxi Fugu Xinyang Coal Mine,Operating,0.6282
M4775,China,Shaanxi Fugu Yiyuan Coal Mine,Operating,0.6282
M4776,China,Shaanxi Shenfu Haiwan Coal Mine No.3 Well,Operating,0.6282
M4777,China,Shaanxi Shenmu Lijiagou Coal Mine,Operating,0.6282
M4778,China,Shaanxi Shenmu Dongliang Coal Mine,Operating,0.6282
M4779,China,Shaanxi Shenmu Huixing Coal Mine,Operating,0.6282
M4783,China,Shaanxi Yulin Yongle Coal Mine,Operating,0.6282
M4784,China,Shaanxi Yulin Changxing Coal Mine,Operating,0.6282
M4785,China,Shaanxi Yulin Erdun Coal Mine,Operating,0.6282
M4786,China,Shaanxi Yulin Santaijie Coal Mine,Operating,0.6282
M4788,China,Shaanxi Wangjiashan Coal Mine No.1 Well,Operating,0.6282
M4789,China,Gansu Tianzhu Coal Mine,Operating,0.6282
M4791,China,Gansu Xinzhou Coal Mine,Operating,0.6282
M4793,China,Gansu Liuyuanzi Coal Mine,Operating,0.6282
M4794,China,Qinghai Qaidar Coal Mine,Operating,0.6282
M4797,China,Xinjiang Zhaohequan Coal Mine No.1 Well,Operating,0.6282
M4798,China,Xinjiang Qitai Beitashan Coal Mine,Operating,0.6282
M4799,China,Xinjiang Hutubi Donggou Coal Mine,Operating,0.6282
M4802,China,Xinjiang Kuche Yushuquan Coal Mine,Operating,0.6282
M4803,China,Xinjiang Baicheng Yinxi Coal Mine,Operating,0.6282
M4804,China,Xinjiang Guizi Coal Mine West Shaft,Operating,0.6282
M4805,China,Xinjiang Puyang Coal Mine,Operating,0.6282
M4806,China,Xinjiang Panjin Coal Mine,Operating,0.6282
M4807,China,Xinjiang Yushugou Coal Mine,Operating,1.047
M4809,China,Xinjiang Shajihai Coal Mine,Operating,0.6282
M4810,China,Xinjiang Conglong Coal Mine,Operating,0.6282
M4814,China,Shanxi Lingzhi Chengjiazhuang Coal Mine,Operating,0.6282
M4815,China,Shanxi Liulin Nianyan Coal Mine,Operating,0.6282
M4816,China,Shanxi Liulin Wangjiagou Coal Mine,Operating,0.6282
M4817,China,Shanxi Liulin Xinfei Hechang Coal Mine,Operating,0.6282
M4818,China,Shanxi Loujun Group Zhaojiazhuang Coal Mine,Operating,0.6282
M4820,China,Shanxi Lüliang Zhongyang Xihe Coal Mine,Operating,0.6282
M4821,China,Shanxi Xingxian Chejiazhuang Coal Mine,Operating,0.6282
M4822,China,Shanxi Xingxian Maodi Coal Mine,Operating,0.6282
M4823,China,Shanxi Zhongyang Sucun Coal Mine,Operating,0.6282
M4824,China,Shanxi Xingxian Jindi Coal Mine,Operating,0.6282
M4825,China,Shanxi Zhongyang Shenjiamao Coal Mine,Operating,0.6282
M4826,China,Shanxi Zhongyang Rongda Coal Mine,Operating,0.6282
M4830,China,Shanxi Xihe Coal Mine,Operating,0.41879999999999995
M4831,China,Shanxi Yinjiagou Coal Mine,Operating,0.6282
M4832,China,Shanxi Guanlingshan Coal Mine,Operating,0.6282
M4833,China,Shanxi Qingwa Coal Mine,Operating,0.6282
M4835,China,Shanxi Guojiashan Coal Mine,Operating,0.6282
M4836,China,Shanxi Daqiao Coal Mine,Operating,0.6282
M4838,China,Shanxi Xindu Coal Mine,Operating,0.8375999999999999
M4839,China,Shanxi Guangjinbao Coal Mine,Operating,0.6282
M4841,China,Shanxi Mingzi Coal Mine,Operating,0.6282
M4842,China,Shanxi Xindingtai Coal Mine,Operating,0.6282
M4844,China,Shanxi Changjiang Coal Mine,Operating,0.6282
M4845,China,Shanxi Dengfukang Coal Mine,Operating,0.6282
M4846,China,Shanxi Baohua Coal Mine,Operating,0.6282
M4847,China,Shanxi Yuanfu Coal Mine,Operating,0.6282
M4848,China,Shanxi Jingxin Coal Mine,Operating,0.6282
M4849,China,Shanxi Xigou Coal Mine,Operating,0.6282
M4850,China,Shanxi Songyu Coal MIne,Operating,0.41879999999999995
M4851,China,Shanxi Rundong Coal Mine,Operating,0.6282
M4852,China,Shanxi Chongsheng Coal Mine,Operating,0.6282
M4853,China,Shanxi Beiling Coal Mine,Operating,0.6282
M4854,China,Shanxi Zhangjiagou Coal Mine,Operating,0.6282
M4856,China,Shanxi Shuozhou Shuiquan Coal Mine,Operating,2.094
M4857,China,Shanxi Luzigou Coal Mine,Operating,0.6282
M4863,China,Inner Mongolia Dalat Banner Fengshengkui Coal Mine,Operating,1.2564
M4876,China,Inner Mongolia Lida Coal Mine,Operating,0.41879999999999995
M4879,China,Inner Mongolia Qingshuihe Tianci Coal Mine,Operating,0.8375999999999999
M4881,China,Inner Mongolia Tumut Right Banner Manqiaogou Coal Mine,Operating,0.41879999999999995
M4882,China,Inner Mongolia Tumut Right Banner Dashun Coal Mine,Operating,0.41879999999999995
M4883,China,Inner Mongolia Yuanlin Coal Mine,Operating,0.41879999999999995
M4887,China,Inner Mongolia Jungar Banner Guangyu Coal Mine,Operating,0.41879999999999995
M4890,China,Inner Mongolia Aolaobula Coal Mine,Operating,0.41879999999999995
M4892,China,Inner Mongolia Jungar Banner Wulasu Coal Mine,Operating,0.41879999999999995
M4893,China,Inner Mongolia Jungar Banner Shangui Coal Mine,Operating,0.41879999999999995
M4896,China,Inner Mongolia Ordos Ruide No.2 Coal Mine,Operating,0.41879999999999995
M4897,China,Inner Mongolia Otog Banner Chenguang Coal Mine,Operating,0.41879999999999995
M4898,China,Inner Mongolia Otog Banner Dongheng Coal Mine,Operating,0.41879999999999995
M4899,China,Inner Mongolia Otog Banner Dongchen Coal Mine,Operating,0.41879999999999995
M4900,China,Inner Mongolia Yuxing Coal Mine,Closed,0.45
M4901,China,Inner Mongolia Otog Banner Jinou Coal Mine,Operating,0.41879999999999995
M4902,China,Inner Mongolia Baofeng Coal Mine,Operating,0.41879999999999995
M4903,China,Inner Mongolia Otog Banner Xinsheng Coal Mine,Operating,0.41879999999999995
M4904,China,Inner Mongolia Huawu Coal Mine,Operating,0.41879999999999995
M4905,China,Inner Mongolia Otog Banner Haoyuan Coal Mine,Operating,0.41879999999999995
M4906,China,Inner Mongolia Youfangqu Coal Mine,Operating,0.41879999999999995
M4907,China,Inner Mongolia Ordos Jiajiaqu Coal Mine,Operating,0.41879999999999995
M4908,China,Inner Mongolia Ordos Yulong Fuxiang Coal Mine,Operating,0.41879999999999995
M4909,China,Inner Mongolia Ejin Horo Banner Changqing Coal Mine,Operating,0.41879999999999995
M4910,China,Inner Mongolia Ejin Horo Banner Yucai Coal Mine,Operating,0.41879999999999995
M4911,China,Inner Mongolia Ejin Horo Banner Huanengjing Coal Mine,Operating,0.41879999999999995
M4912,China,Inner Mongolia Ejin Horo Banner Dingjialiang Coal Mine,Operating,0.41879999999999995
M4913,China,Inner Mongolia Tongfu Coal Mine,Operating,0.41879999999999995
M4914,China,Inner Mongolia Ordos Liujiaqu Coal Mine,Operating,0.41879999999999995
M4915,China,Inner Mongolia Otog Bannerr Xinya Coal Mine,Operating,0.41879999999999995
M4916,China,Inner Mongolia Otog Banner Bayin Wusu Coal Mine,Operating,0.41879999999999995
M4917,China,Inner Mongolia Ordos Sanxing Coal Mine,Operating,0.41879999999999995
M4919,China,Inner Mongolia Ordos Jinbang Coal Mine,Operating,0.41879999999999995
M4920,China,Inner Mongolia Shenlong Coal Mine,Operating,0.41879999999999995
M4921,China,Inner Mongolia Baocheng Coal Mine,Operating,0.41879999999999995
M4922,China,Inner Mongolia Wuhai Hairong Coal Mine,Operating,0.41879999999999995
M4923,China,Inner Mongolia Wuhai Lisheng Coal Mine,Operating,0.41879999999999995
M4924,China,Wuhai Tianyu Coal Mine,Operating,0.41879999999999995
M4925,China,Inner Mongolia Bailing Coal Mine,Operating,1.2564
M4926,China,Inner Mongolia Dalat Banner Hanggaigou Coal Mine,Operating,0.20939999999999998
M4927,China,Inner Mongolia Otog Banner Dongchen Huitong Coal Mine,Operating,0.41879999999999995
M4930,China,Inner Mongolia Tumut Right Banner Santian Coal Mine,Operating,0.41879999999999995
M4943,China,Xinjiang Shawan Liangbaoying Coal Mine,Operating,0.8375999999999999
M4944,China,Xinjiang Changji Baoping Coal Mine,Operating,0.41879999999999995
M4946,China,Xinjiang Kelji Coal Mine,Operating,0.43973999999999996
M4947,China,Xinjiang Toksun Buerjian No.1 Coal Mine,Operating,0.6282
M4948,China,Xinjiang Kuche Yongxin Coal Mine,Operating,0.41879999999999995
M4949,China,Xinjiang Kuche Kezikutan Coal Mine,Operating,0.41879999999999995
M4950,China,Xinjiang Baicheng Surahema Coal Mine,Operating,0.41879999999999995
M4953,China,Shaanxi Shenmu Haihong Coal Mine,Operating,0.41879999999999995
M4954,China,Shaanxi Shenmu Chuangwei Coal Mine,Operating,0.6282
M4956,China,Shaanxi Shenmu Ruixiang Coal Mine,Operating,0.41879999999999995
M4958,China,Shaanxi Shenmu Sunyingcha No. 1 Coal Mine,Operating,0.41879999999999995
M4959,China,Shaanxi Shenmu Heilapan Coal Mine,Operating,0.41879999999999995
M4961,China,Shaanxi Fugu Puhe Coal Mine,Operating,0.8375999999999999
M4962,China,Shaanxi Fugu Shunyuan Coal Mine,Operating,0.41879999999999995
M4964,China,Shaanxi Fugu Gongnong Joint Coal Mine,Operating,0.41879999999999995
M4965,China,Shaanxi Fuguy Yifeng Coal Mine,Operating,0.41879999999999995
M4966,China,Shaanxi Fugu Huafu Coal Mine,Operating,0.41879999999999995
M4967,China,Shaanxi Hengshan Zhongyuan Coal Mine,Operating,0.41879999999999995
M4968,China,Shaanxi Hengshan Shandong Coal Mine,Operating,0.41879999999999995
M4969,China,Shaanxi Yulin Changjialiang Coal Mine,Operating,0.41879999999999995
M4970,China,Shaanxi Yulin Dongfeng Coal Mine,Operating,0.41879999999999995
M4971,China,Shaanxi Yulin Jinniu Coal Mine,Operating,0.41879999999999995
M4972,China,Shaanxi Yulin Yubujie Coal Mine,Operating,0.41879999999999995
M4973,China,Shaanxi Ruineng Coal Mine,Operating,0.41879999999999995
M4974,China,Shaanxi Bailiang Coal Mine,Operating,0.41879999999999995
M4975,China,Shaanxi Pubai Xigu Coal Mine,Operating,0.8375999999999999
M4976,China,Shaanxi Shenfu Wangcaihuopan Coal Mine,Operating,0.41879999999999995
M4977,China,Shaanxi Shenmu Hexi Lianban Coal Mine,Operating,0.41879999999999995
M4978,China,Shaanxi Shenmu Shenyuan Coal Mine,Closed,0.45
M4980,China,Shaanxi Shenmu Shuojiawan Coal Mine,Operating,0.41879999999999995
M4981,China,Shaanxi Shenmu Tianrui Coal Mine,Operating,0.41879999999999995
M4982,China,Shaanxi Shenmu Xinlun Coal Mine,Operating,0.41879999999999995
M4983,China,Shaanxi Shenmu Qianliang Coal Mine,Operating,0.41879999999999995
M4984,China,Shaanxi Shenmu Huangtumiao Coal Mine,Operating,0.41879999999999995
M4985,China,Shaanxi Shenmu Dabeimao Coal Mine,Operating,0.41879999999999995
M4987,China,Shaanxi Fugu Xiangrong Coal Mine,Operating,0.41879999999999995
M4988,China,Shaanxi Fugu Qinjin Coal Mine,Operating,0.41879999999999995
M4989,China,Shaanxi Fugu Zhonghui Funeng Coal Mine,Operating,0.41879999999999995
M4991,China,Shaanxi Hengshan Ershike Coal Mine,Operating,0.41879999999999995
M4992,China,Shaanxi Hengshan Dongfanghong Coal Mine,Operating,0.41879999999999995
M4990,China,Shaanxi Hengshan Zhangjiawa Coal Mine,Operating,0.41879999999999995
M4993,China,Shaanxi Hengshan Zhenghe Coal Mine,Operating,0.41879999999999995
M4995,China,Shaanxi Yulin Shanghe Coal Mine,Operating,0.41879999999999995
M4997,China,Shaanxi Pucheng Qinjiapo Coal Mine,Operating,0.41879999999999995
M4998,China,Shaanxi Pucheng Jinlian Coal Mine,Operating,0.41879999999999995
M4999,China,Shaanxi Shenmu Taihua Coal Mine,Operating,0.41879999999999995
M5000,China,Shaanxi Fugu Xiahanliang Coal Mine,Operating,0.41879999999999995
M5001,China,Shaanxi Huangling Nanchuang No.2 Coal Mine,Operating,0.41879999999999995
M5002,China,Shaanxi Zichang Yongxing Coal Mine,Operating,0.41879999999999995
M5003,China,Shaanxi Hancheng Xinghuo Coal Mine,Operating,0.41879999999999995
M5004,China,Shaanxi Chengcheng No.2 Coal Mine,Operating,0.8375999999999999
M5005,China,Shaanxi Huangling Nanchuang No.1 Coal Mine,Operating,0.6282
M5009,China,Shaanxi Heyang Jinqiao Coal Mine,Operating,0.6282
M5022,China,Shaanxi Yanchuan Taifeng Coal Mine,Operating,0.41879999999999995
M5023,China,Shaanxi Zichang Tianren Coal Mine,Operating,0.41879999999999995
M5025,China,Shanxi Datong Dabeigou Coal Mine,Operating,0.41879999999999995
M5026,China,Shanxi Yangquan Jinyu Coal Mine,Operating,0.41879999999999995
M5027,China,Shanxi Pingding Guanyu Coal Mine,Operating,0.41879999999999995
M5028,China,Shanxi Jiujie Coal Mine,Operating,0.41879999999999995
M5029,China,Shanxi Yangquan Nanlou Coal Mine,Operating,0.41879999999999995
M5030,China,Shanxi Pingding Feifeng Coal Mine,Operating,0.41879999999999995
M5031,China,Shanxi Yangquan Lujiacun Coal Mine,Operating,0.41879999999999995
M5032,China,Shanxi Yangquan Chentong Coal Mine,Operating,0.41879999999999995
M5034,China,Shanxi Xiangkuang Huipo Coal Mine,Operating,0.5584
M5035,China,Shanxi Tongzhou Group Anshen Coal Mine,Operating,0.4885999999999999
M5036,China,Shanxi Majunyu Shuguang Coal Mine,Operating,0.41879999999999995
M5037,China,Shanxi Kangwei Group Mengziyu Coal Mine,Operating,0.41879999999999995
M5038,China,Shanxi Changzhi Nanxianquan Coal Mine,Operating,0.41879999999999995
M5039,China,Shanxi Changzhi Jinyongtai Coal Mine,Operating,0.41879999999999995
M5040,China,Shanxi Shicu Coal Mine,Operating,0.41879999999999995
M5041,China,Shanxi Changqin Xinxing Coal Mine,Operating,0.4885999999999999
M5042,China,Shanxi Changzhi Ji'an Coal Mine,Operating,0.41879999999999995
M5044,China,Shanxi Changzhi Jinxiang Coal Mine,Operating,0.41879999999999995
M5045,China,Shanxi Qinhe Group Yong'an Coal Mine,Operating,0.41879999999999995
M5046,China,Shanxi Qinhe Group Nan'aosi Coal Mine,Operating,0.41879999999999995
M5047,China,Shanxi Yangcheng Shancheng Coal Mine,Operating,0.41879999999999995
M5048,China,Shanxi Yangcheng Daxi Coal Mine,Operating,0.41879999999999995
M5049,China,Shanxi Nanhe Coal Mine,Operating,0.41879999999999995
M5050,China,Shanxi Gaoping Mishan Coal Mine,Operating,0.41879999999999995
M5051,China,Shanxi Lutaishan Coal Mine,Operating,0.41879999999999995
M5052,China,Shanxi Qinhe Group Jiuxin Coal Mine,Operating,0.41879999999999995
M5053,China,Shanxi Zezhou Haitian Coal Mine,Operating,0.41879999999999995
M5054,China,Shanxi Zezhou Weiding Coal Mine,Operating,0.41879999999999995
M5055,China,Shanxi Qinshui Hudi Coal Mine,Operating,0.41879999999999995
M5056,China,Shanxi Zezhou Yingsheng Coal Mine,Operating,0.41879999999999995
M5057,China,Shanxi Shennong Coal Mine,Operating,0.41879999999999995
M5059,China,Shanxi Lvliang Yachen Coal Mine,Operating,0.41879999999999995
M5060,China,Shanxi Linxian Shengju Coal Mine,Operating,0.41879999999999995
M5061,China,Shanxi Kunlong Coal Mine,Operating,0.41879999999999995
M5062,China,Shanxi Yuci Kunyuan Coal Mine,Operating,0.41879999999999995
M5063,China,Shanxi Shouyang Hengyuan Coal Mine,Operating,0.41879999999999995
M5064,China,Shanxi Lingshi Xin'anfa Coal Mine,Operating,0.41879999999999995
M5065,China,Shanxi Lingshi Dangdangling Coal Mine,Operating,0.41879999999999995
M5066,China,Shanxi Lingshi Huaqiang Coal Mine,Operating,0.41879999999999995
M5067,China,Shanxi Yuci Beishan Coal Mine,Operating,0.41879999999999995
M5068,China,Shanxi Lingshi Xinsheng Coal Mine,Operating,0.41879999999999995
M5069,China,Shanxi Lingshi Sunyi Coal Mine,Operating,0.41879999999999995
M5070,China,Shanxi Lingshi Jiguang Coal Mine,Operating,0.41879999999999995
M5071,China,Shanxi Baoli Jinzhuang Coal Mine,Operating,0.41879999999999995
M5072,China,Shanxi Lingshi Anyuan Coal Mine,Operating,0.41879999999999995
M5073,China,Shanxi Lingshi Baigou Coal Mine,Operating,0.41879999999999995
M5074,China,Shanxi Jiexiu Taoyuan Coal Mine,Operating,0.41879999999999995
M5075,China,Shanxi Jiexiu Xiaoweigou Coal Mine,Operating,0.41879999999999995
M5076,China,Shanxi Lingshi Tianyue Coal Mine,Operating,0.41879999999999995
M5077,China,Shanxi Pingyao Jinzhong Coal Mine,Operating,0.41879999999999995
M5078,China,Shanxi Pingyao Fodiangou Coal Mine,Operating,0.41879999999999995
M5079,China,Shanxi Lingshi Nanhe Coal Mine,Operating,0.41879999999999995
M5080,China,Shanxi Xiyang Leping Coal Mine,Operating,0.41879999999999995
M5081,China,Shanxi Hongfa Coal Mine,Operating,0.41879999999999995
M5082,China,Shanxi Jiexiu Zhengyi Coal Mine,Operating,0.41879999999999995
M5083,China,Shanxi Shouyang Ruilong Coal Mine,Operating,0.41879999999999995
M5084,China,Shanxi Lingshi Fuyuan Coal Mine,Operating,0.41879999999999995
M5085,China,Shanxi Puxian Xinliangyou Coal Mine,Operating,0.41879999999999995
M5086,China,Shanxi Tongfuxin Coal Mine,Operating,0.41879999999999995
M5087,China,Shanxi Hongxiang Coal Mine,Operating,0.41879999999999995
M5088,China,Shanxi Yicheng Shan'ao Coal Mine,Operating,0.41879999999999995
M5089,China,Shanxi Puxian Xidong Coal Mine,Closed,0.45
M5090,China,Shanxi Hongdong Yilong Coal Mine,Operating,0.41879999999999995
M5091,China,Shanxi Guxian Hongxing Coal Mine,Operating,0.41879999999999995
M5092,China,Shanxi Linfen Lanbao Coal Mine,Operating,0.41879999999999995
M5093,China,Shanxi Hufeng Coal Mine,Operating,0.41879999999999995
M5094,China,Shanxi Wanjie Coal Mine,Operating,0.41879999999999995
M5095,China,Shanxi Dujiagou Coal Mine,Operating,0.41879999999999995
M5096,China,Shanxi Podi Coal Mine,Operating,0.41879999999999995
M5097,China,Shanxi Weizizhen Coal Mine,Operating,0.41879999999999995
M5098,China,Shanxi Guxian Dongrui Coal Mine,Operating,0.41879999999999995
M5099,China,Shanxi Zhangjiawan Coal Mine,Operating,0.41879999999999995
M5106,China,Niaxia Siguquan Coal Mine No.1 Shaft,Operating,0.41879999999999995
M5107,China,Niaxia Siguquan Coal Mine No.2 Shaft,Operating,0.41879999999999995
M5109,China,Liaoning Badaohao Coal Mine,Operating,0.41879999999999995
M5110,China,Liaoning Tieling Shuangshuzi Coal Mine,Operating,0.41879999999999995
M5111,China,Liaoning Daoqing Coal Mine,Operating,0.4885999999999999
M5112,China,Liaoning Meihekou Coal Mine,Operating,0.41879999999999995
M5113,China,Heilongjiang Shuangyashan Yatai Coal Mine,Operating,0.41879999999999995
M5114,China,Heilongjiang Lushan l Coal Mine No.9 Shaft,Operating,0.41879999999999995
M5115,China,Heilongjiang Dongning Hexing Coal Mine,Operating,0.41879999999999995
M5117,China,Heilongjiang Heihe Xingbian Coal Mine,Operating,0.6282
M5120,China,Yunnan Fuyuan Xiongdong Coal Mine,Operating,0.6282
M5122,China,Yunnan Fuyuan Xinxin Coal Mine,Operating,0.41879999999999995
M5124,China,Yunnan Fuyuan Tianjing Coal Mine,Operating,0.6282
M5125,China,Yunnan Fuyuan Kuantang Coal Mine No.2 Shaft,Operating,0.41879999999999995
M5126,China,Yunnan Enhong Coal Mine,Operating,0.41879999999999995
M5129,China,Yunnan Dongyuan Zhujiawan Coal Mine,Operating,0.41879999999999995
M5130,China,Yunnan Dongyuan Changling No.1 Coal Mine,Operating,0.41879999999999995
M5131,China,Yunnan Guanyinshan Coal Mine No.2 Shaft,Operating,0.41879999999999995
M5132,China,Yunnan Ludong Coal Mine,Operating,0.27222
M5134,China,Yunnan Chongxin Baiguangou Coal Mine,Operating,0.41879999999999995
M5135,China,Yunnan Chongxin Zhouzhai Coal Mine,Operating,0.41879999999999995
M5136,China,Yuannan Xin'an Yunding Coal Mine,Operating,0.5584
M5137,China,Yuannan Yiluo Coal Mine,Operating,0.41879999999999995
M5139,China,Henan Shuohe Coal Mine,Operating,0.41879999999999995
M5140,China,Henan Anyang Zhujiao Coal Mine,Operating,0.41879999999999995
M5141,China,Henan Fengyang Coal Mine,Operating,0.41879999999999995
M5142,China,Henan Sanmenxia Longwangzhuang Coal Mine,Operating,0.4885999999999999
M5143,China,Henan Hebi No.8 Coal Mine,Operating,0.56538
M5145,China,Henan Hebi No.9 Coal Mine,Operating,0.41879999999999995
M5147,China,Henan Pingdingshan Pishan Coal Mine,Operating,0.5932999999999999
M5148,China,Henan Lugou Coal Mine,Operating,0.41879999999999995
M5149,China,Henan Dengcao Coal Mine,Operating,0.41879999999999995
M5151,China,Henan Zhongmei Xindeng Zhengzhou Coal Mine,Operating,0.58632
M5152,China,Henan Zhongmei Jiaoxue No.3 Coal Mine,Operating,0.58632
M5153,China,Henan Dengfeng Qianxiang Coal Mine,Operating,0.41879999999999995
M5155,China,Henan Zhenghong Hengtai Xinmi Coal Mine,Operating,0.41879999999999995
M5156,China,Henan Huixian Chengcun Coal Mine,Operating,0.5584
M5157,China,Henan Jiyuan No.1 Coal Mine,Operating,0.46068
M5159,China,Henan Gongyi Yaoling Coal Mine,Operating,0.41879999999999995
M5162,China,Guizhou Tongzi Huaqiu No. 2 Coal Mine,Operating,0.41879999999999995
M5163,China,Guizhou Xishui Mudanba Coal Mine,Operating,0.6282
M5165,China,Guizhou Panxian Zhongzhichang Coal Mine,Operating,0.41879999999999995
M5166,China,Guizhou Xiangshui Coal Mine Jiuwuji Shaft Area,Operating,0.6282
M5167,China,Guizhou Songhe West Coal Mine,Operating,0.41879999999999995
M5168,China,Guizhou Songhe East No.1 Coal Mine,Operating,0.6282
M5169,China,Guizhou Songhe East Coal Mine,Operating,0.41879999999999995
M5170,China,Guizhou Huoshaopu Coal Mine Yangchangpo Shaft Area,Operating,0.41879999999999995
M5171,China,Guizhou Panxian Longxin Coal Mine,Operating,0.41879999999999995
M5173,China,Guizhou Panzhou Yungui Coal Mine,Operating,0.41879999999999995
M5174,China,Guizhou Shuicheng Yushe Middle Coal Mime,Operating,0.41879999999999995
M5175,China,Guizhou Shuicheng Hebian Coal Mine,Operating,0.41879999999999995
M5176,China,Guizhou Shuicheng Xiaoniu Coal Mine,Operating,0.41879999999999995
M5177,China,Guizhou Jiaozishan Coal Mine,Operating,0.41879999999999995
M5178,China,Guizhou Jinsha Mukong Coal Mine,Operating,0.41879999999999995
M5179,China,Guizhou Zhijin Zhicheng Coal Mine,Operating,0.41879999999999995
M5180,China,Guizhou Zhijin Yanjiao Coal Mine,Operating,0.41879999999999995
M5181,China,Guizhou Gaoshan Coal Mine,Operating,0.41879999999999995
M5182,China,Guizhou Zhongling Coal Mine Pingshan Shaft,Operating,0.41879999999999995
M5183,China,Guizhou Nayong Xinchun Coal Mine,Operating,0.41879999999999995
M5184,China,Guizhou Nayong Fumin Coal Mine,Operating,0.41879999999999995
M5185,China,Guizhou Nayong Dabatian Coal Mine,Operating,0.41879999999999995
M5186,China,Guizhou Qianxin Coal Mine,Operating,0.41879999999999995
M5187,China,Guizhou Xingren Xinglong Coal Mine,Operating,0.41879999999999995
M5188,China,Qinghai Haitaer Coal Mine,Operating,0.41879999999999995
M5189,China,Hebei Xingtai Coal Mine,Operating,0.5584
M5192,China,Jiangxi Anyuan Coal Mine,Operating,0.54444
M5193,China,Jiangxi Fengcheng Qujiang Coal Mine,Operating,0.41879999999999995
M5194,China,Anhui Huibei Shuanglong Coal Mine,Closed,0.49
M5195,China,Hunan Zhouyuanshan Coal Mine,Operating,0.5235
M5196,China,Sichuan Jingang Coal Mine,Operating,0.6282
M5197,China,Sichuan Xiaobaoding Coal Mine,Operating,0.5025599999999999
M5198,China,Sichuan Longmenxia South Coal Mine,Operating,0.41879999999999995
M5199,China,Sichan Tianshan South Coal Mine,Operating,0.41879999999999995
M5200,China,Sichuan Liangshan Yimen Coal Mine,Operating,0.41879999999999995
M5201,China,Sichuan Furong Coal Mine,Operating,0.4885999999999999
M5202,China,Sichuan Xinwei Coal Mine （Xinchang Shaft),Closed,0.45
M5203,China,Yunnan Fuyuan Dage Coal Mine,Operating,0.41879999999999995
M5204,China,Yunnan Fuyuan Xiaoaozi Coal Mine,Operating,0.20939999999999998
M5205,China,Yunnan Fuyuan Shewu Coal Mine,Operating,0.41879999999999995
M5209,China,Shanxi Jinhui Coal Mine,Operating,0.6282
M5210,China,Shanxi Lituo Coal Mine,Operating,0.6282
M5211,China,Shanxi Tonghe Coal Mine,Operating,0.6282
M5212,China,Shanxi Zisheng Coal Mine,Operating,0.6282
M5213,China,Shanxi Hongya Coal Mine,Operating,0.6282
M5214,China,Shanxi Wan'an Coal Mine,Operating,0.6282
M5215,China,Shanxi Yanjiahe Coal Mine,Operating,0.6282
M5216,China,Shanxi Shengping Coal Mine,Operating,0.6282
M5217,China,Shanxi Maozequ Coal Mine,Operating,0.6282
M5218,China,Shanxi Taitou Qianwan Coal Mine,Operating,0.5584
M5219,China,Shanxi Henyuanshun Coal Mine,Operating,0.6282
M5220,China,Shanxi Wangyuan Coal Mine,Operating,0.6282
M5222,China,Shanxi Dafosi Coal Mine,Operating,0.6282
M5223,China,Shanxi Dantangou Coal Mine,Operating,0.6282
M5224,China,Shanxi Hanagou Coal Mine,Operating,0.6282
M5225,China,Shanxi Longmenta Coal Mine,Operating,0.6282
M5226,China,Shanxi Xiangyuan Coal Mine,Operating,0.6282
M5227,China,Shanxi Hongyan Coal Mine,Operating,0.6282
M5236,China,Shanxi Xiayao Coal Mine,Operating,0.6282
M5237,China,Xinjiang Hoxtolgay Coal Mine,Operating,0.41879999999999995
M5238,China,Xinjiang Nanshan Coal Mine Xiaogou No. 4 Shaft,Operating,0.41879999999999995
M5239,China,Xinjiang Donggou Coal Mine,Operating,0.41879999999999995
M5240,China,Xinjiang Gashunwusan Coal Mine,Operating,0.41879999999999995
M5241,China,Xinjiang Tunnan No. 3 Coal Mine,Operating,0.41879999999999995
M5273,China,Guizhou Anshun Coal Mine,Operating,0.41879999999999995
M5274,China,Guizhou Henggu Coal Mine,Operating,0.3141
M5335,China,Inner Mongolia Ordos Electric Power No. 1 Coal Mine,Operating,0.5584
M5336,China,Inner Mongolia Ordos Electric Power No. 2 Coal Mine,Operating,0.41879999999999995
M5346,China,Guizhou Hengtai Coal Mine,Operating,0.41879999999999995
M5351,China,Guizhou Quanlong Coal Mine,Operating,0.41879999999999995
M5367,China,Guizhou Hongshunfa Coal Mine,Operating,0.41879999999999995
M5402,China,Shaanxi Longyan Coal Mine,Operating,0.41879999999999995
M5403,China,Shaanxi Liujiamao Coal Mine,Operating,0.41879999999999995
M5404,China,Shaanxi Sunjiachazhen Zhugaita Coal Mine,Operating,0.6282
M5419,China,Shaanxi Qiaoziliang Coal Mine,Operating,0.41879999999999995
M5420,China,Shaanxi Gaoxingzhuang Coal Mine,Operating,0.41879999999999995
M5421,China,Shaanxi Jinhongwan Coal Mine,Operating,0.41879999999999995
M5425,China,Shaanxi Zhangsangou Coal Mine,Operating,0.41879999999999995
M5426,China,Shaanxi Fuqing Coal Mine,Operating,0.41879999999999995
M5428,China,Shaanxi Shimanao Coal Mine,Operating,0.6282
M5437,China,Henan Damoling Coal Mine,Operating,0.41879999999999995
M5438,China,Henan Zhujiao Coal Mine,Operating,0.41879999999999995
M5455,China,Gansu Dongshuiquan Coal Mine,Operating,0.6282
M5465,China,Yunnan Enhong Coal Mine No. 2 Shaft,Operating,0.41879999999999995
M5467,China,Anhui Haizi Coal Mine Western Shaft,Closed,0.37
M5478,China,Guizhou Xinglong Coal Mine,Operating,0.41879999999999995
M5485,China,Guizhou Shixing Coal Mine,Operating,0.41879999999999995
M5486,China,Guizhou Qunli Coal Mine,Operating,0.41879999999999995
M5490,China,Xinjiang Tianshun Coal Mine,Operating,0.41879999999999995
M5500,China,Shanxi Dayu Coal Mine,Operating,0.41879999999999995
M5501,China,Shanxi Tian'an Runhong Coal Mine,Operating,0.41879999999999995
M5502,China,Shanxi Tian'tai Herui Coal Mine,Operating,0.41879999999999995
M5509,China,Shanxi Xinyi Zhifu Coal Mine,Operating,0.41879999999999995
M5511,China,Shanxi Yuchang Coal Mine,Operating,0.41879999999999995
M5512,China,Shanxi Hongda Xueping Coal Mine,Operating,0.41879999999999995
M5513,China,Shaanxi Huhao Heigou Coal Mine,Operating,0.35597999999999996
M5515,China,Shaanxi Xingelao Coal Mine,Operating,0.3141
M5516,China,Shaanxi Liaoyuan Coal Mine,Operating,0.349
M5518,China,Fujian Cuipingshan Coal Mine,Operating,0.35597999999999996
M5522,China,Shandong Daizhuang Coal Mine,Operating,0.6282
M5523,China,Henan Guanyintang Coal Mine,Operating,0.14658
M5524,China,Henan Yushan Coal Mine,Operating,0.4885999999999999
M5529,China,Heilongjiang Datonggou Coal Mine,Operating,0.41879999999999995
M5536,China,Hebei Taihang Coal Mine,Operating,0.41879999999999995
M5537,China,Hebei Xingtai Coal Mine West Shaft,Operating,0.41879999999999995
M5554,China,Hebei Fengda Coal Mine,Operating,0.41879999999999995
M5555,China,Hebei Sunzhuang Coal Mine,Operating,0.24429999999999996
M5556,China,Hebei Niu'erzhuang Coal Mine,Operating,0.2792
M5563,China,Sichuan Binlang Coal Mine,Operating,0.349
M4761,China,Shaanxi Hancheng Panlong Coal Mine,Operating,0.41879999999999995
M4782,China,Shaanxi Shenmu Banding Liangta Coal Mine,Operating,0.6282
M5154,China,Henan Zhengzhou Xinfeng Coal Mine,Operating,0.41879999999999995
M1210,China,Tianan No. 8 Coal Mine,Operating,2.8268999999999997
M0388,China,Xieqiao Coal Mine,Operating,6.700799999999999
M0394,China,Xinjulong Coal Mine,Operating,4.188
M0407,China,Yeping Coal Mine,Operating,0.8375999999999999
M2234,China,Xinlong Coal Mine,Operating,1.047
M0379,China,Wuju Coal Mine,Operating,2.094
M1427,China,Xianquan Coal Mine,Operating,0.8375999999999999
M0399,China,Xizhuo Coal Mine,Operating,3.4899999999999998
M3200,China,Xunyi County Songjiagou Coal Mine,Closed,0.8928
M3828,China,Yuanzigou Coal Mine,Operating,5.584
M1811,China,Anda Coal Mine,Operating,0.8375999999999999
M2382,China,Hongxing Coal Mine,Operating,0.8375999999999999
M1976,China,Ji'anda Coal Mine,Operating,1.047
M2383,China,Xinzhi Coal Mine,Operating,0.8375999999999999
M1942,China,Yitian Coal Mine,Operating,0.8375999999999999
M2292,China,Zhaiyadi Coal Mine,Operating,1.2214999999999998
M1792,China,Majunyu Coal Mine,Operating,0.8375999999999999
M0236,China,Hequ Jiuxian Coal Mine,Operating,6.9799999999999995
M0240,China,Hongdunzi No. 2 Coal Mine,Operating,1.6751999999999998
M3138,China,Puxian Baozigou Coal Mine,Operating,1.047
M4396,China,Taiyuan Dongfeng Coal Mine,Operating,1.6751999999999998
M2385,China,Liuxiang Coal Mine,Operating,1.6751999999999998
M0397,China,Xinzhuang Coal Mine,Operating,5.584
M1159,China,Liang Bei No.2 Coal Mine,Operating,0.8375999999999999
M0177,China,Balasu Coal Mine,Operating,10.469999999999999
M2449,China,Hongshaliang Surface Coal Mine,Operating,2.094
M1157,China,Kaiyuan Coal Mine,Operating,2.094
M0372,China,Wenjiazhuang Coal Mine,Operating,3.4899999999999998
M1235,China,Xinjing Coal Mine,Operating,3.141
M0405,China,Yangquan No. 1 Coal Mine,Operating,5.933
M0406,China,Yangquan No. 2 Coal Mine,Operating,5.6537999999999995
M3044,China,Chengta Coal Mine,Operating,1.2564
M1998,China,Jinjia Coal Mine,Operating,1.7798999999999998
M3743,China,Jinsha County Xinda Coal Mine East Well,Operating,0.698
M3036,China,Changtan Surface Coal Mine,Operating,13.959999999999999
M1852,China,Dalong Coal Mine,Operating,1.4658
M0208,China,Dingji Coal Mine,Operating,4.188
M1127,China,Gubei Coal Mine,Operating,2.792
M0229,China,Guqiao Coal Mine,Operating,6.282
M1945,China,Hengda Coal Mine,Operating,0.8375999999999999
M1947,China,Hengyuan Coal Mine,Operating,1.396
M1986,China,Jiegou Coal Mine,Operating,0.9771999999999998
M2006,China,Jiudaoling Coal Mine,Operating,0.7678
M2014,China,Kongzhuang Coal Mine,Operating,1.0051199999999998
M0271,China,Kouzi East Coal Mine,Operating,3.4899999999999998
M2017,China,Laohutai Coal Mine,Operating,1.6751999999999998
M2024,China,Linsheng Coal Mine,Operating,0.7678
M0280,China,Liuzhuang Coal Mine,Operating,7.677999999999999
M1185,China,Pan’er Coal Mine,Operating,3.4899999999999998
M1187,China,Qianyingzi Coal Mine,Operating,2.6873
M2082,China,Qidong Coal Mine,Operating,1.2564
M2094,China,Renlou Coal Mine,Operating,1.6751999999999998
M1327,China,Tiefa Daqiang Coal Mine,Operating,1.047
M1321,China,Tiefa Daxing Coal Mine,Operating,1.6751999999999998
M2176,China,Tongting Coal Mine,Operating,1.047
M2210,China,Xiaonan Coal Mine,Operating,1.4658
M2211,China,Xiaoqing Coal Mine,Operating,1.7449999999999999
M2218,China,Xima Coal Mine,Operating,1.047
M2439,China,Xinji No.1 Coal Mine,Operating,1.2564
M2466,China,Xinji No.2 Coal Mine,Operating,1.8846
M2250,China,Xuzhuang Coal Mine,Operating,1.1168
M1241,China,Yaoqiao Coal Mine,Operating,2.9665
M1244,China,Yindonggou Coal Mine,Operating,2.094
M1246,China,Yinxing No. 1 Coal Mine,Operating,4.188
M1332,China,Yinxing No. 2 Coal Mine,Operating,1.5356
M0426,China,Zhangji Coal Mine,Operating,8.5854
M2294,China,Zhangshuanglou Coal Mine,Operating,1.2564
M1254,China,Zhujidong Coal Mine,Operating,2.792
M1255,China,Zhujixi Coal Mine,Operating,2.2336
M2448,China,Chengshan Coal Mine Shaft,Operating,1.3261999999999998
M1881,China,Donghai Coal Mine,Operating,0.8375999999999999
M2464,China,Dongrong No. 2 Coal Mine,Operating,1.8148
M1886,China,Dongrong No. 3 Coal Mine,Operating,2.094
M1887,China,Dongshan Coal Mine,Operating,1.4658
M1909,China,Fuli Coal Mine,Operating,1.2564
M1958,China,Hongyang No. 2 Coal Mine,Operating,1.047
M1959,China,Hongyang No. 3 Coal Mine,Operating,1.6751999999999998
M1156,China,Junde Coal Mine,Operating,3.141
M0299,China,Niaoshan Coal Mine,Operating,0.8375999999999999
M2075,China,Pinggang Coal Mine,Operating,0.8375999999999999
M2096,China,Ronghua No.1 Coal Mine,Operating,1.2564
M2122,China,Shenmu Xinyao Coal Mine,Operating,1.047
M2129,China,Shiyangou Coal Mine,Operating,1.2564
M2222,China,Shuangyashan Xin'an Coal Mine,Operating,1.047
M2354,China,Tianlong Dahaize Coal Mine,Operating,0.698
M1212,China,Tiefa Daping Coal Mine,Operating,2.8268999999999997
M1223,China,Wenjiapo Coal Mine,Operating,2.792
M2204,China,Xiangshan Coal Mine,Operating,1.6751999999999998
M2573,China,Xiangshuihe Coal Mine,Operating,0.8375999999999999
M2207,China,Xiaokang Coal Mine,Operating,1.8148
M1233,China,Xing'an Coal Mine,Operating,1.8846
M2224,China,Xinghua Coal Mine,Operating,1.396
M2235,China,Xinlu Coal Mine,Operating,0.698
M2262,China,Yaoqu Coal Mine,Operating,0.698
M2566,China,Yilan No. 3 Coal Mine,Operating,1.6751999999999998
M2272,China,Yixin Coal Mine,Operating,0.9074
M0200,China,Dahaize Coal Mine,Operating,13.959999999999999
M1122,China,Fugu Qinglongsi Coal Mine,Operating,2.792
M1931,China,Haizemiao Coal Mine,Operating,1.6751999999999998
M1940,China,Hedishan Hongyan Coal Mine,Closed,0.8928
M0234,China,Hejiata Coal Mine,Operating,1.6751999999999998
M0250,China,Huangling Jianzhuang Coal Mine,Operating,3.4899999999999998
M1807,China,1890 Coal Mine,Operating,0.8375999999999999
M2428,China,1930 Coal Mine,Operating,1.047
M1338,China,Algmin Coal Mine,Operating,0.8375999999999999
M5574,China,Beishan Surface Mine,Operating,2.792
M0183,China,Beskuduk Coal Mine,Operating,3.4899999999999998
M1832,China,Changji Tengda Coal Mine,Operating,0.8375999999999999
M2353,China,Dahuangshan Coal Mine No.1 Well,Operating,0.698
M0204,China,Dananhu No. 1 Coal Mine,Operating,6.9799999999999995
M0206,China,Dananhu No. 2 Surface Mine,Operating,9.074
M1112,China,Dananhu No. 7 Mine,Operating,8.376
M1933,China,Hamangou Coal Mine,Operating,0.8375999999999999
M1944,China,Heiyanquan Coal Mine,Operating,0.8375999999999999
M0246,China,Hongshaquan No. 1 Surface Mine,Operating,20.939999999999998
M0247,China,Hongshaquan North Coal Mine,Operating,8.376
M0262,China,Jilangde Coal Mine,Operating,2.792
M2027,China,Liuhuanggou Coal Mine,Operating,1.047
M1171,China,Lu’an Xinjiang Surface Coal Mine,Operating,2.094
M2047,China,Luxin No.2 Coal Mine,Operating,1.5356
M1184,China,Okhobrak Coal Mine,Operating,5.933
M2073,China,Piliqing Surface Coal Mine,Operating,1.047
M0411,China,Yining North No. 2 Coal Mine,Operating,5.584
M1192,China,Shadunzi Coal Mine,Operating,3.4899999999999998
M0321,China,Shajihai No.1 Coal Mine,Operating,3.4899999999999998
M1196,China,Shengxiong Heishan Coal Mine,Operating,2.792
M1197,China,Shenhua Heishan Coal Mine,Operating,11.168
M0345,China,Shitoumei No.1 Coal Mine,Operating,24.43
M2138,China,Sikeshu Coal Mine No.8 Well,Operating,0.8375999999999999
M2160,China,Tashidian No.2 Minefield Coal Mine,Operating,1.2564
M1214,China,Toksun Coal Mine,Operating,2.4429999999999996
M2178,China,Tunbao Coal Mine,Operating,1.8846
M0376,China,Wucaiwan No.1 Surface Mine,Operating,13.959999999999999
M0377,China,Wudong Coal Mine,Operating,4.188
M1234,China,Xingsheng Coal Mine,Operating,9.771999999999998
M2233,China,Xinjiang Kuangou Coal Mine,Operating,1.2564
M0396,China,Xinwen IlI No.1 Coal Mine,Operating,6.9799999999999995
M0408,China,Yili No.4 Coal Mine,Operating,6.282
M0438,China,Zhundong Surface Mine,Operating,24.43
M2399,China,A'erbasi No. 2 Well Coal Mine,Operating,0.8375999999999999
M2406,China,Aojiagou Xiliang Coal Mine,Operating,0.8375999999999999
M1802,China,Baiyunwusu Coal Mine,Operating,0.8375999999999999
M1823,China,Baopingwan Coal Mine,Operating,1.6751999999999998
M1103,China,Bojiang Haizi Coal Mine,Operating,4.188
M0186,China,Buertai Coal Mine,Operating,13.959999999999999
M0193,China,Changcheng No. 5 Coal Mine,Operating,1.2564
M0194,China,Changcheng No. 6 Coal Mine,Operating,1.047
M1110,China,Cuncaota Coal Mine,Operating,1.6751999999999998
M2457,China,Dadi Refined Coal Mine,Operating,1.6751999999999998
M1875,China,Dilibangwusu Coal Mine,Operating,0.8375999999999999
M1876,China,Dingjiaqu Coal Mine,Operating,1.047
M2403,China,Dongbo Coal Mine,Operating,1.2564
M1791,China,Fanjiacun Coal Mine,Operating,2.9316
M2317,China,Fumin Coal Mine,Operating,1.2564
M2355,China,Fuquan Coal Mine,Operating,0.698
M0222,China,Gaotouyao Coal Mine,Operating,6.9799999999999995
M1916,China,Guanban Wusu Coal Mine,Operating,1.6751999999999998
M0224,China,Guanzigou Coal Mine,Operating,5.584
M2455,China,Haibowan Surface Mine,Operating,1.4658
M1949,China,Hongce Coal Mine,Operating,1.6751999999999998
M0241,China,Hongjingta No. 1 Coal Mine,Operating,1.6751999999999998
M0243,China,Hongqinghe Coal Mine,Operating,5.584
M1957,China,Hongya Caol Mine,Operating,1.047
M2441,China,Huangbaici Coal Mine,Operating,1.2564
M0253,China,Huangyuchuan Coal Mine,Operating,9.074
M2404,China,Huatugou Coal Mine,Operating,0.8375999999999999
M1968,China,Huhewusu Coal Mine,Operating,0.8375999999999999
M2429,China,Hulun Buir Yaxing Coal Mine No. 1 Well,Operating,1.047
M0255,China,Hulusu Coal Mine,Operating,5.584
M2390,China,Huneng Dingjialiang Coal Mine,Operating,1.047
M1144,China,Huoluowan Coal Mine,Operating,2.5128
M0258,China,Inner Mongolia Erlintu Coal Mine,Operating,7.677999999999999
M0259,China,Jiangjun Gebi No. 2 Coal Mine,Operating,20.939999999999998
M6695,China,Jinfeng Cuncaota Coal Mine,Operating,1.6751999999999998
M2319,China,Jintai Changtan Coal Mine,Operating,2.094
M2004,China,Jintong Coal Mine,Operating,1.047
M1401,China,Kaida Coal Mine,Operating,1.9543999999999997
M2423,China,Laoshidan Coal Mine,Operating,1.047
M0276,China,Lijiahao Coal Mine,Operating,5.584
M1162,China,Lijiata Coal Mine,Operating,2.094
M1316,China,Limin Coal Mine,Operating,1.047
M2031,China,Liulingou Coal Mine,Operating,1.6751999999999998
M1167,China,Liuta Coal Mine,Operating,2.094
M0282,China,Longwanggou Coal Mine,Operating,10.469999999999999
M3706,China,Changcheng No. 2 Coal Mine,Operating,1.9543999999999997
M1178,China,Manlailiang Coal Mine,Operating,2.5128
M0293,China,Menkeqing Coal Mine,Operating,5.584
M0295,China,Muduchaideng Coal Mine,Operating,4.188
M0296,China,Nalin River No.2 Coal Mine,Operating,5.584
M0297,China,Nalinmiao No.2 Well Coal Mine,Operating,3.4899999999999998
M2065,China,Naoerhao Coal Mine,Operating,1.6751999999999998
M2061,China,Naolinmiao Coal Mine No.1 Well,Operating,1.2564
M2067,China,Nianpanliang No.1 Coal Mine,Operating,1.2564
M2391,China,Ordos Anyuan Coal Mine,Operating,0.8375999999999999
M2389,China,Ordos Coal Mine,Operating,0.8375999999999999
M2465,China,Ordos Hetai Coal Mine,Operating,2.792
M0309,China,Qingchunta Coal Mine,Operating,4.188
M1188,China,Qipanjing Coal Mine,Operating,1.6751999999999998
M2090,China,Qipanjing Mining Company Coal Mine,Operating,0.8375999999999999
M1798,China,Ruiguang Coal Mine,Closed,1.3392
M1190,China,Sai Mengte'er Coal Mine,Operating,2.094
M2392,China,Sanding Coal Mine,Operating,0.8375999999999999
M0318,China,Selian No.2 Coal Mine,Operating,5.584
M2386,China,Shanbula Coal Mine,Operating,0.8375999999999999
M0326,China,Shangwan Coal Mine,Operating,11.168
M0340,China,Shenhua Bulianta Coal Mine,Operating,19.543999999999997
M0344,China,Shilawusu Coal Mine,Operating,5.584
M2136,China,Sidaoliu Coal Mine,Operating,0.8375999999999999
M0351,China,Suancigou Coal Mine,Operating,13.959999999999999
M2144,China,Sujiagou Coal Mine,Operating,1.396
M1204,China,Sunjiahao Coal Mine,Operating,2.094
M2387,China,Taiyuan Coal Mine,Operating,0.8375999999999999
M2154,China,Tanggongta Coal Mine,Operating,1.4658
M0355,China,Tangjiahui Coal Mine,Operating,6.282
M2400,China,Tianyu Coal Mine,Operating,1.2564
M0364,China,Ulan Mulun Coal Mine,Operating,3.5597999999999996
M0367,China,Wangjiata Coal Mine,Operating,5.584
M0369,China,Wanli No.1 Coal Mine,Operating,6.9799999999999995
M2199,China,Wenjiata Coal Mine,Operating,1.6751999999999998
M2450,China,Wuhushan Coal Mine,Operating,1.396
M2361,China,Wurenduxi Coal Mine,Operating,0.8375999999999999
M1230,China,Xiaoyugou Coal Mine,Operating,2.094
M1801,China,Xingheng Coal Mine,Operating,1.047
M2226,China,Xinglong Heidaigou Coal Mine,Operating,1.047
M2236,China,Xinmiao Jinglaoyuan Coal Mine,Operating,0.8375999999999999
M1786,China,Yakeshi Shengli Coal Mine,Operating,1.047
M0404,China,Yangjiacun Coal Mine,Operating,5.584
M2321,China,Yangshita No.1 Coal Mine,Operating,2.094
M2322,China,Yangshita No.2 Coal Mine,Closed,1.7856
M2255,China,Yangta Coal Mine,Operating,1.6751999999999998
M2407,China,Yanjiagou Xindong Coal Mine,Operating,0.8375999999999999
M2260,China,Yaogou Poverty Alleviation Coal Mine,Operating,1.6751999999999998
M2265,China,Yidong Hongxin Coal Mine,Operating,2.792
M2388,China,Yimin Coal Mine,Operating,0.8375999999999999
M0410,China,Yingpanhao Coal Mine,Operating,5.584
M2267,China,Yingshahao Coal Mine,Operating,0.698
M3213,China,Yingyuan Yuchuan Coal Mine,Operating,0.8375999999999999
M2270,China,Yitai Baoshan Coal Mine,Operating,1.2564
M2438,China,Yongzhi Coal Mine,Operating,1.2564
M2279,China,Yuandatan Coal Mine,Operating,6.9799999999999995
M2362,China,Yuanxing Coal Mine,Closed,0.8928
M1248,China,Yushujing Coal Mine,Operating,2.6523999999999996
M2402,China,Zhengfeng Shuangxin Coal Mine,Operating,0.8375999999999999
M0435,China,Zhuanlongwan Coal Mine,Operating,6.9799999999999995
M0437,China,Zhundong South Surface Mine,Operating,27.919999999999998
M2318,China,Gongwusu Coal Mine No. 3 Well,Operating,1.8846
M1882,China,Donghuai Coal Mine No.1 Shaft,Operating,1.2564
M0185,China,Boqizhang Coal Mine,Operating,0.8375999999999999
M0289,China,Maomaoshan Coal Mine,Operating,4.188
M2079,China,Qianhe Coal Mine,Operating,0.8375999999999999
M2083,China,Qingcheng Coal Mine,Operating,1.047
M2084,China,Qingciyao Coal Mine,Operating,0.8375999999999999
M2088,China,Qinxin Coal Mine,Operating,0.8375999999999999
M2089,China,Qinxin Xinyuan Coal Mine,Operating,0.8375999999999999
M2093,China,Que’er'shan Coal Mine,Operating,0.7678
M2097,China,Rongtai Coal Mine,Operating,0.8375999999999999
M1793,China,Ruidong Coal Mine,Operating,0.8375999999999999
M2100,China,Ruilong Coal Mine,Operating,0.8375999999999999
M1315,China,Sanjiaohe Coal Mine,Operating,1.4658
M2103,China,Sanyuan Coal Mine,Operating,1.8148
M2104,China,Sendayuan Coal Mine,Operating,1.047
M2105,China,Sentai Coal Mine,Operating,2.094
M0325,China,Shanghe Coal Mine,Operating,0.8375999999999999
M2108,China,Shangshe Coal Mine,Operating,1.4658
M0327,China,Shangyuquan Coal Mine,Operating,4.885999999999999
M1329,China,Shanxi Jinfu Coal Mine,Operating,1.2564
M0331,China,Shanxi Lu'an Gucheng Coal Mine,Operating,5.584
M1193,China,Shanxi Xiaohuigou Coal Mine,Operating,2.094
M2114,China,Shaoyaohua Coal Mine,Operating,2.094
M1194,China,Shaping Coal Mine,Operating,5.584
M1195,China,Shaqu No.2 Coal Mine,Operating,1.8846
M3155,China,Shenghouyuan Coal Mine,Operating,2.094
M2115,China,Shengli Coal Mine,Operating,1.2564
M2116,China,Shengtai Coal Mine,Operating,1.2564
M2118,China,Shenjiazhuang Coal Mine,Operating,0.8375999999999999
M2123,China,Shennanwa Coal Mine,Operating,0.8375999999999999
M2124,China,Shibangou Coal Mine,Operating,0.8375999999999999
M1198,China,Shifengshan Coal Mine,Operating,2.094
M2125,China,Shihu Coal Mine,Operating,1.8846
M2127,China,Shiquan Coal Mine,Operating,0.8375999999999999
M2132,China,Shouwang Coal Mine,Operating,0.8375999999999999
M3161,China,Shouyangshan Coal Mine,Operating,0.8375999999999999
M1199,China,Shuangliu Coal Mine,Operating,2.094
M1201,China,Shuiyu Coal Mine,Operating,2.792
M1202,China,Shuntong Xin'an Coal Mine,Operating,2.094
M2135,China,Shuozhou Nanyangpo Coal Mine,Operating,2.094
M2137,China,Sihe No.2 Coal Mine,Operating,2.094
M0348,China,Sijiazhuang Coal Mine,Operating,3.141
M2139,China,Silaogou Coal Mine,Operating,2.2336
M1203,China,Sima Coal Mine,Operating,2.094
M1322,China,Simingshan Coal Mine,Operating,0.8375999999999999
M0349,China,Sitai Coal Mine,Operating,1.2564
M2141,China,Sitong Coal Mine,Operating,1.2564
M2146,China,Sunjiagou Coal Mine,Operating,2.094
M2148,China,Tai'an Coal Mine,Operating,1.2564
M1205,China,Taidongshan Coal Mine,Operating,2.094
M2150,China,Taishan Long'an Coal Mine,Operating,2.094
M2181,China,Taitou Coal Mine,Operating,1.047
M2151,China,Taiye Coal Mine,Operating,0.8375999999999999
M2152,China,Taiyue Coal Mine,Operating,1.4658
M2153,China,Tang'an Coal Mine,Operating,1.2564
M2427,China,Tangshangou Coal Mine,Operating,1.047
M2156,China,Tanyaoping Coal Mine,Operating,0.8375999999999999
M2157,China,Tanyaoyu Coal Mine,Operating,1.2564
M2159,China,Tashan Coal Mine Baidong Well,Operating,1.047
M2161,China,Tenghui Coal Mine,Operating,0.8375999999999999
M2170,China,Tianchi Coal Mine,Operating,0.8375999999999999
M2171,China,Tianyu Hengjin Coal Mine,Operating,0.8375999999999999
M2172,China,Tianyu Hengsheng Coal Mine,Operating,1.047
M2173,China,Tiexin Coal Mine,Operating,0.8375999999999999
M2174,China,Tongde Coal Mine,Operating,0.8375999999999999
M2175,China,Tonghua Coal Mine,Operating,1.8148
M3175,China,Tongsheng Anping Coal Mine,Operating,1.047
M0363,China,Tongxin Coal Mine,Operating,11.168
M1215,China,Tunlan Coal Mine,Operating,2.792
M2182,China,Wanfeng Coal Mine,Operating,0.8375999999999999
M0366,China,Wangjialing Coal Mine,Operating,5.234999999999999
M2184,China,Wangjiayu Coal Mine,Operating,0.8375999999999999
M2187,China,Wangjiazhuang Coal Mine,Operating,1.047
M2188,China,Wangling Coal Mine,Operating,1.4658
M2190,China,Wangping Coal Mine,Operating,1.2564
M1217,China,Wangpo Coal Mine,Operating,2.094
M2191,China,Wangtian Coal Mine,Operating,0.8375999999999999
M2193,China,Wangzhuang Coal Mine,Operating,2.094
M2194,China,Wanjiazhuang Coal Mine,Operating,0.8375999999999999
M2195,China,Wantongyuan Coal Mine,Operating,1.4658
M2198,China,Wenjiagou Coal Mine,Operating,1.047
M1797,China,Wenzhuang Coal Mine,Operating,0.8375999999999999
M1224,China,West Well of Sihe Coal Mine,Operating,2.792
M2201,China,Wujia Coal Mine,Operating,0.8375999999999999
M1225,China,Wujiagou Coal Mine,Operating,2.094
M0380,China,Wukuang Guishigou Coal Mine,Operating,3.141
M1228,China,Wuyang Coal Mine,Operating,2.5128
M2461,China,Xiahuo Coal Mine,Operating,1.6751999999999998
M2203,China,Xialiyuan Coal Mine,Operating,1.047
M3821,China,Xiangkuang Shangliang Coal Mine,Operating,0.8375999999999999
M3186,China,Xiangning Shenjiao Coal Mine,Operating,0.8375999999999999
M2206,China,Xiaochang Coal Mine,Operating,1.4658
M2212,China,Xiaoxi Coal Mine,Operating,0.8375999999999999
M2213,China,Xiaoyu Coal Mine,Operating,2.792
M2214,China,Xiashanmao Coal Mine,Operating,0.8375999999999999
M1231,China,Ximing Coal Mine,Operating,2.5128
M2221,China,Xindadi Coal Mine,Operating,1.047
M2425,China,Xinfa Coal Mine,Operating,1.047
M2225,China,Xingjiagou Coal Mine,Operating,0.9074
M2228,China,Xingtao Coal Mine,Operating,1.047
M2229,China,Xingwu Coal Mine,Operating,1.2214999999999998
M2239,China,Xinsheng Coal Mine,Operating,1.2564
M5572,China,Xinyuan UG Coal Mine,Operating,1.8846
M2246,China,Xiongshan Coal Mine,Operating,0.8375999999999999
M2247,China,Xiongshan No. 5 Coal Mine,Operating,0.698
M2248,China,Xipo Coal Mine,Operating,1.4658
M1237,China,Xiqu Coal Mine,Operating,2.792
M0402,China,Yangchan Coal Mine,Operating,0.8375999999999999
M2254,China,Yangpoquan Coal Mine,Operating,2.094
M2257,China,Yankan Chengzhuang Coal Mine,Operating,1.6751999999999998
M2476,China,Yanzishan Coal Mine,Operating,3.3503999999999996
M1787,China,Yaozhai Coal Mine,Operating,0.8375999999999999
M2263,China,Yaozhida Coal Mine,Operating,1.2564
M3826,China,Yicheng Donggou Coal Mine,Operating,1.047
M2268,China,Yinying Coal Mine,Operating,1.6751999999999998
M2269,China,Yishun Coal Mine,Operating,1.2564
M2271,China,Yitang Coal Mine,Operating,1.2564
M2273,China,Yixing Coal Mine,Operating,1.2564
M2274,China,Yiyuan Coal Mine,Operating,1.2564
M2275,China,Yongdingzhuang Coal Mine,Operating,1.396
M2276,China,Yonghong Coal Mine,Operating,0.8375999999999999
M2277,China,Yongsheng Coal Mine,Operating,0.8375999999999999
M2282,China,Yuci Beishan Coal Mine,Operating,0.8375999999999999
M2283,China,Yuecheng Coal Mine,Operating,1.047
M2416,China,Yuejin Coal Mine,Operating,0.8375999999999999
M0416,China,Yuenan Coal Mine,Operating,0.8375999999999999
M2285,China,Yufeng Coal Mine,Operating,0.8375999999999999
M1806,China,Yuhetai Coal Mine,Operating,1.047
M2286,China,Yuhua Coal Mine,Operating,1.047
M2454,China,Yujing Coal Mine,Operating,1.4658
M2289,China,Yulong Coal Mine,Operating,1.2564
M1330,China,Yushupo Coal Mine,Operating,3.4899999999999998
M0421,China,Yuwu Coal Mine,Operating,5.234999999999999
M0422,China,Yuxi Coal Mine,Operating,1.6751999999999998
M2291,China,Zengzifang Coal Mine,Operating,2.094
M2295,China,Zhangzishan Coal Mine,Operating,0.8375999999999999
M2297,China,Zhaojiashan Coal Mine,Operating,0.8375999999999999
M0430,China,Zhaozhuang Coal Mine,Operating,5.584
M2299,China,Zhaozhuang Coal Mine No. 2 Well,Operating,0.8375999999999999
M2300,China,Zhenchengdi Coal Mine,Operating,1.3261999999999998
M0431,China,Zhengbang Coal Mine,Operating,0.8375999999999999
M2302,China,Zhengli Coal Mine,Operating,1.047
M2949,China,Zhengshan Coal Mine,Operating,0.8375999999999999
M1428,China,Zhengwang Coal Mine,Operating,1.047
M2307,China,Zhongxing Coal Mine,Operating,1.047
M2308,China,Zhuangwang Coal Mine,Operating,2.094
M2309,China,Zhuaozhuang Coal Mine,Operating,0.8375999999999999
M2310,China,Zhujiadian Coal Mine,Operating,0.8375999999999999
M2312,China,Zhulinshan Coal Mine,Operating,0.8375999999999999
M1302,China,Zuoquan Xinshun Coal Mine,Operating,1.2564
M1897,China,Fangshan Mugua Coal Mine,Operating,1.2564
M1913,China,Gaojiayao Coal Mine,Operating,3.4899999999999998
M1785,China,Gaojiazhuang Coal Mine,Operating,0.8375999999999999
M3059,China,Gaoping Gaizhou Coal Mine,Operating,1.2564
M3061,China,Gaoping Shouyang Coal Mine,Operating,0.8375999999999999
M3725,China,Gaoyang Coal Mine,Operating,3.141
M1914,China,Gengyang Coal Mine,Operating,1.4658
M1915,China,Gouli Coal Mine,Operating,0.8375999999999999
M1125,China,Guandi Coal Mine,Operating,2.7222
M0223,China,Guangdao Coal Mine,Operating,0.8375999999999999
M1917,China,Guanjiaya Coal Mine,Operating,0.8375999999999999
M1919,China,Guanzhuanghe Coal Mine,Operating,1.047
M1922,China,Gulong Coal Mine,Operating,0.8375999999999999
M3727,China,Guojiao Qianfeng Coal Mine,Operating,0.8375999999999999
M1925,China,Guoqiang Coal Mine,Operating,0.8375999999999999
M1927,China,Guoxing Coal Mine,Operating,1.2564
M1928,China,Guzhuang Coal Mine,Operating,1.047
M1932,China,Hamagou Coal Mine,Operating,0.8375999999999999
M3069,China,Hanjiawa Coal Mine,Operating,1.047
M1934,China,Hanzui Coal Mine,Operating,0.8375999999999999
M1937,China,Haoxingyuan Coal Mine,Operating,1.2564
M1941,China,Heilong Coal Mine,Operating,0.8375999999999999
M1946,China,Hengtai Nanzhuang Coal Mine,Operating,1.047
M1312,China,Heshan Coal Mine,Operating,1.2564
M3731,China,Heshun Longhua Coal Mine,Operating,1.2564
M1948,China,Heshun Lvxin Coal Mine,Operating,1.396
M1130,China,Hexi Coal Mine,Operating,1.9543999999999997
M1953,China,Hongshan Coal Mine,Operating,1.047
M1956,China,Hongxiang Coal Mine,Operating,0.8375999999999999
M1132,China,Hou'an Coal Mine,Operating,3.4899999999999998
M1960,China,Houcun Coal Mine,Operating,0.8375999999999999
M1962,China,Huagou Surface Coal Mine,Operating,1.5356
M3078,China,Huairen Hejiabao Coal Mine,Operating,1.047
M3079,China,Huairen Wujiayao Coal Mine,Operating,1.047
M1963,China,Huangjiagou Coal Mine,Operating,0.8375999999999999
M1964,China,Huanglian Coal Mine,Operating,0.8375999999999999
M3735,China,Huangtupo Xinneng Coal Mine,Operating,0.8375999999999999
M1135,China,Huaning Coal Mine,Operating,2.094
M1136,China,Huarui Coal Mine,Operating,2.094
M1966,China,Huashengrong Coal Mine,Operating,1.4658
M1138,China,Huaxia Coal Mine,Operating,3.7692
M1967,China,Huaye Coal Mine,Operating,0.8375999999999999
M3087,China,Huaying Jintaiyuan Coal Mine,Operating,0.8375999999999999
M1969,China,Hui'an Coal Mine,Operating,1.2564
M1971,China,Huineng Coal Mine,Operating,1.2564
M1972,China,Huipodi Coal Mine,Operating,0.8375999999999999
M1973,China,Hulonggou Coal Mine,Operating,2.094
M1974,China,Huobaoganhe Coal Mine,Operating,1.2564
M1140,China,Huoerxinhe Coal Mine,Operating,2.792
M1978,China,Jiajiagou Coal Mine,Operating,0.698
M1981,China,Jiaochangping Coal Mine,Operating,0.8375999999999999
M2426,China,Jiaojiazhai Coal Mine,Operating,1.047
M1987,China,Jinbangde Coal Mine,Operating,0.8375999999999999
M1990,China,Jinbei Coal Mine,Operating,0.8375999999999999
M1991,China,Jinchen Coal Mine,Operating,0.8375999999999999
M1992,China,Jinda Coal Mine,Operating,1.2564
M1993,China,Jingbao Coal Mine,Operating,0.8375999999999999
M1150,China,Jingfang Coal Mine,Operating,2.094
M0264,China,Jinggong No. 1 Coal Mine,Operating,6.9799999999999995
M0265,China,Jinggong No. 3 Coal Mine,Operating,6.9799999999999995
M1994,China,Jinglu Coal Mine,Operating,0.8375999999999999
M1151,China,Jinhuagong Coal Mine,Operating,2.3731999999999998
M3095,China,Jinhui Longtai Coal Mine,Operating,0.8375999999999999
M1152,China,Jining Coal Mine,Operating,2.094
M1999,China,Jinjiazhuang Coal Mine,Operating,1.2214999999999998
M0269,China,Jinneng Coal Mine,Operating,0.8375999999999999
M2000,China,Jinping Coal Mine,Operating,1.6751999999999998
M2001,China,Jinpushan Coal Mine,Operating,0.9074
M2002,China,Jinrui Coal Mine,Operating,1.047
M2003,China,Jinsheng Yixin Coal Mine,Operating,2.094
M3098,China,Jinxinda Coal Mine,Operating,1.047
M2011,China,Jude Coal Mine,Operating,1.4658
M2012,China,Kaichuan Coal Mine,Operating,0.8375999999999999
M3113,China,Kexing Yunquan Coal Mine,Operating,0.8375999999999999
M3117,China,Lanhua Wangyun Coal Mine,Operating,0.8375999999999999
M3118,China,Lanxian Changheng Coal Mine,Operating,1.047
M1788,China,Laoyaogou Coal Mine,Operating,0.8375999999999999
M2018,China,Liangdu Coal Mine,Operating,0.8375999999999999
M1161,China,Liangjiaqi Coal Mine,Operating,3.4899999999999998
M2020,China,Lijialou Coal Mine,Operating,0.8375999999999999
M2021,China,Lijiayao Coal Mine,Operating,1.2564
M1429,China,Liliu Xinrui Coal Mine,Operating,0.8375999999999999
M3121,China,Linfen Jinniu Coal Mine,Operating,1.047
M2022,China,Lingshi Coal Mine,Operating,0.8375999999999999
M2023,China,Lingzhida Coal Mine,Operating,1.6751999999999998
M3755,China,Linxian Yantou Coal Mine,Operating,0.8375999999999999
M3123,China,Linxian Yumin Coal Mine,Operating,1.2564
M2026,China,Lishi Coal Mine,Operating,0.8375999999999999
M2029,China,Liujialiang Coal Mine,Operating,1.6751999999999998
M2030,China,Liujiazhuang Coal Mine,Operating,0.8375999999999999
M1789,China,Liulin Coal Mine,Operating,1.047
M0279,China,Liushenyu Coal Mine,Operating,0.8375999999999999
M1168,China,Liuwan Coal Mine,Operating,2.094
M2032,China,Liyang Coal Mine,Operating,0.8375999999999999
M2033,China,Liyazhuang Coal Mine,Operating,1.2564
M2034,China,Liyuanhe Coal Mine,Operating,2.094
M1796,China,Longdingshan Coal Mine,Operating,0.8375999999999999
M1169,China,Longquan Coal Mine,Operating,2.792
M3124,China,Lu'an Dongsheng Coal Mine,Operating,0.8375999999999999
M2040,China,Lu'an Guozhuang Coal Mine,Operating,1.2564
M1170,China,Lu'an Licun Coal Mine,Operating,2.094
M0283,China,Lu'an Wangzhuang Coal Mine,Operating,4.955799999999999
M2041,China,Lu'an Xiadian Coal Mine,Operating,1.2564
M2042,China,Lujiayao Coal Mine,Operating,2.094
M2044,China,Luning Coal Mine,Operating,1.2564
M1173,China,Luzigou Coal Mine,Operating,2.094
M2049,China,Mabao Coal Mine,Operating,1.047
M2050,China,Madigou Coal Mine,Operating,0.9074
M2052,China,Maijie Coal Mine,Operating,1.047
M0287,China,Majialiang Coal Mine,Operating,8.376
M3762,China,Majiliang Coal Mine,Operating,4.188
M1176,China,Malan Coal Mine,Operating,2.5128
M2054,China,Maoergou Coal Mine,Operating,1.6751999999999998
M2055,China,Maohua Bailu Coal Mine,Operating,2.094
M2056,China,Maojiazhuang Coal Mine,Operating,1.047
M2058,China,Meiyukou Coal Mine,Operating,1.7449999999999999
M2059,China,Mengjiayao Coal Mine,Operating,2.094
M2062,China,Nancha Coal Mine,Operating,1.2564
M2063,China,Nangou Coal Mine,Operating,1.2564
M2064,China,Nanguan Coal Mine,Operating,0.9771999999999998
M2431,China,Nanyang Coal Mine,Operating,1.047
M1182,China,Nanyangpo Coal Mine,Operating,2.094
M3129,China,Ningwu Desheng Coal Mine,Operating,0.8375999999999999
M2068,China,Niushan Coal Mine,Operating,0.8375999999999999
M2069,China,Nuanquan Coal Mine,Operating,1.047
M0305,China,Pangpangta Coal Mine,Operating,6.9799999999999995
M2076,China,Pingshang Coal Mine,Operating,1.047
M0306,China,Pingshuo East Coal Mine,Operating,17.45
M2394,China,Pulongwan Coal Mine,Operating,0.8375999999999999
M3140,China,Puxian Huasheng Coal Mine,Operating,0.8375999999999999
M2453,China,Dongjiang Coal Mine,Operating,2.094
M2417,China,Dongping Coal Mine,Operating,0.8375999999999999
M1884,China,Dongpo Coal Mine,Operating,1.8846
M1118,China,Dongqu Coal Mine,Operating,2.5128
M1889,China,Dongwabei Coal Mine,Operating,1.6751999999999998
M0210,China,Dongzhouyao Coal Mine,Operating,6.9799999999999995
M1892,China,Dongzhuang Coal Mine,Operating,0.8375999999999999
M1893,China,Duanshi Coal Mine,Operating,0.8375999999999999
M1119,China,Duanwang Coal Mine,Operating,2.094
M1120,China,Duerping Coal Mine,Operating,2.6873
M1894,China,Duizhen Coal Mine,Operating,1.2564
M0347,China,East Well of Sihe Coal Mine,Operating,3.4899999999999998
M1344,China,Ermugou Coal Mine,Operating,0.8375999999999999
M1898,China,Fangshan Xinxing Coal Mine,Operating,0.8375999999999999
M2422,China,Fanpo Coal Mine,Operating,1.2564
M1899,China,Fenghui Coal Mine,Operating,0.8375999999999999
M0214,China,Fenyuan Coal Mine,Operating,0.8375999999999999
M1902,China,Fuda Coal Mine,Operating,0.8375999999999999
M1907,China,Fujiawa Coal Mine,Operating,2.094
M1908,China,Fujiayan Coal Mine,Operating,0.8375999999999999
M3723,China,Fukangyuan Coal Mine,Operating,0.8375999999999999
M1910,China,Fusheng Coal Mine,Operating,0.8375999999999999
M2395,China,Ganzhuang Coal Mine,Operating,0.8375999999999999
M0218,China,Gaohe Coal Mine,Operating,5.234999999999999
M1836,China,Chaokai Surface Coal Mine,Operating,1.047
M0196,China,Chengzhuang Coal Mine,Operating,5.584
M1108,China,China-Coal Tashan Coal Mine,Operating,2.9316
M1109,China,Chiyu Coal Mine,Operating,2.094
M1842,China,Chuanwo Coal Mine,Operating,0.8375999999999999
M1843,China,Ciyaogou Coal Mine,Operating,3.4899999999999998
M1111,China,Daheng Coal Mine,Operating,2.5128
M1855,China,Dangxin Coal Mine,Operating,1.047
M1114,China,Daning Coal Mine,Operating,2.792
M1856,China,Daping Coal Mine,Operating,1.2564
M1860,China,Datong Coal Mine,Operating,0.8375999999999999
M4366,China,Datong Kouquan Coal Mine,Operating,0.8375999999999999
M3717,China,Datong Wajinwan Coal Mine,Operating,0.8375999999999999
M1861,China,Datong Wangcun Coal Mine,Operating,1.047
M2415,China,Daxian Coal Mine,Operating,0.8375999999999999
M1864,China,Dayang Coal Mine,Operating,1.2564
M2414,China,Dayangquan Coal Mine,Operating,0.8375999999999999
M1869,China,Dazhuang Coal Mine,Operating,0.8375999999999999
M1870,China,Dengjiazhuang Coal Mine,Operating,0.8375999999999999
M1873,China,Dianping Coal Mine,Operating,1.8148
M2946,China,Donggucheng Coal Mine,Operating,1.047
M0182,China,Beixinyao Coal Mine,Operating,2.792
M1102,China,Beizu Coal Mine,Operating,2.094
M1828,China,Bofang Coal Mine,Operating,1.4658
M0191,China,Chaigou Coal Mine,Operating,5.584
M1104,China,Changchunxing Coal Mine,Operating,4.188
M3707,China,Changcun Coal Mine,Operating,5.584
M1831,China,Changgou Coal Mine,Operating,0.698
M0195,China,Changping Coal Mine,Operating,3.4899999999999998
M1833,China,Changtai Coal Mine,Operating,0.698
M1320,China,Changxin Coal Mine,Operating,0.8375999999999999
M3039,China,Changzhi Xinchao Coal Mine,Operating,0.8375999999999999
M1800,China,Changzhi Xinjian Coal Mine,Operating,1.047
M3041,China,Changzhi Xishan Coal Mine,Operating,0.8375999999999999
M0358,China,Tashan Coal Mine,Operating,17.45
M1249,China,Zhangcun Coal Mine,Operating,2.792
M0165,China,Anjialing Open-Pit Mine,Operating,17.45
M1813,China,Antai Coal Mine,Operating,1.047
M0166,China,Antaibao Surface Mine,Operating,13.959999999999999
M1814,China,Anxin Coal Mine,Operating,0.8375999999999999
M2430,China,Baiyangling Coal Mine,Operating,1.047
M1821,China,Bao'an Coal Mine,Operating,0.8375999999999999
M0178,China,Baode Coal Mine,Operating,5.584
M1891,China,Dongyu Coal Mine,Operating,1.047
M1790,China,Maidizhang Coal Mine,Operating,0.8375999999999999
M2164,China,Tian'an No.12 Coal Mine,Operating,0.72592
M1975,China,Huoshaopu Coal Mine,Operating,1.9892999999999998
M1846,China,Dabaoding Coal Mine,Operating,0.9423
M1879,China,Dongfeng Coal Mine,Operating,1.047
M1965,China,Huashan Coal Mine,Operating,1.2564
M1984,China,Jiayang Coal Mine,Operating,0.8375999999999999
M2038,China,Longtan Coal Mine,Operating,1.047
M2048,China,Lvshuidong Coal Mine,Operating,0.8375999999999999
M2126,China,Shiping No.1 Coal Mine,Operating,0.698
M2149,China,Taiping Coal Mine,Operating,0.8375999999999999
M1918,China,Guanwen Coal Mine,Operating,0.6282
M1319,China,Linhuan Coal Mine,Operating,1.8148
M2043,China,Luling Coal Mine,Operating,1.6053999999999997
M1325,China,Qinan Coal Mine,Operating,1.8148
M2085,China,Qingdong Coal Mine,Operating,1.2564
M1317,China,Suntuan Coal Mine,Operating,1.8846
M2158,China,Taoyuan Coal Mine,Operating,1.2214999999999998
M2200,China,Wobei Coal Mine,Operating,1.2564
M0392,China,Xinhu Coal Mine,Operating,2.094
M1238,China,Xutuan Coal Mine,Operating,2.4429999999999996
M2253,China,Yangliu Coal Mine,Operating,1.2564
M2281,China,Yuandian Yijing Coal Mine,Operating,1.2564
M2313,China,Zhuxianzhuang Coal Mine,Operating,1.6751999999999998
M2314,China,Zhuzhuang Coal Mine,Closed,1.1904
M2315,China,Zouzhuang Coal Mine,Operating,1.6751999999999998
M1911,China,Fuyuan Hongfa Coal Mine,Operating,1.2564
M3823,China,Xiegou Coal Mine,Operating,10.469999999999999
M1841,China,Chuancao Gedan Coal Mine,Operating,1.6751999999999998
M0248,China,Hongshuliang Coal Mine,Operating,6.9799999999999995
M1977,China,Jiadong Coal Mine,Operating,1.4658
M1983,China,Jiaxinde Coal Mine,Operating,2.094
M2320,China,Ordos Shengxin Coal Mine,Operating,1.047
M2109,China,Shanhou Coal Mine,Operating,1.2564
M0164,China,Anhui Banji Coal Mine,Operating,2.094
M1857,China,Dashe Coal Mine,Operating,1.047
M1858,China,Dashucun Coal Mine,Operating,1.047
M1868,China,Dayuan Coal Mine,Operating,0.8375999999999999
M1117,China,Dongpang Coal Mine,Operating,2.5128
M1923,China,Guoerzhuang Coal Mine,Operating,1.6751999999999998
M2010,China,Jizhong Xin'an Coal Mine,Operating,1.047
M2569,China,Madiliang Coal Mine,Operating,6.9799999999999995
M1183,China,New Shanghai No.1 Coal Mine,Operating,2.792
M2223,China,Xingdong Coal Mine,Operating,0.8724999999999999
M2252,China,Yangdong Coal Mine,Operating,1.047
M1853,China,Dameigou Coal Mine,Operating,0.9074
M1115,China,Donghuantuo Coal Mine,Operating,3.141
M1121,China,Fangezhuang Coal Mine,Operating,3.3503999999999996
M2008,China,Jiulong Coal Mine,Operating,1.17264
M2025,China,Linxi Coal Mine,Operating,1.047
M1174,China,Lvjiatuo Coal Mine,Operating,2.3034
M0307,China,Qianjiaying Coal Mine,Operating,3.7692
M1207,China,Tangshan Coal Mine,Operating,2.094
M1219,China,Wanniang Coal Mine,Operating,2.094
M1227,China,Wutongzhuang Coal Mine,Operating,2.094
M1247,China,Yuka No. 1 Coal Mine,Operating,2.792
M1826,China,Bide Tengqing Coal Mine,Operating,0.8375999999999999
M4330,China,Dafang Xiaotun Coal Mine,Operating,0.8375999999999999
M1862,China,Dawan Coal Mine East Well,Operating,0.8375999999999999
M1896,China,Faer Coal Mine,Operating,1.2564
M4328,China,Jinsha Linhua Coal Mine,Operating,1.047
M4331,China,Jinsha Longgong Coal Mine,Operating,0.8375999999999999
M3748,China,Jinsha Yongsheng Coal Mine,Operating,0.6282
M2552,China,Longfeng Coal Mine,Operating,0.8375999999999999
M2045,China,Lutang Coal Mine,Operating,1.13076
M0290,China,Mayixi No.1 Coal Mine,Operating,0.8375999999999999
M2408,China,Nuodong Coal Mine,Operating,0.8375999999999999
M4332,China,Panxian Dongli Coal Mine,Operating,0.8375999999999999
M2412,China,Qianxi Xintian Coal Mine,Operating,0.8375999999999999
M2087,China,Qinglong Coal Mine,Operating,0.8375999999999999
M2110,China,Shanjiaoshu Coal Mine,Operating,2.1637999999999997
M4394,China,Shuicheng Baoxing Coal Mine,Operating,1.047
M3799,China,Shuicheng Panzhihua Coal Mine,Operating,0.8375999999999999
M2410,China,Sijichun Coal Mine,Operating,0.8375999999999999
M2142,China,Songhe Coal Mine,Operating,1.6751999999999998
M2177,China,Tucheng Coal Mine,Operating,2.792
M2380,China,Wangjiazhai Coal Mine Inclined Shaft Coal Mine,Operating,0.8375999999999999
M2424,China,Wangjiazhai Pingdong Coal Mine,Operating,1.047
M2418,China,Wenjiaba No.1 Coal Mine,Operating,0.8375999999999999
M2202,China,Wulunshan Coal Mine,Operating,1.047
M2460,China,Xiangshui Coal Mine Botu area,Operating,2.094
M4411,China,Xiangshui Coal Mine Hexi area,Operating,0.698
M2284,China,Yueliangtian Coal Mine,Operating,1.2564
M1452,China,Zhijin Feitian Coal Mine,Operating,1.4658
M2303,China,Zhongling Coal Mine No. 1 Shaft,Operating,1.1517
M4418,China,Zhongshan Naluozhai Coal Mine,Operating,1.2564
M1817,China,Baiping Coal Mine,Operating,1.2564
M1912,China,Gaocheng Coal Mine,Operating,1.047
M2071,China,Peigou Coal Mine,Operating,1.2564
M1251,China,Zhaojiazhai Coal Mine,Operating,2.094
M1834,China,Chaochuan Coal Mine No. 1 Well,Operating,1.2564
M1835,China,Chaohua Coal Mine,Closed,0.8928
M0198,China,Dafanpu Coal Mine,Operating,4.537
M2131,China,Shoushan No.1 Coal Mine,Operating,1.6751999999999998
M2162,China,Tian'an No.10 Coal Mine,Operating,1.84272
M2163,China,Tian'an No.11 Coal Mine,Operating,2.0102399999999996
M2165,China,Tian'an No.13 Coal Mine,Operating,1.4658
M2166,China,Tian'an No.2 Coal Mine,Operating,1.6053999999999997
M2167,China,Tian'an No.4 Coal Mine,Operating,1.89856
M2168,China,Tian'an No.5 Coal Mine,Operating,1.3261999999999998
M1208,China,Tianan No. 1 Coal Mine,Operating,2.2336
M1209,China,Tianan No. 6 Coal Mine,Operating,2.2336
M1220,China,Xinzhen Coal Mine,Operating,3.141
M0420,China,Yuwang No.1 Coal Mine,Operating,2.094
M1837,China,Cheji Coal Mine,Operating,1.9543999999999997
M1107,China,Chensilou Coal Mine,Operating,2.2336
M1865,China,Dayou Changcun Coal Mine,Operating,1.2564
M1866,China,Dayou Shihao Coal Mine,Operating,0.8375999999999999
M1867,China,Dayou Xin'an Coal Mine,Operating,1.2564
M1124,China,Gengcun Coal Mine,Operating,2.5128
M1920,China,Guhanshan Coal Mine,Operating,0.9771999999999998
M1938,China,Hebi No. 3 Coal Mine,Operating,0.9423
M1939,China,Hebi No. 6 Coal Mine,Operating,0.9074
M1951,China,Hongqi No. 1 Coal Mine,Operating,0.7329
M2007,China,Jiulishan Coal Mine,Operating,0.698
M0272,China,Liang Bei Coal Mine,Operating,1.6751999999999998
M2060,China,Mengjin Coal Mine,Operating,0.8375999999999999
M2074,China,Pingdingshan Zhangcun Coal Mine,Operating,1.047
M2077,China,Pingyu No.1 Coal Mine,Operating,1.047
M2080,China,Qianqiu Coal Mine,Operating,1.047
M2092,China,Quandian Coal Mine,Operating,1.4658
M2117,China,Shenhuo Xinzhuang Coal Mine,Operating,1.2564
M2192,China,Wangxingzhuang Coal Mine,Operating,0.8375999999999999
M0381,China,Xiadian Coal Mine,Operating,1.047
M2238,China,Xinqiao Coal Mine,Operating,1.4658
M2245,China,Xinyi Coal Mine,Operating,0.8375999999999999
M2249,China,Xuehu Coal Mine,Operating,0.8375999999999999
M1250,China,Zhaogu No. 1 Coal Mine,Operating,2.094
M2296,China,Zhaogu No.2 Coal Mine,Operating,1.2564
M2301,China,Zhengcun Coal Mine,Operating,0.8375999999999999
M2304,China,Zhongmacun Coal Mine,Operating,0.698
M2306,China,Zhongtai Coal Mine,Operating,1.047
M0238,China,Hetaoyu Coal Mine,Operating,5.584
M1818,China,Baizhuang Coal Mine,Operating,0.9771999999999998
M0179,China,Baodian Coal Mine,Operating,4.188
M1101,China,Bayangol Coal Mine,Operating,5.584
M1827,China,Binhu Coal Mine,Operating,0.7678
M1829,China,Chaili Coal Mine,Operating,1.6751999999999998
M1839,China,Chenjiagou Coal Mine,Operating,1.047
M2459,China,Daliu Coal Mine,Operating,1.6751999999999998
M1859,China,Dashuitou Coal Mine,Operating,1.5356
M1888,China,Dongshan Xinyi Coal Mine,Operating,0.7329
M0209,China,Dongtan Coal Mine,Operating,5.234999999999999
M1890,China,Dongxia Coal Mine,Operating,1.047
M1901,China,Fucun Coal Mine,Operating,1.8846
M1123,China,Gaozhuang Coal Mine,Operating,2.094
M1926,China,Guotun Coal Mine,Operating,1.6751999999999998
M1929,China,Haishiwan Coal Mine,Operating,1.2564
M1950,China,Honghui No. 1 Coal Mine,Operating,1.4239199999999999
M1952,China,Hongshagang No. 1 Coal Mine,Operating,1.6751999999999998
M1137,China,Huating Coal Mine,Operating,2.3034
M1980,China,Jiangzhuang Coal Mine,Operating,1.396
M1996,China,Jinhe Coal Mine,Operating,0.8375999999999999
M1997,China,Jining Gucheng Coal Mine,Operating,0.6282
M1153,China,Jining No. 2 Coal Mine,Operating,2.7222
M0266,China,Jining No. 3 Coal Mine,Operating,4.188
M1160,China,Liangbaosi Coal Mine,Operating,2.3034
M2019,China,Liangjia Coal Mine,Operating,1.5356
M2039,China,Yuncheng Lilou Coal Mine,Operating,1.3261999999999998
M2046,China,Luwa Coal Mine,Operating,0.8375999999999999
M2057,China,Matigou Coal Mine,Closed,0.8928
M1304,China,Nantun Coal Mine,Operating,1.8846
M2091,China,Qiwu Coal Mine,Operating,0.698
M2112,China,Shanxian Zhangji Coal Mine,Operating,0.8375999999999999
M2113,China,Shanzhai Coal Mine,Operating,1.2564
M2145,China,Suncun Coal Mine,Closed,0.8184
M1206,China,Tangkou Coal Mine,Operating,1.8846
M2155,China,Tangyang Coal Mine,Operating,0.7678
M2169,China,Tianchen Coal Mine,Operating,1.047
M2183,China,Wangjiashan Coal Mine No.4 Well,Operating,1.6751999999999998
M2189,China,Wanglou Coal Mine,Operating,0.698
M1221,China,Weijiadi Coal Mine,Operating,2.094
M4407,China,Weishan Cuizhuang Coal Mine,Operating,0.7678
M2217,China,Xiezhuang Coal Mine,Operating,0.8375999999999999
M1232,China,Xin'an Coal Mine,Operating,2.4429999999999996
M2219,China,Xinbai Coal Mine,Operating,1.047
M0390,China,Xinglongzhuang Coal Mine,Operating,4.188
M2244,China,Xinyao Coal Mine,Operating,1.047
M1239,China,Yanbei Coal Mine,Operating,3.3503999999999996
M2251,China,Yangcheng Coal Mine,Operating,1.3261999999999998
M2258,China,Yanzhou Yangcun Coal Mine,Operating,0.8026999999999999
M2261,China,Yaojie No. 3 Coal Mine,Operating,1.2564
M2293,China,Zhaizhen Coal Mine,Operating,1.1865999999999999
M1252,China,Zhaolou Coal Mine,Operating,2.3034
M6807,China,Hutubi Xiaogangou Coal Mine,Operating,1.047
M1179,China,Mataihao Coal Mine,Operating,6.9799999999999995
M2143,China,Songshan Coal Mine,Operating,1.2564
M0353,China,Talahao Coal Mine,Operating,8.376
M3756,China,Lishi Yongju Coal Mine,Operating,1.047
M2133,China,Shuangyang Coal Mine,Operating,1.396
M1819,China,Baliancheng Coal Mine,Operating,1.8846
M1820,China,Banshi Coal Mine,Operating,1.6751999999999998
M0202,China,Daliuta Coal Mine,Operating,12.564
M1877,China,Dongbaowei Coal Mine,Operating,1.047
M1921,China,Gulianhe Surface Coal Mine,Operating,0.8375999999999999
M0256,China,Huojitu Well Of Daliuta Coal Mine,Operating,10.469999999999999
M1989,China,Jinbaotun Coal Mine,Operating,1.5356
M2009,China,Jixian Coal Mine,Operating,1.2564
M2036,China,Longhu Coal Mine,Operating,2.094
M2037,China,Longjiabao Coal Mine,Operating,1.396
M2121,China,Shenmu Jiayuan Coal Mine,Operating,3.4899999999999998
M2179,China,Ulansetai Coal Mine,Operating,1.2564
M2232,China,Xinjian Coal Mine,Operating,1.3261999999999998
M2237,China,Xinqiang Coal Mine,Operating,0.9771999999999998
M2240,China,Xintie Coal Mine,Operating,0.8375999999999999
M2243,China,Xinxing Coal Mine,Operating,1.047
M2266,China,Yingcheng Coal Mine,Operating,0.8375999999999999
M1129,China,Hanjiawan Coal Mine,Operating,2.792
M2120,China,Shenmu Dongchuan Coal Mine,Operating,2.094
M0170,China,Baishihu Surface Mine,Operating,24.43
M0350,China,Songxinzhuang Coal Mine,Operating,1.047
M1218,China,Wangwa No.2 Coal Mine,Operating,2.5128
M1815,China,Baijigou Coal Mine,Operating,1.1168
M2484,China,Dajing Mining Area No. 2 Mine,Operating,4.188
M0239,China,Hongdunzi No. 1 Coal Mine,Operating,1.6751999999999998
M2356,China,Hongshiwan Coal Mine,Operating,0.7678
M1149,China,Jinfeng Coal Mine,Operating,3.0712
M1165,China,Lingxin Coal Mine,Operating,2.7222
M1175,China,Maiduoshan mine,Operating,5.584
M0291,China,Meihuajing Coal Mine,Operating,8.376
M0302,China,Ningxia Hongliu Coal Mine,Operating,5.584
M0311,China,Qingshuiying Coal Mine,Operating,3.4899999999999998
M1189,China,Renjiazhuang Coal Mine,Operating,2.792
M0342,China,Shicaocun Coal Mine,Operating,4.188
M1200,China,Shuangma No.1 Coal Mine,Operating,3.0712
M0403,China,Yangchangwan Coal Mine,Operating,8.376
M0424,China,Zaoquan Coal Mine,Operating,5.584
M1943,China,Heilonggou Coal Mine,Operating,1.047
M2106,China,Shagoucha Coal Mine,Operating,1.4658
M2130,China,Shiyaodian Coal Mine,Operating,3.4899999999999998
M1154,China,Jinjiaqu Coal Mine,Operating,2.792
M1333,China,Juxin Coal Mine,Operating,2.094
M0334,China,Shaozhai Coal Mine,Operating,1.6751999999999998
M0317,China,Selian No.1 Coal Mine,Operating,5.584
M1430,China,Zijin Coal Mine,Operating,0.8375999999999999
M1099,China,Anshan Coal Mine,Operating,2.7222
M0187,China,Buliangou Coal Mine,Operating,12.564
M0199,China,Dafosi Coal Mine,Operating,5.584
M0213,China,Fengjiata Coal Mine,Operating,5.584
M0219,China,Gaojiabao Coal Mine,Operating,3.4899999999999998
M0220,China,Gaojialiang No.1 Coal Mine,Operating,5.933
M0226,China,Guojiahe Coal Mine,Operating,3.4899999999999998
M1128,China,Guojiawan Coal Mine,Operating,5.584
M0231,China,Halagou Coal Mine,Operating,11.168
M0233,China,Hecaogou Coal Mine,Operating,3.4899999999999998
M0242,China,Hongliulin Coal Mine,Operating,12.564
M0244,China,Hongqingliang Coal Mine,Operating,4.188
M0251,China,Huangling No. 1 Coal Mine,Operating,4.188
M0252,China,Huangling No. 2 Coal Mine,Operating,5.584
M0254,China,Hujiahe Coal Mine,Operating,3.141
M1147,China,Jianxin Coal Mine,Operating,2.792
M0267,China,Jinjie Coal Mine,Operating,12.564
M0268,China,Jinjitan Coal Mine,Operating,11.866
M0274,China,Liangshuijing Coal Mine,Operating,5.584
M1166,China,Linyou Cuimu Coal Mine,Operating,2.5128
M0292,China,Mengcun Coal Mine,Operating,4.188
M0301,China,Ningtiaota Coal Mine,Operating,13.959999999999999
M1191,China,Sandaogou Coal Mine,Operating,6.282
M1328,China,Shaanxi Yidong Coal Mine,Operating,3.4899999999999998
M2180,China,Shenmu Longde Coal Mine,Operating,6.9799999999999995
M1399,China,Shenshupan Coal Mine,Operating,2.3034
M0343,China,Shigetai Coal Mine,Operating,8.376
M0352,China,Sunjiacha Coal Mine,Operating,6.9799999999999995
M0359,China,Tianshuibu No.2 Coal Mine,Operating,1.6751999999999998
M0362,China,Tingnan Coal Mine,Operating,3.141
M0370,China,Weijiamao Open Pit Mine,Operating,10.469999999999999
M1222,China,Weiqiang Coal Mine,Operating,4.188
M0382,China,Xiaobaodang No.1 Coal Mine,Operating,13.959999999999999
M0383,China,Xiaobaodang No.2 Coal Mine,Operating,9.074
M0384,China,Xiaojiawa Coal Mine,Operating,8.376
M0385,China,Xiaojihan Coal Mine,Operating,8.376
M0387,China,Xiaozhuang Coal Mine,Operating,4.188
M0398,China,Xiwan Surface Coal Mine,Operating,9.074
M0401,China,Yadian Coal Mine,Operating,2.792
M1240,China,Yanghuopan Coal Mine,Operating,4.188
M0417,China,Yujialiang Coal Mine,Operating,9.074
M0419,China,Yushuwan Coal Mine,Operating,12.564
M0427,China,Zhangjiamao Coal Mine,Operating,7.677999999999999
M1816,China,Bailu Coal Mine,Operating,0.8375999999999999
M1830,China,Chang'an Coal Mine,Operating,1.6751999999999998
M1840,China,Chenjiashan Coal Mine,Operating,1.2564
M1844,China,Cuijiagou Coal Mine,Operating,1.3611
M1847,China,Dabianyao Coal Mine,Operating,1.047
M1400,China,Daliangwan Coal Mine,Operating,3.4899999999999998
M1854,China,Dangjiahe Coal Mine,Operating,1.047
M1878,China,Dongdong Coal Mine,Operating,0.8375999999999999
M1883,China,Dongjiahe Coal Mine,Operating,0.8375999999999999
M0212,China,Fangjiapan Coal Mine,Operating,0.8375999999999999
M1903,China,Fugu Baoshan Coal Mine,Operating,0.8375999999999999
M1924,China,Fugu Guojiawan Coal Mine,Operating,1.4658
M1906,China,Fugu Yilong Coal Mine,Operating,0.8375999999999999
M1126,China,Guantun Coal Mine,Operating,2.094
M1930,China,Haiwan Coal Mine,Operating,1.6751999999999998
M0232,China,Hanglaiwan Coal Mine,Operating,6.9799999999999995
M1955,China,Hongshiyan Coal Mine,Operating,0.8375999999999999
M1970,China,Huibao Coal Mine,Operating,3.4899999999999998
M1145,China,Huoshizui Coal Mine,Operating,2.094
M1982,China,Jiaojiagou Coal Mine,Operating,0.8375999999999999
M2015,China,Langwoqu Coal Mine,Operating,2.094
M2051,China,Mahuangliang Coal Mine,Operating,1.6751999999999998
M1181,China,Nanliang Coal Mine,Operating,2.094
M2066,China,Nengdong Coal Mine,Operating,1.047
M1324,China,Qianshuta Coal Mine,Operating,1.2564
M2081,China,Qianyangwa Coal Mine,Operating,1.2564
M2571,China,Qinggangping Coal Mine,Operating,0.8375999999999999
M2099,China,Ruifeng Coal Mine,Operating,1.6751999999999998
M2101,China,Sangshuping Coal Mine,Operating,1.047
M2376,China,Sanjiang Energy Coal Mine,Operating,1.6751999999999998
M1311,China,Shaanxi Anyang Coal Mine,Operating,0.8375999999999999
M0323,China,Shaliang Coal Mine,Operating,0.8375999999999999
M2119,China,Shenmu Cuijiagou Coal Mine,Operating,1.8148
M0346,China,Shuangshan Coal Mine,Operating,1.6751999999999998
M2134,China,Shuiliandong Coal Mine,Operating,0.9423
M1229,China,Xiagou Coal Mine,Operating,1.8846
M2215,China,Xiashijie Coal Mine,Operating,1.2564
M2216,China,Xiayukou Coal Mine,Operating,0.9423
M2227,China,Xingshengmin Coal Mine,Operating,0.8375999999999999
M2256,China,Yanjiahe Coal Mine,Operating,1.2564
M1245,China,Yinhe Coal Mine,Operating,2.792
M2287,China,Yuhua Coal Mine Chaijiagou Well,Operating,0.698
M2288,China,Yuhua Coal Mine Yuhua Well,Operating,1.6751999999999998
M2298,China,Zhaojin Coal Mine,Operating,1.2564
M1326,China,Zhaoxian Coal Mine,Operating,1.6751999999999998
M2311,China,Zhujiamao Coal Mine,Operating,2.792
M1180,China,Nahui Coal Mine,Operating,2.094
M0249,China,Hongsi Coal Mine,Operating,2.094
M1177,China,Maliantai Coal Mine,Operating,2.792
M0319,China,Shaanxi Caojiatan Coal Mine,Operating,17.45
M2922,China,Baijialiang Coal Mine,Operating,0.6282
M2368,China,Baotong Coal Mine,Operating,0.8375999999999999
M1105,China,Changxu Surface Mine,Operating,2.792
M1874,China,Dianshigou Surface Coal Mine,Operating,2.094
M0230,China,Haerwusu Surface Mine,Operating,24.43
M0235,China,Hengshi Coal Mine,Operating,0.8375999999999999
M2371,China,Huafu Coal Mine,Operating,1.6751999999999998
M3738,China,Inner Mongolia Yuantong Changfu Surface Mine,Operating,1.047
M2437,China,Jingwei Coal Mine,Operating,2.5128
M1155,China,Jinzhengtai Surface Mine,Operating,3.4899999999999998
M3103,China,Jungar Bu'erdong Coal Mine,Operating,0.8375999999999999
M3107,China,Jungar Zhunlian Coal Mine,Operating,1.2564
M0270,China,Kabuqi Coal Mine,Operating,0.8375999999999999
M2401,China,Kuli Huoshatu Coal Mine,Operating,0.8375999999999999
M1418,China,Lijiaqu Coal Mine,Operating,0.8375999999999999
M2367,China,Mengxi Coal Mine,Operating,1.2564
M1804,China,Mo'ergou Coal Mine,Operating,0.8375999999999999
M2365,China,Nahugou Coal Mine,Operating,0.8375999999999999
M0341,China,Shenhua Heidaigou Surface Coal Mine,Operating,23.732
M1213,China,Tingziyan Surface Mine,Operating,2.094
M2379,China,Wanqi Jinghua Coal Mine,Operating,0.8375999999999999
M2381,China,Wuhai Xinxing Coal Mine,Operating,0.8375999999999999
M1226,China,Wujiata Surface Mine,Operating,2.792
M2452,China,Wulanhada Coal Mine,Operating,3.4899999999999998
M2242,China,Xinxin Coal Mine,Operating,1.6751999999999998
M1242,China,Yidong Gucheng Coal Mine,Operating,2.094
M2290,China,Yunjialing Coal Mine,Operating,1.2564
M1346,China,Balongtu Surface Mine,Operating,3.4899999999999998
M1106,China,Chaonaoliang Coal Mine,Operating,5.584
M1872,China,Desheng No. 3 Coal Mine,Operating,0.8375999999999999
M1871,China,Desheng No.2 Coal Mine,Closed,0.8928
M2316,China,Hedong Baijialiang Coal Mine,Operating,1.6751999999999998
M1799,China,Hengbo Coal Mine,Operating,1.6751999999999998
M2373,China,Hongran Coal Mine,Operating,0.8375999999999999
M1133,China,Huajian Surface Mine,Operating,4.188
M1139,China,Huilong Surface Mine,Operating,4.188
M2147,China,Sunsangou Coal Mine,Operating,1.2564
M1805,China,Yangbaoqu Coal Mine,Operating,0.8375999999999999
M2372,China,Baoli Coal Mine,Operating,2.094
M0221,China,Gaoshangou Coal Mine,Operating,0.8375999999999999
M1936,China,Haolailiang Caol Mine,Operating,1.396
M1131,China,Hongfeng Surface Mine,Operating,3.4899999999999998
M1808,China,Houwenjialiang Coal Mine,Operating,1.2564
M2053,China,Manlailiang Surface Mine,Operating,1.6751999999999998
M2377,China,Mengxi Xinyuan Coal Mine,Operating,0.8375999999999999
M0294,China,Minda Surface Mine,Operating,5.584
M1186,China,Qianjin Surface Mine,Operating,3.4899999999999998
M2366,China,Qianligou Wolong Coal Mine,Operating,0.8375999999999999
M2095,China,Rongheng Surface Mine,Operating,1.6751999999999998
M2098,China,Ruide Coal Mine,Operating,1.2564
M1795,China,Shuiquan Surface Coal Mine,Operating,0.8375999999999999
M2370,China,Tengyuan Coal Mine,Operating,1.6751999999999998
M2378,China,Yongshun Coal Mine,Operating,1.6751999999999998
M0298,China,Nayuan Surface Coal Mine,Operating,4.188
M3773,China,Ordos Jinyun Coal Mine,Operating,1.6751999999999998
M1988,China,Jinbao Coal Mine,Operating,2.094
M2305,China,Zhongneng Yi'an Coal Mine,Operating,1.2564
M1985,China,Jidong Coal Mine,Operating,1.047
M2209,China,Xiaoming Coal Mine,Operating,0.8375999999999999
M1303,China,Xinglong Coal Mine,Operating,0.8375999999999999
M2280,China,Yuandian Erjing Coal Mine,Operating,1.2564
M1323,China,Xinyan Coal Mine,Operating,1.6751999999999998
M4708,China,Inner Mongolia Dalat Banner Yangchang Coal Mine,Operating,1.2564
M4718,China,Inner Mongolia Jungar Banner Dongda Coal Mine,Operating,1.2564
M4721,China,Inner Mongolia Wenyu Coal Mine,Operating,0.8375999999999999
M4737,China,Heilongjiang Dongrong No. 1 Coal Mine,Operating,1.2564
M4765,China,Shaanxi Fugu Hongjian Coal Mine,Operating,0.8375999999999999
M4770,China,Shaanxi Fugu Tongyuan Coal Mine,Operating,1.047
M4780,China,Shaanxi Shenmu Hepan Coal Mine,Operating,1.2564
M4790,China,Gansu Zhangye Huacaotan Coal Mine,Operating,1.2564
M4792,China,Gansu Pingliang Xin'an Coal Mine,Operating,1.047
M4800,China,Xinjiang Hutubi Xigou Coal Mine,Operating,0.8375999999999999
M4811,China,Xinjiang Heishantou Surface Mine,Operating,2.792
M4812,China,Xinjiang Yushuling Coal Mine,Operating,0.8375999999999999
M4819,China,Shanxi Lüliang Lishi Yongning Coal Mine,Operating,0.8375999999999999
M4827,China,Baotou Energy Shenshan Coal Mine,Operating,0.8375999999999999
M4828,China,Shanxi Xiyang Beiping Coal Mine,Operating,2.094
M5043,China,Shanxi Cilinshan Coal Mine,Operating,0.8375999999999999
M4829,China,Shanxi Heilongguan Coal Mine,Operating,0.8375999999999999
M4834,China,Shanxi Jiafeng Coal Mie,Operating,0.8375999999999999
M4837,China,Shanxi Changdu Coal Mine,Operating,0.8375999999999999
M4840,China,Shanxi Yide Coal Mine,Operating,0.8375999999999999
M4843,China,Shanxi Jingu Coal Mine,Operating,0.8375999999999999
M4855,China,Shanxi Yangquan Tian'an Coal Mine,Operating,0.6282
M4858,China,Inner Mongolia Xinyuan Coal Mine,Operating,1.047
M4860,China,Inner Mongolia Dalat Banner Li Wuxing Coal Mine,Operating,1.6751999999999998
M4861,China,Inner Mongolia Dalat Banner Gaotouyao Coal Mine,Operating,1.6751999999999998
M4862,China,Inner Mongolia Ejin Horo Banner Delong Coal Mine,Operating,0.41879999999999995
M4866,China,Inner Mongolia Jungar Banner Dashiquan Coal Mine,Operating,0.8375999999999999
M4868,China,Inner Mongolia Yiyuan Coal Mine,Operating,0.698
M4870,China,Inner Mongolia Ordos Zhangjialiang Coal Mine,Operating,0.698
M4871,China,Inner Mongolia Ordos Bayin Mengke Coal Mine,Operating,0.8375999999999999
M4873,China,Inner Mongolia Jungar Banner Zhaoerchengqu Coal Mine,Operating,0.8375999999999999
M4874,China,Inner Mongolia Jungar Banner Gaoxigou Coal Mine,Operating,0.8375999999999999
M4875,China,Inner Mongolia Otog Banner Ergetu Coal Mine,Operating,0.8375999999999999
M4877,China,Inner Mongolia Ordos Luotuoshan Coal Mine,Operating,0.41879999999999995
M4878,China,Inner Mongolia Zhifu Coal Mine,Operating,0.8375999999999999
M4880,China,Inner Mongolia Qingshuihe Liuhuliang Coal Mine,Operating,0.698
M4888,China,Inner Mongolia Damiaoqu Coal Mine,Operating,0.8375999999999999
M4889,China,Inner Mongolia Wulanqu Coal Mine,Operating,0.8375999999999999
M4891,China,Inner Mongolia Jungar Banner Gongjiata Coal Mine,Operating,0.8375999999999999
M4894,China,Inner Mongolia Jungar Banner Shilian Coal Mine,Operating,0.8375999999999999
M4895,China,Jungar Banner Zhuozheng Coal Mine,Operating,0.8375999999999999
M4928,China,Inner Mongolia Yanjiata Coal Mine,Operating,0.8375999999999999
M4929,China,Inner Mongolia Xingwang Coal Mine,Operating,3.4899999999999998
M4945,China,Xinjiang Jimsar Shuntong Coal Mine,Operating,0.8375999999999999
M4952,China,Shaanxi Shenmu Shengbo Coal Mine,Operating,0.8375999999999999
M4979,China,Shaanxi Shenmu Dequan Coal Mine,Operating,1.2564
M4996,China,Shaanxi Yan'an Hecaogou Coal Mine No.1 Coal Mine,Operating,0.41879999999999995
M5006,China,Shaanxi Zichang Nanjiazui Coal Mine,Operating,1.047
M5010,China,Shaanxi Hengyuan Group Zhaojialiang Coal Mine,Operating,1.2564
M5011,China,Shaanxi Shenfu 31 Coal Mine,Operating,0.8375999999999999
M5012,China,Shaanxi Shenmu Chaoyuan Coal Mine,Operating,1.2564
M5013,China,Shaanxi Shenmu Kunyuan Coal Mine,Operating,2.094
M5015,China,Shaanxi Shenmu Runbang Coal Mine,Operating,2.094
M5016,China,Shaanxi Shenmu Hujiata Coal Mine,Operating,3.4899999999999998
M5017,China,Shaanxi Shenmu Geliugou Coal Mine,Operating,0.8375999999999999
M5019,China,Shaanxi Yulin Changlebao Coal Mine,Operating,0.8375999999999999
M5105,China,Shanxi Puxian Haojinyuan Coal Mine,Operating,0.41879999999999995
M5123,China,Yunnan Fuyuan Xiongda Coal Mine,Operating,1.047
M5138,China,Henan Chengjiao Coal Mine,Operating,2.5128
M5150,China,Henan Jinling Coal Mine,Operating,0.8375999999999999
M5190,China,Shanxi Shouyang Yongzhong Coal Mine,Operating,0.8375999999999999
M5206,China,Pansan Coal Mine,Operating,3.4899999999999998
M5207,China,Shanxi Datong Coking No. 1 Coal Mine,Operating,1.047
M5208,China,Shanxi Hesheng Coal Mine,Operating,0.8375999999999999
M5221,China,Shanxi Zhuangzihe Coal Mine,Operating,0.8375999999999999
M5270,China,Xinjiang Baiyanghe Mining Area 106 Regiment Coal Mine,Operating,1.2564
M5332,China,Inner Mongolia Duijiugou Coal Mine,Operating,0.8375999999999999
M5333,China,Inner Mongolia Dianli Mandula Coal Mine,Operating,0.8375999999999999
M5347,China,Guizhou Sanbao Coal Mine,Operating,1.047
M5411,China,Shaanxi Anli Coal Mine,Operating,0.698
M5413,China,Shaanxi Chenghe No. 2 Coal Mine,Operating,0.8375999999999999
M5423,China,Shaanxi Wantaiming Coal Mine,Operating,1.047
M5432,China,Henan Wuguiqiao Coal Mine,Operating,0.3141
M5488,China,Xinjiang Muchang Surface Coal Mine,Operating,1.396
M0335,China,Shaqu No.1 Coal Mine,Operating,3.141
