COUNTRY_CODE,YEAR,EMISSIONS_CH4_KT,EMISSIONS_TYPE,EMISSIONS_ESTIMATED_FLAG,SOURCE_EMISSIONS,SOURCE_PRODUCTION,SOURCE_INTENSITY,SOURCE_ALL,ANNEX_FLAG
AFG,1990,1.31,Report,false,UNFCCC,,,UNFCCC,false
AFG,1991,1.1727619575802153,Estimate,true,,EIA,UNFCCC,EIA-UNFCCC,false
AFG,1992,0.09980951626405091,Estimate,true,,EIA,UNFCCC,EIA-UNFCCC,false
AFG,1993,0.08733334087880626,Estimate,true,,EIA,UNFCCC,EIA-UNFCCC,false
AFG,1994,0.07485716549356163,Estimate,true,,EIA,UNFCCC,EIA-UNFCCC,false
AFG,1995,0.062380990108317005,Estimate,true,,EIA,UNFCCC,EIA-UNFCCC,false
AFG,1996,0.037428526155733895,Estimate,true,,EIA,UNFCCC,EIA-UNFCCC,false
AFG,1997,0.024952350770489268,Estimate,true,,EIA,UNFCCC,EIA-UNFCCC,false
AFG,1998,0.024952350770489268,Estimate,true,,EIA,UNFCCC,EIA-UNFCCC,false
AFG,1999,0.012476175385244634,Estimate,true,,EIA,UNFCCC,EIA-UNFCCC,false
AFG,2000,0.012476175385244634,Estimate,true,,EIA,UNFCCC,EIA-UNFCCC,false
AFG,2001,0.3243810127447358,Estimate,true,,EIA,UNFCCC,EIA-UNFCCC,false
AFG,2002,0.2620000226364188,Estimate,true,,EIA,UNFCCC,EIA-UNFCCC,false
AFG,2003,0.4366667043940313,Estimate,true,,EIA,UNFCCC,EIA-UNFCCC,false
AFG,2004,0.42419052900878673,Estimate,true,,EIA,UNFCCC,EIA-UNFCCC,false
AFG,2005,1.3,Report,false,UNFCCC,,,UNFCCC,false
AFG,2006,1.3787881495271506,Estimate,true,,EIA,UNFCCC,EIA-UNFCCC,false
AFG,2007,9.572728539787065,Estimate,true,,EIA,UNFCCC,EIA-UNFCCC,false
AFG,2008,13.669698734917022,Estimate,true,,EIA,UNFCCC,EIA-UNFCCC,false
AFG,2009,19.69697233938499,Estimate,true,,EIA,UNFCCC,EIA-UNFCCC,false
AFG,2010,1.3,Report,false,UNFCCC,,,UNFCCC,false
AFG,2011,2.113367265644011,Estimate,true,,EIA,UNFCCC,EIA-UNFCCC,false
AFG,2012,1.42,Report,false,UNFCCC,,,UNFCCC,false
AFG,2013,1.5207714439016407,Estimate,true,,EIA,UNFCCC,EIA-UNFCCC,false
AFG,2014,1.9468458773953896,Estimate,true,,EIA,UNFCCC,EIA-UNFCCC,false
AFG,2015,1.42,Report,false,UNFCCC,,,UNFCCC,false
AFG,2016,1.45,Report,false,UNFCCC,,,UNFCCC,false
AFG,2017,1.49,Report,false,UNFCCC,,,UNFCCC,false
AFG,2018,2.0435962587980665,Estimate,true,,EIA,UNFCCC,EIA-UNFCCC,false
AFG,2019,2.167843693677785,Estimate,true,,EIA,UNFCCC,EIA-UNFCCC,false
AFG,2020,1.2750749776518324,Estimate,true,,EIA,UNFCCC,EIA-UNFCCC,false
AFG,2021,1.935620880274504,Estimate,true,,EIA,UNFCCC,EIA-UNFCCC,false
AFG,2022,3.5168390976455486,Estimate,true,,EIA,UNFCCC,EIA-UNFCCC,false
AFG,2023,0.5519068976850622,Estimate,true,,EIA,UNFCCC,EIA-UNFCCC,false
AFG,2024,0.8466014296465589,Estimate,true,,EIA,UNFCCC,EIA-UNFCCC,false
AFG,2025,21.8,Estimate,true,GEM,,,GEM,false
ALB,1990,0.0,Estimate,true,,EIA,UNFCCC,EIA-UNFCCC,false
ALB,1991,0.0,Estimate,true,,EIA,UNFCCC,EIA-UNFCCC,false
ALB,1992,0.0,Estimate,true,,EIA,UNFCCC,EIA-UNFCCC,false
ALB,1993,0.0,Estimate,true,,EIA,UNFCCC,EIA-UNFCCC,false
ALB,1994,0.0,Estimate,true,,EIA,UNFCCC,EIA-UNFCCC,false
ALB,1995,0.0,Estimate,true,,EIA,UNFCCC,EIA-UNFCCC,false
ALB,1996,0.0,Estimate,true,,EIA,UNFCCC,EIA-UNFCCC,false
ALB,1997,0.0,Estimate,true,,EIA,UNFCCC,EIA-UNFCCC,false
ALB,1998,0.0,Estimate,true,,EIA,UNFCCC,EIA-UNFCCC,false
ALB,1999,0.0,Estimate,true,,EIA,UNFCCC,EIA-UNFCCC,false
ALB,2000,0.0,Estimate,true,,EIA,UNFCCC,EIA-UNFCCC,false
ALB,2001,0.0,Estimate,true,,EIA,UNFCCC,EIA-UNFCCC,false
ALB,2002,0.0,Estimate,true,,EIA,UNFCCC,EIA-UNFCCC,false
ALB,2003,0.0,Estimate,true,,EIA,UNFCCC,EIA-UNFCCC,false
ALB,2004,0.0,Estimate,true,,EIA,UNFCCC,EIA-UNFCCC,false
ALB,2005,0.0,Report,false,UNFCCC,,,UNFCCC,false
ALB,2006,0.0,Estimate,true,,EIA,UNFCCC,EIA-UNFCCC,false
ALB,2007,0.0,Estimate,true,,EIA,UNFCCC,EIA-UNFCCC,false
ALB,2008,0.0,Estimate,true,,EIA,UNFCCC,EIA-UNFCCC,false
ALB,2009,0.0,Estimate,true,,EIA,UNFCCC,EIA-UNFCCC,false
ALB,2010,0.0,Estimate,true,,EIA,UNFCCC,EIA-UNFCCC,false
ALB,2011,0.0,Estimate,true,,EIA,UNFCCC,EIA-UNFCCC,false
ALB,2012,0.0,Estimate,true,,EIA,UNFCCC,EIA-UNFCCC,false
ALB,2013,0.0,Estimate,true,,EIA,UNFCCC,EIA-UNFCCC,false
ALB,2014,0.0,Estimate,true,,EIA,UNFCCC,EIA-UNFCCC,false
ALB,2015,0.0,Estimate,true,,EIA,UNFCCC,EIA-UNFCCC,false
ALB,2016,0.0,Estimate,true,,EIA,UNFCCC,EIA-UNFCCC,false
ALB,2017,0.0,Estimate,true,,EIA,UNFCCC,EIA-UNFCCC,false
ALB,2018,0.0,Estimate,true,,EIA,UNFCCC,EIA-UNFCCC,false
ALB,2019,0.0,Estimate,true,,EIA,UNFCCC,EIA-UNFCCC,false
ALB,2020,0.0,Estimate,true,,EIA,UNFCCC,EIA-UNFCCC,false
ALB,2021,0.06493005672302635,Report,false,UNFCCC,,,UNFCCC,false
ALB,2022,0.04997453234068877,Report,false,UNFCCC,,,UNFCCC,false
ALB,2023,0.062431066082133474,Estimate,true,,EIA,UNFCCC,EIA-UNFCCC,false
ALB,2024,0.03385840644977821,Estimate,true,,EIA,UNFCCC,EIA-UNFCCC,false
ARG,1990,11.7,Report,false,UNFCCC,,,UNFCCC,false
ARG,1991,12.378260869565272,Estimate,true,,EIA,UNFCCC,EIA-UNFCCC,false
ARG,1992,8.563043478260976,Estimate,true,,EIA,UNFCCC,EIA-UNFCCC,false
ARG,1993,7.121739130434867,Estimate,true,,EIA,UNFCCC,EIA-UNFCCC,false
ARG,1994,14.7,Report,false,UNFCCC,,,UNFCCC,false
ARG,1995,12.920749279538688,Estimate,true,,EIA,UNFCCC,EIA-UNFCCC,false
ARG,1996,13.132564841498596,Estimate,true,,EIA,UNFCCC,EIA-UNFCCC,false
ARG,1997,10.6,Report,false,UNFCCC,,,UNFCCC,false
ARG,1998,12.247011952191418,Estimate,true,,EIA,UNFCCC,EIA-UNFCCC,false
ARG,1999,14.189641434262786,Estimate,true,,EIA,UNFCCC,EIA-UNFCCC,false
ARG,2000,11.0,Report,false,UNFCCC,,,UNFCCC,false
ARG,2001,7.899613899614007,Estimate,true,,EIA,UNFCCC,EIA-UNFCCC,false
ARG,2002,4.11968793436293,Estimate,true,,EIA,UNFCCC,EIA-UNFCCC,false
ARG,2003,3.822393822393819,Estimate,true,,EIA,UNFCCC,EIA-UNFCCC,false
ARG,2004,3.9498069498069457,Estimate,true,,EIA,UNFCCC,EIA-UNFCCC,false
ARG,2005,4.0772200772200735,Estimate,true,,EIA,UNFCCC,EIA-UNFCCC,false
ARG,2006,3.567567567567564,Estimate,true,,EIA,UNFCCC,EIA-UNFCCC,false
ARG,2007,4.459459459459455,Estimate,true,,EIA,UNFCCC,EIA-UNFCCC,false
ARG,2008,3.864864864864862,Estimate,true,,EIA,UNFCCC,EIA-UNFCCC,false
ARG,2009,3.2277992277992245,Estimate,true,,EIA,UNFCCC,EIA-UNFCCC,false
ARG,2010,2.0,Report,false,UNFCCC,,,UNFCCC,false
ARG,2011,2.1118012422360244,Estimate,true,,EIA,UNFCCC,EIA-UNFCCC,false
ARG,2012,2.9,Report,false,UNFCCC,,,UNFCCC,false
ARG,2013,2.12,Report,false,UNFCCC,,,UNFCCC,false
ARG,2014,1.51,Report,false,UNFCCC,,,UNFCCC,false
ARG,2015,0.9,Report,false,UNFCCC,,,UNFCCC,false
ARG,2016,0.62,Report,false,UNFCCC,,,UNFCCC,false
ARG,2017,0.52,Report,false,UNFCCC,,,UNFCCC,false
ARG,2018,1.6,Report,false,UNFCCC,,,UNFCCC,false
ARG,2019,1.4844449205389487,Estimate,true,,EIA,UNFCCC,EIA-UNFCCC,false
ARG,2020,0.52,Report,false,UNFCCC,,,UNFCCC,false
ARG,2021,0.53,Report,false,UNFCCC,,,UNFCCC,false
ARG,2022,0.53,Report,false,UNFCCC,,,UNFCCC,false
ARG,2023,0.44169974591142175,Estimate,true,,EIA,UNFCCC,EIA-UNFCCC,false
ARG,2024,0.042935082731031776,Estimate,true,,EIA,UNFCCC,EIA-UNFCCC,false
ARG,2025,0.3,Estimate,true,GEM,,,GEM,false
AUS,1990,871.2126944972758,Report,false,UNFCCC,,,UNFCCC,true
AUS,1991,885.6704172360064,Report,false,UNFCCC,,,UNFCCC,true
AUS,1992,923.4122599924046,Report,false,UNFCCC,,,UNFCCC,true
AUS,1993,930.099591161155,Report,false,UNFCCC,,,UNFCCC,true
AUS,1994,856.2164655548407,Report,false,UNFCCC,,,UNFCCC,true
AUS,1995,857.1245280266724,Report,false,UNFCCC,,,UNFCCC,true
AUS,1996,876.4779531295517,Report,false,UNFCCC,,,UNFCCC,true
AUS,1997,973.631801030466,Report,false,UNFCCC,,,UNFCCC,true
AUS,1998,1013.887422121828,Report,false,UNFCCC,,,UNFCCC,true
AUS,1999,943.9723025653858,Report,false,UNFCCC,,,UNFCCC,true
AUS,2000,1016.4735463519592,Report,false,UNFCCC,,,UNFCCC,true
AUS,2001,1006.6031857470812,Report,false,UNFCCC,,,UNFCCC,true
AUS,2002,982.8329145914215,Report,false,UNFCCC,,,UNFCCC,true
AUS,2003,970.6787586711546,Report,false,UNFCCC,,,UNFCCC,true
AUS,2004,990.0987147434504,Report,false,UNFCCC,,,UNFCCC,true
AUS,2005,1068.1622641627857,Report,false,UNFCCC,,,UNFCCC,true
AUS,2006,1099.876107847167,Report,false,UNFCCC,,,UNFCCC,true
AUS,2007,1192.598790521782,Report,false,UNFCCC,,,UNFCCC,true
AUS,2008,1163.1872847223094,Report,false,UNFCCC,,,UNFCCC,true
AUS,2009,1138.6399828567176,Report,false,UNFCCC,,,UNFCCC,true
AUS,2010,1101.1741925541546,Report,false,UNFCCC,,,UNFCCC,true
AUS,2011,1069.8394849087044,Report,false,UNFCCC,,,UNFCCC,true
AUS,2012,1070.7972097693028,Report,false,UNFCCC,,,UNFCCC,true
AUS,2013,1063.8263633793974,Report,false,UNFCCC,,,UNFCCC,true
AUS,2014,991.6123307231139,Report,false,UNFCCC,,,UNFCCC,true
AUS,2015,1096.7986239235245,Report,false,UNFCCC,,,UNFCCC,true
AUS,2016,1087.0996615685249,Report,false,UNFCCC,,,UNFCCC,true
AUS,2017,1041.7338186998788,Report,false,UNFCCC,,,UNFCCC,true
AUS,2018,1063.4125665912013,Report,false,UNFCCC,,,UNFCCC,true
AUS,2019,973.8227226706666,Report,false,UNFCCC,,,UNFCCC,true
AUS,2020,1003.5591333580707,Report,false,UNFCCC,,,UNFCCC,true
AUS,2021,931.8107257320826,Report,false,UNFCCC,,,UNFCCC,true
AUS,2022,861.5130985280853,Report,false,UNFCCC,,,UNFCCC,true
AUS,2023,888.4199956318997,Report,false,UNFCCC,,,UNFCCC,true
AUS,2024,822.0169646056521,Report,false,UNFCCC,,,UNFCCC,true
AUS,2025,2373.4,Estimate,true,GEM,,,GEM,true
AUS,2025,1686.12,Estimate,true,IEA,,,IEA,true
AUS,2025,782.0544212773744,Forecast,true,,IEA,UNFCCC,IEA-UNFCCC,true
AUS,2026,752.178184958913,Forecast,true,,IEA,UNFCCC,IEA-UNFCCC,true
AUS,2027,769.7524416168316,Forecast,true,,IEA,UNFCCC,IEA-UNFCCC,true
AUS,2028,752.3732592078159,Forecast,true,,IEA,UNFCCC,IEA-UNFCCC,true
AUS,2029,735.3877401479376,Forecast,true,,IEA,UNFCCC,IEA-UNFCCC,true
AUS,2030,720.5445229746597,Forecast,true,,IEA,UNFCCC,IEA-UNFCCC,true
AUT,1990,13.328819602,Report,false,UNFCCC,,,UNFCCC,true
AUT,1991,7.245427972,Report,false,UNFCCC,,,UNFCCC,true
AUT,1992,7.692635753,Report,false,UNFCCC,,,UNFCCC,true
AUT,1993,6.574235439,Report,false,UNFCCC,,,UNFCCC,true
AUT,1994,2.255039636,Report,false,UNFCCC,,,UNFCCC,true
AUT,1995,1.473698433,Report,false,UNFCCC,,,UNFCCC,true
AUT,1996,0.965138551,Report,false,UNFCCC,,,UNFCCC,true
AUT,1997,0.984493913,Report,false,UNFCCC,,,UNFCCC,true
AUT,1998,0.993027971,Report,false,UNFCCC,,,UNFCCC,true
AUT,1999,0.990664948,Report,false,UNFCCC,,,UNFCCC,true
AUT,2000,1.087764899,Report,false,UNFCCC,,,UNFCCC,true
AUT,2001,1.050093278,Report,false,UNFCCC,,,UNFCCC,true
AUT,2002,1.229694349,Report,false,UNFCCC,,,UNFCCC,true
AUT,2003,1.003725593,Report,false,UNFCCC,,,UNFCCC,true
AUT,2004,0.205030787,Report,false,UNFCCC,,,UNFCCC,true
AUT,2005,0.005372328,Report,false,UNFCCC,,,UNFCCC,true
AUT,2006,0.005815667,Report,false,UNFCCC,,,UNFCCC,true
BEL,1990,15.83076,Report,false,UNFCCC,,,UNFCCC,true
BEL,1991,10.27914,Report,false,UNFCCC,,,UNFCCC,true
BEL,1992,5.33119,Report,false,UNFCCC,,,UNFCCC,true
BEL,1993,2.5393,Report,false,UNFCCC,,,UNFCCC,true
BEL,1994,2.45488,Report,false,UNFCCC,,,UNFCCC,true
BEL,1995,2.38185,Report,false,UNFCCC,,,UNFCCC,true
BEL,1996,2.31619,Report,false,UNFCCC,,,UNFCCC,true
BEL,1997,2.25656,Report,false,UNFCCC,,,UNFCCC,true
BEL,1998,2.20564,Report,false,UNFCCC,,,UNFCCC,true
BEL,1999,2.15807,Report,false,UNFCCC,,,UNFCCC,true
BEL,2000,2.11787,Report,false,UNFCCC,,,UNFCCC,true
BEL,2001,2.07566,Report,false,UNFCCC,,,UNFCCC,true
BEL,2002,2.03881,Report,false,UNFCCC,,,UNFCCC,true
BEL,2003,2.00397,Report,false,UNFCCC,,,UNFCCC,true
BEL,2004,1.97114,Report,false,UNFCCC,,,UNFCCC,true
BEL,2005,1.93831,Report,false,UNFCCC,,,UNFCCC,true
BEL,2006,1.91151,Report,false,UNFCCC,,,UNFCCC,true
BEL,2007,1.88069,Report,false,UNFCCC,,,UNFCCC,true
BEL,2008,1.85523,Report,false,UNFCCC,,,UNFCCC,true
BEL,2009,1.83044,Report,false,UNFCCC,,,UNFCCC,true
BEL,2010,1.80565,Report,false,UNFCCC,,,UNFCCC,true
BEL,2011,1.7822,Report,false,UNFCCC,,,UNFCCC,true
BEL,2012,1.75875,Report,false,UNFCCC,,,UNFCCC,true
BEL,2013,1.73932,Report,false,UNFCCC,,,UNFCCC,true
BEL,2014,1.71721,Report,false,UNFCCC,,,UNFCCC,true
BEL,2015,1.69912,Report,false,UNFCCC,,,UNFCCC,true
BEL,2016,1.68103,Report,false,UNFCCC,,,UNFCCC,true
BEL,2017,1.64485,Report,false,UNFCCC,,,UNFCCC,true
BEL,2018,1.6281,Report,false,UNFCCC,,,UNFCCC,true
BEL,2019,1.61135,Report,false,UNFCCC,,,UNFCCC,true
BEL,2020,1.59527,Report,false,UNFCCC,,,UNFCCC,true
BEL,2021,1.57919,Report,false,UNFCCC,,,UNFCCC,true
BEL,2022,1.5678,Report,false,UNFCCC,,,UNFCCC,true
BEL,2023,1.33799,Report,false,UNFCCC,,,UNFCCC,true
BEL,2024,1.32459,Report,false,UNFCCC,,,UNFCCC,true
BGD,2025,12.5,Estimate,true,GEM,,,GEM,
BGR,1990,77.2371466155516,Report,false,UNFCCC,,,UNFCCC,true
BGR,1991,65.50092195509225,Report,false,UNFCCC,,,UNFCCC,true
BGR,1992,72.70754582349927,Report,false,UNFCCC,,,UNFCCC,true
BGR,1993,72.77077456228304,Report,false,UNFCCC,,,UNFCCC,true
BGR,1994,67.97079904276252,Report,false,UNFCCC,,,UNFCCC,true
BGR,1995,70.45249409034874,Report,false,UNFCCC,,,UNFCCC,true
BGR,1996,68.50453213857185,Report,false,UNFCCC,,,UNFCCC,true
BGR,1997,61.72175652852046,Report,false,UNFCCC,,,UNFCCC,true
BGR,1998,51.66187923135084,Report,false,UNFCCC,,,UNFCCC,true
BGR,1999,40.97829067649248,Report,false,UNFCCC,,,UNFCCC,true
BGR,2000,44.0423872596424,Report,false,UNFCCC,,,UNFCCC,true
BGR,2001,39.38500403769027,Report,false,UNFCCC,,,UNFCCC,true
BGR,2002,49.6686389832007,Report,false,UNFCCC,,,UNFCCC,true
BGR,2003,55.57244519656961,Report,false,UNFCCC,,,UNFCCC,true
BGR,2004,37.88554487583287,Report,false,UNFCCC,,,UNFCCC,true
BGR,2005,37.68897824649488,Report,false,UNFCCC,,,UNFCCC,true
BGR,2006,32.05139222621639,Report,false,UNFCCC,,,UNFCCC,true
BGR,2007,37.79523959942566,Report,false,UNFCCC,,,UNFCCC,true
BGR,2008,38.46030278962149,Report,false,UNFCCC,,,UNFCCC,true
BGR,2009,38.34194036736645,Report,false,UNFCCC,,,UNFCCC,true
BGR,2010,40.39740077745251,Report,false,UNFCCC,,,UNFCCC,true
BGR,2011,48.38680001052912,Report,false,UNFCCC,,,UNFCCC,true
BGR,2012,42.46086249479894,Report,false,UNFCCC,,,UNFCCC,true
BGR,2013,36.21498192115187,Report,false,UNFCCC,,,UNFCCC,true
BGR,2014,37.26208135250886,Report,false,UNFCCC,,,UNFCCC,true
BGR,2015,42.09255374250384,Report,false,UNFCCC,,,UNFCCC,true
BGR,2016,38.12358191450905,Report,false,UNFCCC,,,UNFCCC,true
BGR,2017,41.91567996158788,Report,false,UNFCCC,,,UNFCCC,true
BGR,2018,36.08513164909914,Report,false,UNFCCC,,,UNFCCC,true
BGR,2019,32.5257567472114,Report,false,UNFCCC,,,UNFCCC,true
BGR,2020,26.83415374264418,Report,false,UNFCCC,,,UNFCCC,true
BGR,2021,31.468203786634266,Report,false,UNFCCC,,,UNFCCC,true
BGR,2022,37.279755126090805,Report,false,UNFCCC,,,UNFCCC,true
BGR,2023,24.202464917750124,Report,false,UNFCCC,,,UNFCCC,true
BGR,2024,18.64473412555486,Report,false,UNFCCC,,,UNFCCC,true
BGR,2025,13.299999999999999,Estimate,true,GEM,,,GEM,true
BGR,2025,20.5563887406229,Forecast,true,,IEA,UNFCCC,IEA-UNFCCC,true
BGR,2026,20.344980023992175,Forecast,true,,IEA,UNFCCC,IEA-UNFCCC,true
BGR,2027,19.126270951650348,Forecast,true,,IEA,UNFCCC,IEA-UNFCCC,true
BGR,2028,18.355250926291227,Forecast,true,,IEA,UNFCCC,IEA-UNFCCC,true
BGR,2029,17.61532041808369,Forecast,true,,IEA,UNFCCC,IEA-UNFCCC,true
BGR,2030,16.905235846341665,Forecast,true,,IEA,UNFCCC,IEA-UNFCCC,true
BIH,1990,76.1,Report,false,UNFCCC,,,UNFCCC,false
BIH,1992,8.41763393297361,Estimate,true,,EIA,UNFCCC,EIA-UNFCCC,false
BIH,1993,7.2952827419103725,Estimate,true,,EIA,UNFCCC,EIA-UNFCCC,false
BIH,1994,7.85645833744194,Estimate,true,,EIA,UNFCCC,EIA-UNFCCC,false
BIH,1995,9.203279766717548,Estimate,true,,EIA,UNFCCC,EIA-UNFCCC,false
BIH,1996,9.48386756448374,Estimate,true,,EIA,UNFCCC,EIA-UNFCCC,false
BIH,1997,30.60090522433636,Estimate,true,,EIA,UNFCCC,EIA-UNFCCC,false
BIH,1998,39.47870314564575,Estimate,true,,EIA,UNFCCC,EIA-UNFCCC,false
BIH,1999,38.00281132939772,Estimate,true,,EIA,UNFCCC,EIA-UNFCCC,false
BIH,2000,41.74585255159328,Estimate,true,,EIA,UNFCCC,EIA-UNFCCC,false
BIH,2001,42.37998097454395,Estimate,true,,EIA,UNFCCC,EIA-UNFCCC,false
BIH,2002,44.75054479322806,Estimate,true,,EIA,UNFCCC,EIA-UNFCCC,false
BIH,2003,40.24758490834541,Estimate,true,,EIA,UNFCCC,EIA-UNFCCC,false
BIH,2004,31.647048769526304,Estimate,true,,EIA,UNFCCC,EIA-UNFCCC,false
BIH,2005,32.35625126364719,Estimate,true,,EIA,UNFCCC,EIA-UNFCCC,false
BIH,2006,33.08474136298649,Estimate,true,,EIA,UNFCCC,EIA-UNFCCC,false
BIH,2007,34.41927865847607,Estimate,true,,EIA,UNFCCC,EIA-UNFCCC,false
BIH,2008,37.93933675778715,Estimate,true,,EIA,UNFCCC,EIA-UNFCCC,false
BIH,2009,37.62255313410958,Estimate,true,,EIA,UNFCCC,EIA-UNFCCC,false
BIH,2010,35.87789748989363,Estimate,true,,EIA,UNFCCC,EIA-UNFCCC,false
BIH,2011,39.856144239444326,Estimate,true,,EIA,UNFCCC,EIA-UNFCCC,false
BIH,2012,39.11694129798633,Estimate,true,,EIA,UNFCCC,EIA-UNFCCC,false
BIH,2013,35.0,Report,false,UNFCCC,,,UNFCCC,false
BIH,2014,29.0,Report,false,UNFCCC,,,UNFCCC,false
BIH,2015,28.436531476069995,Estimate,true,,EIA,UNFCCC,EIA-UNFCCC,false
BIH,2016,30.575565642703822,Estimate,true,,EIA,UNFCCC,EIA-UNFCCC,false
BIH,2017,33.53536999321704,Estimate,true,,EIA,UNFCCC,EIA-UNFCCC,false
BIH,2018,33.02689331454276,Estimate,true,,EIA,UNFCCC,EIA-UNFCCC,false
BIH,2019,30.836662951685955,Estimate,true,,EIA,UNFCCC,EIA-UNFCCC,false
BIH,2020,29.071393464779764,Estimate,true,,EIA,UNFCCC,EIA-UNFCCC,false
BIH,2021,31.409177073385866,Estimate,true,,EIA,UNFCCC,EIA-UNFCCC,false
BIH,2022,62.505726113330745,Estimate,true,,EIA,UNFCCC,EIA-UNFCCC,false
BIH,2023,54.9850457858807,Estimate,true,,EIA,UNFCCC,EIA-UNFCCC,false
BIH,2024,55.48024629025885,Estimate,true,,EIA,UNFCCC,EIA-UNFCCC,false
BIH,2025,10.9,Estimate,true,GEM,,,GEM,false
BRA,1990,49.7,Report,false,UNFCCC,,,UNFCCC,false
BRA,1991,54.3,Report,false,UNFCCC,,,UNFCCC,false
BRA,1992,44.2,Report,false,UNFCCC,,,UNFCCC,false
BRA,1993,47.0,Report,false,UNFCCC,,,UNFCCC,false
BRA,1994,42.4,Report,false,UNFCCC,,,UNFCCC,false
BRA,1995,41.1,Report,false,UNFCCC,,,UNFCCC,false
BRA,1996,25.5,Report,false,UNFCCC,,,UNFCCC,false
BRA,1997,32.6,Report,false,UNFCCC,,,UNFCCC,false
BRA,1998,33.0,Report,false,UNFCCC,,,UNFCCC,false
BRA,1999,34.0,Report,false,UNFCCC,,,UNFCCC,false
BRA,2000,43.3,Report,false,UNFCCC,,,UNFCCC,false
BRA,2001,60.0,Report,false,UNFCCC,,,UNFCCC,false
BRA,2002,44.0,Report,false,UNFCCC,,,UNFCCC,false
BRA,2003,41.0,Report,false,UNFCCC,,,UNFCCC,false
BRA,2004,48.0,Report,false,UNFCCC,,,UNFCCC,false
BRA,2005,49.1,Report,false,UNFCCC,,,UNFCCC,false
BRA,2006,48.3,Report,false,UNFCCC,,,UNFCCC,false
BRA,2007,54.9,Report,false,UNFCCC,,,UNFCCC,false
BRA,2008,58.6,Report,false,UNFCCC,,,UNFCCC,false
BRA,2009,52.3,Report,false,UNFCCC,,,UNFCCC,false
BRA,2010,39.2,Report,false,UNFCCC,,,UNFCCC,false
BRA,2011,43.4,Report,false,UNFCCC,,,UNFCCC,false
BRA,2012,41.0,Report,false,UNFCCC,,,UNFCCC,false
BRA,2013,60.1,Report,false,UNFCCC,,,UNFCCC,false
BRA,2014,54.2,Report,false,UNFCCC,,,UNFCCC,false
BRA,2015,51.5,Report,false,UNFCCC,,,UNFCCC,false
BRA,2016,56.8,Report,false,UNFCCC,,,UNFCCC,false
BRA,2017,39.074832262669524,Estimate,true,,EIA,UNFCCC,EIA-UNFCCC,false
BRA,2018,39.225171848679516,Estimate,true,,EIA,UNFCCC,EIA-UNFCCC,false
BRA,2019,43.864284482512495,Estimate,true,,EIA,UNFCCC,EIA-UNFCCC,false
BRA,2020,39.9,Report,false,UNFCCC,,,UNFCCC,false
BRA,2021,52.63,Report,false,UNFCCC,,,UNFCCC,false
BRA,2022,50.26,Report,false,UNFCCC,,,UNFCCC,false
BRA,2023,53.28545528339513,Estimate,true,,EIA,UNFCCC,EIA-UNFCCC,false
BRA,2024,49.273867980800354,Estimate,true,,EIA,UNFCCC,EIA-UNFCCC,false
BRA,2025,14.9,Estimate,true,GEM,,,GEM,false
BRA,2025,9.17,Estimate,true,IEA,,,IEA,false
BTN,1990,0.00033534849394681104,Estimate,true,,EIA,UNFCCC,EIA-UNFCCC,false
BTN,1991,0.00038369365673056815,Estimate,true,,EIA,UNFCCC,EIA-UNFCCC,false
BTN,1992,0.0004130334799821427,Estimate,true,,EIA,UNFCCC,EIA-UNFCCC,false
BTN,1993,0.005978140798211756,Estimate,true,,EIA,UNFCCC,EIA-UNFCCC,false
BTN,1994,0.008317413284468531,Estimate,true,,EIA,UNFCCC,EIA-UNFCCC,false
BTN,1995,0.008230773562755356,Estimate,true,,EIA,UNFCCC,EIA-UNFCCC,false
BTN,1996,0.008317413284468531,Estimate,true,,EIA,UNFCCC,EIA-UNFCCC,false
BTN,1997,0.007017817458770323,Estimate,true,,EIA,UNFCCC,EIA-UNFCCC,false
BTN,1998,0.008011878305846883,Estimate,true,,EIA,UNFCCC,EIA-UNFCCC,false
BTN,1999,0.00900593915292344,Estimate,true,,EIA,UNFCCC,EIA-UNFCCC,false
BTN,2000,0.01,Report,false,UNFCCC,,,UNFCCC,false
BTN,2001,0.009553246540033908,Estimate,true,,EIA,UNFCCC,EIA-UNFCCC,false
BTN,2002,0.009528732504191197,Estimate,true,,EIA,UNFCCC,EIA-UNFCCC,false
BTN,2003,0.008619439354360795,Estimate,true,,EIA,UNFCCC,EIA-UNFCCC,false
BTN,2004,0.009745706907814986,Estimate,true,,EIA,UNFCCC,EIA-UNFCCC,false
BTN,2005,0.011082823241971747,Estimate,true,,EIA,UNFCCC,EIA-UNFCCC,false
BTN,2006,0.011885526263649774,Estimate,true,,EIA,UNFCCC,EIA-UNFCCC,false
BTN,2007,0.011170008764811742,Estimate,true,,EIA,UNFCCC,EIA-UNFCCC,false
BTN,2008,0.01087813689942428,Estimate,true,,EIA,UNFCCC,EIA-UNFCCC,false
BTN,2009,0.010207675412946576,Estimate,true,,EIA,UNFCCC,EIA-UNFCCC,false
BTN,2010,0.011412270783786243,Estimate,true,,EIA,UNFCCC,EIA-UNFCCC,false
BTN,2011,0.012853522554485556,Estimate,true,,EIA,UNFCCC,EIA-UNFCCC,false
BTN,2012,0.012831039546700977,Estimate,true,,EIA,UNFCCC,EIA-UNFCCC,false
BTN,2013,0.010103577787308146,Estimate,true,,EIA,UNFCCC,EIA-UNFCCC,false
BTN,2014,0.010642520176225195,Estimate,true,,EIA,UNFCCC,EIA-UNFCCC,false
BTN,2015,0.07,Report,false,UNFCCC,,,UNFCCC,false
BTN,2016,0.09680851063829789,Estimate,true,,EIA,UNFCCC,EIA-UNFCCC,false
BTN,2017,0.13315485416373118,Estimate,true,,EIA,UNFCCC,EIA-UNFCCC,false
BTN,2018,0.15370344276924525,Estimate,true,,EIA,UNFCCC,EIA-UNFCCC,false
BTN,2019,0.15205955568080412,Estimate,true,,EIA,UNFCCC,EIA-UNFCCC,false
BTN,2020,0.01,Report,false,UNFCCC,,,UNFCCC,false
BTN,2021,0.01182408650519031,Estimate,true,,EIA,UNFCCC,EIA-UNFCCC,false
BTN,2022,0.011277023995367935,Estimate,true,,EIA,UNFCCC,EIA-UNFCCC,false
BTN,2023,0.00022642885232232872,Estimate,true,,EIA,UNFCCC,EIA-UNFCCC,false
BTN,2024,0.010774476331603229,Estimate,true,,EIA,UNFCCC,EIA-UNFCCC,false
BTN,2025,0.1,Estimate,true,GEM,,,GEM,false
BWA,1990,10.663041065482798,Estimate,true,,EIA,UNFCCC,EIA-UNFCCC,false
BWA,1991,10.528745837957825,Estimate,true,,EIA,UNFCCC,EIA-UNFCCC,false
BWA,1992,12.1,Estimate,true,,EIA,UNFCCC,EIA-UNFCCC,false
BWA,1993,11.95227524972253,Estimate,true,,EIA,UNFCCC,EIA-UNFCCC,false
BWA,1994,12.1,Report,false,UNFCCC,,,UNFCCC,false
BWA,1995,12.220865704772475,Estimate,true,,EIA,UNFCCC,EIA-UNFCCC,false
BWA,1996,9.776692563817981,Estimate,true,,EIA,UNFCCC,EIA-UNFCCC,false
BWA,1997,10.421309655937847,Estimate,true,,EIA,UNFCCC,EIA-UNFCCC,false
BWA,1998,12.408879023307435,Estimate,true,,EIA,UNFCCC,EIA-UNFCCC,false
BWA,1999,9.655826859045506,Estimate,true,,EIA,UNFCCC,EIA-UNFCCC,false
BWA,2000,12.7,Report,false,UNFCCC,,,UNFCCC,false
BWA,2001,12.36223404255319,Estimate,true,,EIA,UNFCCC,EIA-UNFCCC,false
BWA,2002,12.875638297872339,Estimate,true,,EIA,UNFCCC,EIA-UNFCCC,false
BWA,2003,11.119255319148936,Estimate,true,,EIA,UNFCCC,EIA-UNFCCC,false
BWA,2004,12.3081914893617,Estimate,true,,EIA,UNFCCC,EIA-UNFCCC,false
BWA,2005,13.307978723404254,Estimate,true,,EIA,UNFCCC,EIA-UNFCCC,false
BWA,2006,12.99723404255319,Estimate,true,,EIA,UNFCCC,EIA-UNFCCC,false
BWA,2007,11.186808510638297,Estimate,true,,EIA,UNFCCC,EIA-UNFCCC,false
BWA,2008,12.294680851063827,Estimate,true,,EIA,UNFCCC,EIA-UNFCCC,false
BWA,2009,9.970851063829787,Estimate,true,,EIA,UNFCCC,EIA-UNFCCC,false
BWA,2010,13.34851063829787,Estimate,true,,EIA,UNFCCC,EIA-UNFCCC,false
BWA,2011,10.646382978723402,Estimate,true,,EIA,UNFCCC,EIA-UNFCCC,false
BWA,2012,19.87414893617021,Estimate,true,,EIA,UNFCCC,EIA-UNFCCC,false
BWA,2013,20.211914893616527,Estimate,true,,EIA,UNFCCC,EIA-UNFCCC,false
BWA,2014,12.49949,Report,false,UNFCCC,,,UNFCCC,false
BWA,2015,15.222801781541467,Estimate,true,,EIA,UNFCCC,EIA-UNFCCC,false
BWA,2016,13.704172155373541,Estimate,true,,EIA,UNFCCC,EIA-UNFCCC,false
BWA,2017,16.20580781811867,Estimate,true,,EIA,UNFCCC,EIA-UNFCCC,false
BWA,2018,15.808824891850994,Estimate,true,,EIA,UNFCCC,EIA-UNFCCC,false
BWA,2019,15.411834664480017,Estimate,true,,EIA,UNFCCC,EIA-UNFCCC,false
BWA,2020,13.69687105140133,Estimate,true,,EIA,UNFCCC,EIA-UNFCCC,false
BWA,2021,14.480995015782709,Estimate,true,,EIA,UNFCCC,EIA-UNFCCC,false
BWA,2022,19.22885537304189,Estimate,true,,EIA,UNFCCC,EIA-UNFCCC,false
BWA,2023,16.370971764895163,Estimate,true,,EIA,UNFCCC,EIA-UNFCCC,false
BWA,2024,17.921011776890516,Estimate,true,,EIA,UNFCCC,EIA-UNFCCC,false
BWA,2025,11.399999999999999,Estimate,true,GEM,,,GEM,false
CAN,1990,112.95688649350583,Report,false,UNFCCC,,,UNFCCC,true
CAN,1991,115.11408595708097,Report,false,UNFCCC,,,UNFCCC,true
CAN,1992,92.25176171439695,Report,false,UNFCCC,,,UNFCCC,true
CAN,1993,101.621809177406,Report,false,UNFCCC,,,UNFCCC,true
CAN,1994,100.2552963445144,Report,false,UNFCCC,,,UNFCCC,true
CAN,1995,91.8095406636406,Report,false,UNFCCC,,,UNFCCC,true
CAN,1996,87.4635738702118,Report,false,UNFCCC,,,UNFCCC,true
CAN,1997,90.2854527047613,Report,false,UNFCCC,,,UNFCCC,true
CAN,1998,78.9396459584867,Report,false,UNFCCC,,,UNFCCC,true
CAN,1999,66.6299361391545,Report,false,UNFCCC,,,UNFCCC,true
CAN,2000,68.76550217061116,Report,false,UNFCCC,,,UNFCCC,true
CAN,2001,69.66353567759003,Report,false,UNFCCC,,,UNFCCC,true
CAN,2002,62.2444127019491,Report,false,UNFCCC,,,UNFCCC,true
CAN,2003,56.2842214385918,Report,false,UNFCCC,,,UNFCCC,true
CAN,2004,59.6285554796579,Report,false,UNFCCC,,,UNFCCC,true
CAN,2005,55.69166236100402,Report,false,UNFCCC,,,UNFCCC,true
CAN,2006,49.70727682669557,Report,false,UNFCCC,,,UNFCCC,true
CAN,2007,53.39763864283052,Report,false,UNFCCC,,,UNFCCC,true
CAN,2008,52.17842497825943,Report,false,UNFCCC,,,UNFCCC,true
CAN,2009,48.02164941547856,Report,false,UNFCCC,,,UNFCCC,true
CAN,2010,55.20861502603892,Report,false,UNFCCC,,,UNFCCC,true
CAN,2011,54.8569478302787,Report,false,UNFCCC,,,UNFCCC,true
CAN,2012,55.73485287277684,Report,false,UNFCCC,,,UNFCCC,true
CAN,2013,61.34394963486728,Report,false,UNFCCC,,,UNFCCC,true
CAN,2014,51.79785451704733,Report,false,UNFCCC,,,UNFCCC,true
CAN,2015,45.6924933769325,Report,false,UNFCCC,,,UNFCCC,true
CAN,2016,50.46107706813351,Report,false,UNFCCC,,,UNFCCC,true
CAN,2017,48.64524811572084,Report,false,UNFCCC,,,UNFCCC,true
CAN,2018,53.3531143747395,Report,false,UNFCCC,,,UNFCCC,true
CAN,2019,55.76070367331977,Report,false,UNFCCC,,,UNFCCC,true
CAN,2020,42.72226507108691,Report,false,UNFCCC,,,UNFCCC,true
CAN,2021,48.47223920707322,Report,false,UNFCCC,,,UNFCCC,true
CAN,2022,54.42637361559655,Report,false,UNFCCC,,,UNFCCC,true
CAN,2023,64.33558115657493,Estimate,true,,EIA,UNFCCC,EIA-UNFCCC,true
CAN,2024,64.34767752460151,Estimate,true,,EIA,UNFCCC,EIA-UNFCCC,true
CAN,2025,143.4,Estimate,true,GEM,,,GEM,true
CAN,2025,80.42,Estimate,true,IEA,,,IEA,true
CAN,2025,66.14305960686708,Forecast,true,,IEA,UNFCCC,IEA-UNFCCC,true
CAN,2026,64.76331538346784,Forecast,true,,IEA,UNFCCC,IEA-UNFCCC,true
CAN,2027,63.41267410629561,Forecast,true,,IEA,UNFCCC,IEA-UNFCCC,true
CAN,2028,62.0911357753504,Forecast,true,,IEA,UNFCCC,IEA-UNFCCC,true
CAN,2029,60.79605466824795,Forecast,true,,IEA,UNFCCC,IEA-UNFCCC,true
CAN,2030,59.52875364618038,Forecast,true,,IEA,UNFCCC,IEA-UNFCCC,true
CHL,1990,34.2,Report,false,UNFCCC,,,UNFCCC,false
CHL,1991,34.591662849289975,Estimate,true,,EIA,UNFCCC,EIA-UNFCCC,false
CHL,1992,25.473751717819518,Estimate,true,,EIA,UNFCCC,EIA-UNFCCC,false
CHL,1993,21.228126431516262,Estimate,true,,EIA,UNFCCC,EIA-UNFCCC,false
CHL,1994,14.2,Report,false,UNFCCC,,,UNFCCC,false
CHL,1995,12.47005076142132,Estimate,true,,EIA,UNFCCC,EIA-UNFCCC,false
CHL,1996,12.061590524534687,Estimate,true,,EIA,UNFCCC,EIA-UNFCCC,false
CHL,1997,12.54213197969543,Estimate,true,,EIA,UNFCCC,EIA-UNFCCC,false
CHL,1998,11.304737732656514,Estimate,true,,EIA,UNFCCC,EIA-UNFCCC,false
CHL,1999,5.826565143824027,Estimate,true,,EIA,UNFCCC,EIA-UNFCCC,false
CHL,2000,5.3,Report,false,UNFCCC,,,UNFCCC,false
CHL,2001,8.340983606557376,Estimate,true,,EIA,UNFCCC,EIA-UNFCCC,false
CHL,2002,6.270218579234973,Estimate,true,,EIA,UNFCCC,EIA-UNFCCC,false
CHL,2003,8.340983606557376,Estimate,true,,EIA,UNFCCC,EIA-UNFCCC,false
CHL,2004,3.3740437158469945,Estimate,true,,EIA,UNFCCC,EIA-UNFCCC,false
CHL,2005,7.8775956284153,Estimate,true,,EIA,UNFCCC,EIA-UNFCCC,false
CHL,2006,1.8,Report,false,UNFCCC,,,UNFCCC,false
CHL,2007,0.6489614243323443,Estimate,true,,EIA,UNFCCC,EIA-UNFCCC,false
CHL,2008,1.7813056379821959,Estimate,true,,EIA,UNFCCC,EIA-UNFCCC,false
CHL,2009,1.6985163204747775,Estimate,true,,EIA,UNFCCC,EIA-UNFCCC,false
CHL,2010,2.8,Report,false,UNFCCC,,,UNFCCC,false
CHL,2011,2.9583198707592895,Estimate,true,,EIA,UNFCCC,EIA-UNFCCC,false
CHL,2012,3.2206785137318255,Estimate,true,,EIA,UNFCCC,EIA-UNFCCC,false
CHL,2013,6.5,Report,false,UNFCCC,,,UNFCCC,false
CHL,2014,6.791941875305286,Estimate,true,,EIA,UNFCCC,EIA-UNFCCC,false
CHL,2015,6.7468626155878475,Estimate,true,,EIA,UNFCCC,EIA-UNFCCC,false
CHL,2016,5.5,Report,false,UNFCCC,,,UNFCCC,false
CHL,2017,5.282178217821781,Estimate,true,,EIA,UNFCCC,EIA-UNFCCC,false
CHL,2018,3.7,Report,false,UNFCCC,,,UNFCCC,false
CHL,2019,2.339424812388247,Estimate,true,,EIA,UNFCCC,EIA-UNFCCC,false
CHL,2020,0.7,Report,false,UNFCCC,,,UNFCCC,false
CHL,2021,0.38,Report,false,UNFCCC,,,UNFCCC,false
CHL,2022,0.31,Report,false,UNFCCC,,,UNFCCC,false
CHL,2023,2.5208494983277587,Estimate,true,,EIA,UNFCCC,EIA-UNFCCC,false
CHL,2024,0.5032581235836394,Estimate,true,,EIA,UNFCCC,EIA-UNFCCC,false
CHN,1990,6232.537900962564,Estimate,true,,EIA,UNFCCC,EIA-UNFCCC,false
CHN,1991,6261.295464887528,Estimate,true,,EIA,UNFCCC,EIA-UNFCCC,false
CHN,1992,6436.09294681604,Estimate,true,,EIA,UNFCCC,EIA-UNFCCC,false
CHN,1993,6648.7718784237195,Estimate,true,,EIA,UNFCCC,EIA-UNFCCC,false
CHN,1994,7100.0,Report,false,UNFCCC,,,UNFCCC,false
CHN,1995,7461.894885799774,Estimate,true,,EIA,UNFCCC,EIA-UNFCCC,false
CHN,1996,7882.107570415876,Estimate,true,,EIA,UNFCCC,EIA-UNFCCC,false
CHN,1997,7652.861279190765,Estimate,true,,EIA,UNFCCC,EIA-UNFCCC,false
CHN,1998,7523.302101638254,Estimate,true,,EIA,UNFCCC,EIA-UNFCCC,false
CHN,1999,7416.593060673811,Estimate,true,,EIA,UNFCCC,EIA-UNFCCC,false
CHN,2000,7993.117500357861,Estimate,true,,EIA,UNFCCC,EIA-UNFCCC,false
CHN,2001,8497.482972385798,Estimate,true,,EIA,UNFCCC,EIA-UNFCCC,false
CHN,2002,8952.947941903754,Estimate,true,,EIA,UNFCCC,EIA-UNFCCC,false
CHN,2003,10595.813571351138,Estimate,true,,EIA,UNFCCC,EIA-UNFCCC,false
CHN,2004,12257.237046021392,Estimate,true,,EIA,UNFCCC,EIA-UNFCCC,false
CHN,2005,13657.781808350977,Estimate,true,,EIA,UNFCCC,EIA-UNFCCC,false
CHN,2006,14839.18034477023,Estimate,true,,EIA,UNFCCC,EIA-UNFCCC,false
CHN,2007,15937.279639466708,Estimate,true,,EIA,UNFCCC,EIA-UNFCCC,false
CHN,2008,16766.01790584782,Estimate,true,,EIA,UNFCCC,EIA-UNFCCC,false
CHN,2009,17989.9371621582,Estimate,true,,EIA,UNFCCC,EIA-UNFCCC,false
CHN,2010,22870.0,Report,false,UNFCCC,,,UNFCCC,false
CHN,2011,25111.260430924518,Estimate,true,,EIA,UNFCCC,EIA-UNFCCC,false
CHN,2012,23847.0,Report,false,UNFCCC,,,UNFCCC,false
CHN,2013,24023.46751021847,Estimate,true,,EIA,UNFCCC,EIA-UNFCCC,false
CHN,2014,21015.0,Report,false,UNFCCC,,,UNFCCC,false
CHN,2015,20324.002153891306,Estimate,true,,EIA,UNFCCC,EIA-UNFCCC,false
CHN,2016,18501.615289323214,Estimate,true,,EIA,UNFCCC,EIA-UNFCCC,false
CHN,2017,25187.0,Report,false,UNFCCC,,,UNFCCC,false
CHN,2018,26432.067959677544,Estimate,true,,EIA,UNFCCC,EIA-UNFCCC,false
CHN,2019,27494.21429179602,Estimate,true,,EIA,UNFCCC,EIA-UNFCCC,false
CHN,2020,24863.0,Report,false,UNFCCC,,,UNFCCC,false
CHN,2021,25030.34,Report,false,UNFCCC,,,UNFCCC,false
CHN,2022,25192.22101652988,Estimate,true,,EIA,UNFCCC,EIA-UNFCCC,false
CHN,2023,26462.457181917558,Estimate,true,,EIA,UNFCCC,EIA-UNFCCC,false
CHN,2024,26707.763811927634,Estimate,true,,EIA,UNFCCC,EIA-UNFCCC,false
CHN,2025,40980.3,Estimate,true,GEM,,,GEM,false
CHN,2025,19533.68,Estimate,true,IEA,,,IEA,false
CHN,2025,28688.467918068523,Forecast,true,,IEA,UNFCCC,IEA-UNFCCC,false
CHN,2026,28233.480585893616,Forecast,true,,IEA,UNFCCC,IEA-UNFCCC,false
CHN,2027,27675.362791759064,Forecast,true,,IEA,UNFCCC,IEA-UNFCCC,false
CHN,2028,27428.371401863475,Forecast,true,,IEA,UNFCCC,IEA-UNFCCC,false
CHN,2029,27177.63091635076,Forecast,true,,IEA,UNFCCC,IEA-UNFCCC,false
CHN,2030,26923.117069229884,Forecast,true,,IEA,UNFCCC,IEA-UNFCCC,false
COL,1990,88.4,Report,false,UNFCCC,,,UNFCCC,false
COL,1991,86.33580564672316,Estimate,true,,EIA,UNFCCC,EIA-UNFCCC,false
COL,1992,96.3336957899355,Estimate,true,,EIA,UNFCCC,EIA-UNFCCC,false
COL,1993,93.33082087651128,Estimate,true,,EIA,UNFCCC,EIA-UNFCCC,false
COL,1994,94.9,Report,false,UNFCCC,,,UNFCCC,false
COL,1995,107.5256951810916,Estimate,true,,EIA,UNFCCC,EIA-UNFCCC,false
COL,1996,121.88985745678313,Estimate,true,,EIA,UNFCCC,EIA-UNFCCC,false
COL,1997,132.91805886666617,Estimate,true,,EIA,UNFCCC,EIA-UNFCCC,false
COL,1998,135.07329651650002,Estimate,true,,EIA,UNFCCC,EIA-UNFCCC,false
COL,1999,132.19477370028608,Estimate,true,,EIA,UNFCCC,EIA-UNFCCC,false
COL,2000,156.2,Report,false,UNFCCC,,,UNFCCC,false
COL,2001,176.27283571271442,Estimate,true,,EIA,UNFCCC,EIA-UNFCCC,false
COL,2002,177.84669357158063,Estimate,true,,EIA,UNFCCC,EIA-UNFCCC,false
COL,2003,201.86751571619664,Estimate,true,,EIA,UNFCCC,EIA-UNFCCC,false
COL,2004,219.9,Report,false,UNFCCC,,,UNFCCC,false
COL,2005,237.95406765864635,Estimate,true,,EIA,UNFCCC,EIA-UNFCCC,false
COL,2006,262.64434165596805,Estimate,true,,EIA,UNFCCC,EIA-UNFCCC,false
COL,2007,263.1406417140902,Estimate,true,,EIA,UNFCCC,EIA-UNFCCC,false
COL,2008,293.9200954806414,Estimate,true,,EIA,UNFCCC,EIA-UNFCCC,false
COL,2009,296.05313504950794,Estimate,true,,EIA,UNFCCC,EIA-UNFCCC,false
COL,2010,105.75,Report,false,UNFCCC,,,UNFCCC,false
COL,2011,121.04500598584816,Estimate,true,,EIA,UNFCCC,EIA-UNFCCC,false
COL,2012,126.15320889904976,Estimate,true,,EIA,UNFCCC,EIA-UNFCCC,false
COL,2013,121.63367995419196,Estimate,true,,EIA,UNFCCC,EIA-UNFCCC,false
COL,2014,122.39,Report,false,UNFCCC,,,UNFCCC,false
COL,2015,118.4108893494335,Estimate,true,,EIA,UNFCCC,EIA-UNFCCC,false
COL,2016,125.29829091320363,Estimate,true,,EIA,UNFCCC,EIA-UNFCCC,false
COL,2017,125.55401793646554,Estimate,true,,EIA,UNFCCC,EIA-UNFCCC,false
COL,2018,122.69,Report,false,UNFCCC,,,UNFCCC,false
COL,2019,115.89,Report,false,UNFCCC,,,UNFCCC,false
COL,2020,83.67,Report,false,UNFCCC,,,UNFCCC,false
COL,2021,79.5,Report,false,UNFCCC,,,UNFCCC,false
COL,2022,130.0017860132992,Report,false,UNFCCC,,,UNFCCC,false
COL,2023,120.46435419620809,Report,false,UNFCCC,,,UNFCCC,false
COL,2024,82.85197341770194,Report,false,UNFCCC,,,UNFCCC,false
COL,2025,321.49999999999994,Estimate,true,GEM,,,GEM,false
COL,2025,434.20000000000005,Estimate,true,IEA,,,IEA,false
COL,2025,95.58014255399236,Forecast,true,,IEA,UNFCCC,IEA-UNFCCC,false
COL,2026,85.59415751103793,Forecast,true,,IEA,UNFCCC,IEA-UNFCCC,false
COL,2027,82.74101892733667,Forecast,true,,IEA,UNFCCC,IEA-UNFCCC,false
COL,2028,71.53103743197441,Forecast,true,,IEA,UNFCCC,IEA-UNFCCC,false
COL,2029,67.0059596382242,Forecast,true,,IEA,UNFCCC,IEA-UNFCCC,false
COL,2030,71.32846459253162,Forecast,true,,IEA,UNFCCC,IEA-UNFCCC,false
CZE,1990,435.01967700000006,Report,false,UNFCCC,,,UNFCCC,true
CZE,1991,403.99720300000007,Report,false,UNFCCC,,,UNFCCC,true
CZE,1992,371.670976,Report,false,UNFCCC,,,UNFCCC,true
CZE,1993,385.09087500000004,Report,false,UNFCCC,,,UNFCCC,true
CZE,1994,361.589955,Report,false,UNFCCC,,,UNFCCC,true
CZE,1995,356.43336700000003,Report,false,UNFCCC,,,UNFCCC,true
CZE,1996,355.12123900000006,Report,false,UNFCCC,,,UNFCCC,true
CZE,1997,344.269249,Report,false,UNFCCC,,,UNFCCC,true
CZE,1998,325.589917,Report,false,UNFCCC,,,UNFCCC,true
CZE,1999,291.535157,Report,false,UNFCCC,,,UNFCCC,true
CZE,2000,258.99175002952927,Report,false,UNFCCC,,,UNFCCC,true
CZE,2001,234.22180090746372,Report,false,UNFCCC,,,UNFCCC,true
CZE,2002,222.45232223362936,Report,false,UNFCCC,,,UNFCCC,true
CZE,2003,220.2512447647996,Report,false,UNFCCC,,,UNFCCC,true
CZE,2004,211.77119460104578,Report,false,UNFCCC,,,UNFCCC,true
CZE,2005,225.6310385067455,Report,false,UNFCCC,,,UNFCCC,true
CZE,2006,233.93409516849692,Report,false,UNFCCC,,,UNFCCC,true
CZE,2007,216.1827724200729,Report,false,UNFCCC,,,UNFCCC,true
CZE,2008,215.14520534571287,Report,false,UNFCCC,,,UNFCCC,true
CZE,2009,184.42134637264388,Report,false,UNFCCC,,,UNFCCC,true
CZE,2010,184.5626719944151,Report,false,UNFCCC,,,UNFCCC,true
CZE,2011,185.31639853071707,Report,false,UNFCCC,,,UNFCCC,true
CZE,2012,182.42373982242944,Report,false,UNFCCC,,,UNFCCC,true
CZE,2013,149.87496143751872,Report,false,UNFCCC,,,UNFCCC,true
CZE,2014,149.59612724284432,Report,false,UNFCCC,,,UNFCCC,true
CZE,2015,144.66197527710182,Report,false,UNFCCC,,,UNFCCC,true
CZE,2016,128.36719150882618,Report,false,UNFCCC,,,UNFCCC,true
CZE,2017,115.69045065197577,Report,false,UNFCCC,,,UNFCCC,true
CZE,2018,106.72654154724914,Report,false,UNFCCC,,,UNFCCC,true
CZE,2019,93.40383997254465,Report,false,UNFCCC,,,UNFCCC,true
CZE,2020,67.27128339371437,Report,false,UNFCCC,,,UNFCCC,true
CZE,2021,22.955920109340003,Report,false,UNFCCC,,,UNFCCC,true
CZE,2022,19.748435985469996,Report,false,UNFCCC,,,UNFCCC,true
CZE,2023,17.38414079009,Report,false,UNFCCC,,,UNFCCC,true
CZE,2024,16.94888473556,Report,false,UNFCCC,,,UNFCCC,true
CZE,2025,37.900000000000006,Estimate,true,GEM,,,GEM,true
CZE,2025,17.14388834036637,Forecast,true,,IEA,UNFCCC,IEA-UNFCCC,true
CZE,2026,16.96784525314302,Forecast,true,,IEA,UNFCCC,IEA-UNFCCC,true
CZE,2027,15.952212057623683,Forecast,true,,IEA,UNFCCC,IEA-UNFCCC,true
CZE,2028,15.415957730389476,Forecast,true,,IEA,UNFCCC,IEA-UNFCCC,true
CZE,2029,14.897984800674616,Forecast,true,,IEA,UNFCCC,IEA-UNFCCC,true
CZE,2030,14.397616179682089,Forecast,true,,IEA,UNFCCC,IEA-UNFCCC,true
DEU,1990,1019.7755099300001,Report,false,UNFCCC,,,UNFCCC,true
DEU,1991,972.4410004,Report,false,UNFCCC,,,UNFCCC,true
DEU,1992,845.76117191,Report,false,UNFCCC,,,UNFCCC,true
DEU,1993,857.5227621,Report,false,UNFCCC,,,UNFCCC,true
DEU,1994,759.97788342,Report,false,UNFCCC,,,UNFCCC,true
DEU,1995,772.19095048,Report,false,UNFCCC,,,UNFCCC,true
DEU,1996,734.34175409,Report,false,UNFCCC,,,UNFCCC,true
DEU,1997,725.2035151199999,Report,false,UNFCCC,,,UNFCCC,true
DEU,1998,628.00561165,Report,false,UNFCCC,,,UNFCCC,true
DEU,1999,683.2761273,Report,false,UNFCCC,,,UNFCCC,true
DEU,2000,662.44365169,Report,false,UNFCCC,,,UNFCCC,true
DEU,2001,575.58596498,Report,false,UNFCCC,,,UNFCCC,true
DEU,2002,539.7182333,Report,false,UNFCCC,,,UNFCCC,true
DEU,2003,474.72629614,Report,false,UNFCCC,,,UNFCCC,true
DEU,2004,372.86441639,Report,false,UNFCCC,,,UNFCCC,true
DEU,2005,302.88526456,Report,false,UNFCCC,,,UNFCCC,true
DEU,2006,234.00256214,Report,false,UNFCCC,,,UNFCCC,true
DEU,2007,192.59069656,Report,false,UNFCCC,,,UNFCCC,true
DEU,2008,181.25782937,Report,false,UNFCCC,,,UNFCCC,true
DEU,2009,134.67056368,Report,false,UNFCCC,,,UNFCCC,true
DEU,2010,134.64031649,Report,false,UNFCCC,,,UNFCCC,true
DEU,2011,127.45236167,Report,false,UNFCCC,,,UNFCCC,true
DEU,2012,162.16432279,Report,false,UNFCCC,,,UNFCCC,true
DEU,2013,140.83343685999998,Report,false,UNFCCC,,,UNFCCC,true
DEU,2014,111.61619473,Report,false,UNFCCC,,,UNFCCC,true
DEU,2015,123.48966300000001,Report,false,UNFCCC,,,UNFCCC,true
DEU,2016,99.249941,Report,false,UNFCCC,,,UNFCCC,true
DEU,2017,99.28678674,Report,false,UNFCCC,,,UNFCCC,true
DEU,2018,64.4773,Report,false,UNFCCC,,,UNFCCC,true
DEU,2019,4.02565528,Report,false,UNFCCC,,,UNFCCC,true
DEU,2020,3.69064986,Report,false,UNFCCC,,,UNFCCC,true
DEU,2021,3.75492253,Report,false,UNFCCC,,,UNFCCC,true
DEU,2022,3.66151222,Report,false,UNFCCC,,,UNFCCC,true
DEU,2023,3.2013,Report,false,UNFCCC,,,UNFCCC,true
DEU,2024,2.3843408,Report,false,UNFCCC,,,UNFCCC,true
DEU,2025,207.7,Estimate,true,GEM,,,GEM,true
DEU,2025,2.372389202158553,Forecast,true,,IEA,UNFCCC,IEA-UNFCCC,true
DEU,2026,2.0630035093103727,Forecast,true,,IEA,UNFCCC,IEA-UNFCCC,true
DEU,2027,1.7939961503904922,Forecast,true,,IEA,UNFCCC,IEA-UNFCCC,true
DEU,2028,1.6088834030685883,Forecast,true,,IEA,UNFCCC,IEA-UNFCCC,true
DEU,2029,1.4428835858078002,Forecast,true,,IEA,UNFCCC,IEA-UNFCCC,true
DEU,2030,1.2940257587375108,Forecast,true,,IEA,UNFCCC,IEA-UNFCCC,true
ESP,1990,64.81341214,Report,false,UNFCCC,,,UNFCCC,true
ESP,1991,51.71018386299999,Report,false,UNFCCC,,,UNFCCC,true
ESP,1992,57.73776202699999,Report,false,UNFCCC,,,UNFCCC,true
ESP,1993,53.048940428,Report,false,UNFCCC,,,UNFCCC,true
ESP,1994,48.992088029,Report,false,UNFCCC,,,UNFCCC,true
ESP,1995,44.97847003200001,Report,false,UNFCCC,,,UNFCCC,true
ESP,1996,45.918023156,Report,false,UNFCCC,,,UNFCCC,true
ESP,1997,45.286329631,Report,false,UNFCCC,,,UNFCCC,true
ESP,1998,36.054359453,Report,false,UNFCCC,,,UNFCCC,true
ESP,1999,34.332653994,Report,false,UNFCCC,,,UNFCCC,true
ESP,2000,33.398893556,Report,false,UNFCCC,,,UNFCCC,true
ESP,2001,32.601667057,Report,false,UNFCCC,,,UNFCCC,true
ESP,2002,30.28447903,Report,false,UNFCCC,,,UNFCCC,true
ESP,2003,29.098691364,Report,false,UNFCCC,,,UNFCCC,true
ESP,2004,26.427908862,Report,false,UNFCCC,,,UNFCCC,true
ESP,2005,24.126250259,Report,false,UNFCCC,,,UNFCCC,true
ESP,2006,23.052410433,Report,false,UNFCCC,,,UNFCCC,true
ESP,2007,21.244612543,Report,false,UNFCCC,,,UNFCCC,true
ESP,2008,19.044532956,Report,false,UNFCCC,,,UNFCCC,true
ESP,2009,16.269782205,Report,false,UNFCCC,,,UNFCCC,true
ESP,2010,13.989585488,Report,false,UNFCCC,,,UNFCCC,true
ESP,2011,11.367285158,Report,false,UNFCCC,,,UNFCCC,true
ESP,2012,9.037735998,Report,false,UNFCCC,,,UNFCCC,true
ESP,2013,8.556356536,Report,false,UNFCCC,,,UNFCCC,true
ESP,2014,6.2852,Report,false,UNFCCC,,,UNFCCC,true
ESP,2015,4.21449426,Report,false,UNFCCC,,,UNFCCC,true
ESP,2016,3.341072028,Report,false,UNFCCC,,,UNFCCC,true
ESP,2017,3.290281779,Report,false,UNFCCC,,,UNFCCC,true
ESP,2018,3.016124514,Report,false,UNFCCC,,,UNFCCC,true
ESP,2019,0.633405681,Report,false,UNFCCC,,,UNFCCC,true
ESP,2020,1.066189619,Report,false,UNFCCC,,,UNFCCC,true
ESP,2021,0.949675666,Report,false,UNFCCC,,,UNFCCC,true
ESP,2022,0.883107035,Report,false,UNFCCC,,,UNFCCC,true
ESP,2023,0.836472762,Report,false,UNFCCC,,,UNFCCC,true
ESP,2024,0.800501758,Report,false,UNFCCC,,,UNFCCC,true
ETH,2008,0.2,Report,false,UNFCCC,,,UNFCCC,false
ETH,2009,0.5,Report,false,UNFCCC,,,UNFCCC,false
ETH,2010,0.8,Report,false,UNFCCC,,,UNFCCC,false
ETH,2011,0.4,Report,false,UNFCCC,,,UNFCCC,false
ETH,2012,0.4,Report,false,UNFCCC,,,UNFCCC,false
ETH,2013,0.4,Report,false,UNFCCC,,,UNFCCC,false
ETH,2025,16.0,Estimate,true,GEM,,,GEM,false
EU,2021,908.1408243523964,Report,false,UNFCCC,,,UNFCCC,true
EU,2022,888.3571188860647,Report,false,UNFCCC,,,UNFCCC,true
FRA,1990,191.218,Report,false,UNFCCC,,,UNFCCC,true
FRA,1991,177.44773118448165,Report,false,UNFCCC,,,UNFCCC,true
FRA,1992,185.31264239210918,Report,false,UNFCCC,,,UNFCCC,true
FRA,1993,193.5915151166511,Report,false,UNFCCC,,,UNFCCC,true
FRA,1994,197.921800135107,Report,false,UNFCCC,,,UNFCCC,true
FRA,1995,196.12403894175802,Report,false,UNFCCC,,,UNFCCC,true
FRA,1996,149.06462746456228,Report,false,UNFCCC,,,UNFCCC,true
FRA,1997,126.85802452245328,Report,false,UNFCCC,,,UNFCCC,true
FRA,1998,123.08990253001942,Report,false,UNFCCC,,,UNFCCC,true
FRA,1999,116.93839821555893,Report,false,UNFCCC,,,UNFCCC,true
FRA,2000,80.1835587037855,Report,false,UNFCCC,,,UNFCCC,true
FRA,2001,72.09925381805749,Report,false,UNFCCC,,,UNFCCC,true
FRA,2002,47.93735638528254,Report,false,UNFCCC,,,UNFCCC,true
FRA,2003,45.74800572325302,Report,false,UNFCCC,,,UNFCCC,true
FRA,2004,26.65813911197264,Report,false,UNFCCC,,,UNFCCC,true
FRA,2005,14.807,Report,false,UNFCCC,,,UNFCCC,true
FRA,2006,9.447,Report,false,UNFCCC,,,UNFCCC,true
FRA,2007,1.407,Report,false,UNFCCC,,,UNFCCC,true
FRA,2008,1.407,Report,false,UNFCCC,,,UNFCCC,true
FRA,2009,1.407,Report,false,UNFCCC,,,UNFCCC,true
FRA,2010,1.407,Report,false,UNFCCC,,,UNFCCC,true
FRA,2011,1.072,Report,false,UNFCCC,,,UNFCCC,true
FRA,2012,0.469,Report,false,UNFCCC,,,UNFCCC,true
FRA,2013,0.536,Report,false,UNFCCC,,,UNFCCC,true
FRA,2014,0.402,Report,false,UNFCCC,,,UNFCCC,true
FRA,2015,0.402,Report,false,UNFCCC,,,UNFCCC,true
FRA,2016,0.402,Report,false,UNFCCC,,,UNFCCC,true
FRA,2017,0.402,Report,false,UNFCCC,,,UNFCCC,true
FRA,2018,0.402,Report,false,UNFCCC,,,UNFCCC,true
FRA,2019,0.402,Report,false,UNFCCC,,,UNFCCC,true
FRA,2020,0.402,Report,false,UNFCCC,,,UNFCCC,true
FRA,2021,0.0468999999999999,Report,false,UNFCCC,,,UNFCCC,true
FRA,2022,0.0468999999999999,Report,false,UNFCCC,,,UNFCCC,true
FRA,2023,0.0468999999999999,Report,false,UNFCCC,,,UNFCCC,true
FRA,2024,0.067,Report,false,UNFCCC,,,UNFCCC,true
GBR,1990,872.3575138825006,Report,false,UNFCCC,,,UNFCCC,true
GBR,1991,897.1569631783191,Report,false,UNFCCC,,,UNFCCC,true
GBR,1992,889.7417057704713,Report,false,UNFCCC,,,UNFCCC,true
GBR,1993,828.282277417713,Report,false,UNFCCC,,,UNFCCC,true
GBR,1994,549.9089688103475,Report,false,UNFCCC,,,UNFCCC,true
GBR,1995,601.8326447317282,Report,false,UNFCCC,,,UNFCCC,true
GBR,1996,557.0392792247583,Report,false,UNFCCC,,,UNFCCC,true
GBR,1997,533.7335843133548,Report,false,UNFCCC,,,UNFCCC,true
GBR,1998,454.6362915797626,Report,false,UNFCCC,,,UNFCCC,true
GBR,1999,376.44502410401765,Report,false,UNFCCC,,,UNFCCC,true
GBR,2000,323.7488360131606,Report,false,UNFCCC,,,UNFCCC,true
GBR,2001,287.50382283721854,Report,false,UNFCCC,,,UNFCCC,true
GBR,2002,282.6506444887524,Report,false,UNFCCC,,,UNFCCC,true
GBR,2003,232.7669449696974,Report,false,UNFCCC,,,UNFCCC,true
GBR,2004,209.0347102754518,Report,false,UNFCCC,,,UNFCCC,true
GBR,2005,154.2372143522941,Report,false,UNFCCC,,,UNFCCC,true
GBR,2006,139.356128372249,Report,false,UNFCCC,,,UNFCCC,true
GBR,2007,112.90838411188099,Report,false,UNFCCC,,,UNFCCC,true
GBR,2008,113.1729007010846,Report,false,UNFCCC,,,UNFCCC,true
GBR,2009,109.4760938157334,Report,false,UNFCCC,,,UNFCCC,true
GBR,2010,101.7708010318951,Report,false,UNFCCC,,,UNFCCC,true
GBR,2011,97.4753795679179,Report,false,UNFCCC,,,UNFCCC,true
GBR,2012,98.200874894048,Report,false,UNFCCC,,,UNFCCC,true
GBR,2013,67.6975842191469,Report,false,UNFCCC,,,UNFCCC,true
GBR,2014,66.8129350202836,Report,false,UNFCCC,,,UNFCCC,true
GBR,2015,54.9902225060132,Report,false,UNFCCC,,,UNFCCC,true
GBR,2016,19.98393898730185,Report,false,UNFCCC,,,UNFCCC,true
GBR,2017,19.23258471098072,Report,false,UNFCCC,,,UNFCCC,true
GBR,2018,18.55501882341641,Report,false,UNFCCC,,,UNFCCC,true
GBR,2019,19.28696011712457,Report,false,UNFCCC,,,UNFCCC,true
GBR,2020,18.72248530494655,Report,false,UNFCCC,,,UNFCCC,true
GBR,2021,18.11897308968011,Report,false,UNFCCC,,,UNFCCC,true
GBR,2022,17.244408658638932,Report,false,UNFCCC,,,UNFCCC,true
GBR,2023,23.937948363916018,Report,false,UNFCCC,,,UNFCCC,true
GBR,2024,28.68939385942171,Report,false,UNFCCC,,,UNFCCC,true
GBR,2025,2.6,Estimate,true,GEM,,,GEM,true
GBR,2025,35.6,Estimate,true,IEA,,,IEA,true
GEO,1990,32.2,Report,false,UNFCCC,,,UNFCCC,false
GEO,1992,2.0142857142857142,Estimate,true,,EIA,UNFCCC,EIA-UNFCCC,false
GEO,1993,2.1428571428571423,Estimate,true,,EIA,UNFCCC,EIA-UNFCCC,false
GEO,1994,2.628571428571428,Estimate,true,,EIA,UNFCCC,EIA-UNFCCC,false
GEO,1995,0.48571428571428565,Estimate,true,,EIA,UNFCCC,EIA-UNFCCC,false
GEO,1996,0.2285714285714286,Estimate,true,,EIA,UNFCCC,EIA-UNFCCC,false
GEO,1997,0.07142857142857142,Estimate,true,,EIA,UNFCCC,EIA-UNFCCC,false
GEO,1998,0.21428571428571427,Estimate,true,,EIA,UNFCCC,EIA-UNFCCC,false
GEO,1999,0.2285714285714286,Estimate,true,,EIA,UNFCCC,EIA-UNFCCC,false
GEO,2000,0.1,Report,false,UNFCCC,,,UNFCCC,false
GEO,2001,0.014285714285714287,Estimate,true,,EIA,UNFCCC,EIA-UNFCCC,false
GEO,2002,0.0857142857142857,Estimate,true,,EIA,UNFCCC,EIA-UNFCCC,false
GEO,2003,0.1142857142857143,Estimate,true,,EIA,UNFCCC,EIA-UNFCCC,false
GEO,2004,0.1142857142857143,Estimate,true,,EIA,UNFCCC,EIA-UNFCCC,false
GEO,2005,0.07142857142857142,Estimate,true,,EIA,UNFCCC,EIA-UNFCCC,false
GEO,2006,0.1,Report,false,UNFCCC,,,UNFCCC,false
GEO,2007,0.3,Report,false,UNFCCC,,,UNFCCC,false
GEO,2008,0.8,Report,false,UNFCCC,,,UNFCCC,false
GEO,2009,2.3,Report,false,UNFCCC,,,UNFCCC,false
GEO,2010,3.6,Report,false,UNFCCC,,,UNFCCC,false
GEO,2011,4.7,Report,false,UNFCCC,,,UNFCCC,false
GEO,2012,5.6,Report,false,UNFCCC,,,UNFCCC,false
GEO,2013,5.4,Report,false,UNFCCC,,,UNFCCC,false
GEO,2014,6.35,Report,false,UNFCCC,,,UNFCCC,false
GEO,2015,6.49,Report,false,UNFCCC,,,UNFCCC,false
GEO,2016,6.29,Report,false,UNFCCC,,,UNFCCC,false
GEO,2017,0.48,Report,false,UNFCCC,,,UNFCCC,false
GEO,2018,3.2,Report,false,UNFCCC,,,UNFCCC,false
GEO,2019,0.81,Report,false,UNFCCC,,,UNFCCC,false
GEO,2020,2.43,Report,false,UNFCCC,,,UNFCCC,false
GEO,2021,0.89,Report,false,UNFCCC,,,UNFCCC,false
GEO,2022,3.33,Report,false,UNFCCC,,,UNFCCC,false
GEO,2023,1.9230498160438645,Estimate,true,,EIA,UNFCCC,EIA-UNFCCC,false
GEO,2024,2.3116412521306775,Estimate,true,,EIA,UNFCCC,EIA-UNFCCC,false
GEO,2025,2.6,Estimate,true,GEM,,,GEM,false
GRC,1990,45.201416,Report,false,UNFCCC,,,UNFCCC,true
GRC,1991,45.897345,Report,false,UNFCCC,,,UNFCCC,true
GRC,1992,47.949421,Report,false,UNFCCC,,,UNFCCC,true
GRC,1993,47.74560700000001,Report,false,UNFCCC,,,UNFCCC,true
GRC,1994,49.361312,Report,false,UNFCCC,,,UNFCCC,true
GRC,1995,50.22360200000001,Report,false,UNFCCC,,,UNFCCC,true
GRC,1996,52.069251,Report,false,UNFCCC,,,UNFCCC,true
GRC,1997,51.25312400000001,Report,false,UNFCCC,,,UNFCCC,true
GRC,1998,53.029964,Report,false,UNFCCC,,,UNFCCC,true
GRC,1999,54.046421,Report,false,UNFCCC,,,UNFCCC,true
GRC,2000,55.645577,Report,false,UNFCCC,,,UNFCCC,true
GRC,2001,57.78562400000001,Report,false,UNFCCC,,,UNFCCC,true
GRC,2002,61.37762800000001,Report,false,UNFCCC,,,UNFCCC,true
GRC,2003,59.488429,Report,false,UNFCCC,,,UNFCCC,true
GRC,2004,61.005711,Report,false,UNFCCC,,,UNFCCC,true
GRC,2005,60.44565800000001,Report,false,UNFCCC,,,UNFCCC,true
GRC,2006,56.19692000000001,Report,false,UNFCCC,,,UNFCCC,true
GRC,2007,57.890144,Report,false,UNFCCC,,,UNFCCC,true
GRC,2008,57.24212,Report,false,UNFCCC,,,UNFCCC,true
GRC,2009,56.52180300000001,Report,false,UNFCCC,,,UNFCCC,true
GRC,2010,49.22892,Report,false,UNFCCC,,,UNFCCC,true
GRC,2011,51.098086,Report,false,UNFCCC,,,UNFCCC,true
GRC,2012,54.83467600000001,Report,false,UNFCCC,,,UNFCCC,true
GRC,2013,46.967804,Report,false,UNFCCC,,,UNFCCC,true
GRC,2014,44.285995,Report,false,UNFCCC,,,UNFCCC,true
GRC,2015,40.280266,Report,false,UNFCCC,,,UNFCCC,true
GRC,2016,28.427698,Report,false,UNFCCC,,,UNFCCC,true
GRC,2017,32.864004108,Report,false,UNFCCC,,,UNFCCC,true
GRC,2018,31.78174480000001,Report,false,UNFCCC,,,UNFCCC,true
GRC,2019,23.84401695,Report,false,UNFCCC,,,UNFCCC,true
GRC,2020,12.2406856,Report,false,UNFCCC,,,UNFCCC,true
GRC,2021,10.798629257,Report,false,UNFCCC,,,UNFCCC,true
GRC,2022,12.41248164,Report,false,UNFCCC,,,UNFCCC,true
GRC,2023,9.381262280000001,Report,false,UNFCCC,,,UNFCCC,true
GRC,2024,5.758640504760001,Report,false,UNFCCC,,,UNFCCC,true
GRC,2025,12.3,Estimate,true,GEM,,,GEM,true
HRV,1990,2.3857695,Report,false,UNFCCC,,,UNFCCC,true
HRV,1991,2.126136795,Report,false,UNFCCC,,,UNFCCC,true
HRV,1992,1.65196339,Report,false,UNFCCC,,,UNFCCC,true
HRV,1993,1.5808985,Report,false,UNFCCC,,,UNFCCC,true
HRV,1994,1.417520675,Report,false,UNFCCC,,,UNFCCC,true
HRV,1995,1.129017,Report,false,UNFCCC,,,UNFCCC,true
HRV,1996,0.9106305,Report,false,UNFCCC,,,UNFCCC,true
HRV,1997,0.6661475,Report,false,UNFCCC,,,UNFCCC,true
HRV,1998,0.697738,Report,false,UNFCCC,,,UNFCCC,true
HRV,1999,0.2101455,Report,false,UNFCCC,,,UNFCCC,true
HUN,1990,42.183286,Report,false,UNFCCC,,,UNFCCC,true
HUN,1991,40.19913,Report,false,UNFCCC,,,UNFCCC,true
HUN,1992,29.63521,Report,false,UNFCCC,,,UNFCCC,true
HUN,1993,24.47929,Report,false,UNFCCC,,,UNFCCC,true
HUN,1994,25.80211,Report,false,UNFCCC,,,UNFCCC,true
HUN,1995,22.307804,Report,false,UNFCCC,,,UNFCCC,true
HUN,1996,22.958794,Report,false,UNFCCC,,,UNFCCC,true
HUN,1997,21.769908,Report,false,UNFCCC,,,UNFCCC,true
HUN,1998,20.649534,Report,false,UNFCCC,,,UNFCCC,true
HUN,1999,18.995505,Report,false,UNFCCC,,,UNFCCC,true
HUN,2000,18.830484,Report,false,UNFCCC,,,UNFCCC,true
HUN,2001,15.551571,Report,false,UNFCCC,,,UNFCCC,true
HUN,2002,16.773919,Report,false,UNFCCC,,,UNFCCC,true
HUN,2003,15.350035,Report,false,UNFCCC,,,UNFCCC,true
HUN,2004,8.248236,Report,false,UNFCCC,,,UNFCCC,true
HUN,2005,3.228462,Report,false,UNFCCC,,,UNFCCC,true
HUN,2006,3.05658891,Report,false,UNFCCC,,,UNFCCC,true
HUN,2007,3.03317777,Report,false,UNFCCC,,,UNFCCC,true
HUN,2008,2.90952726,Report,false,UNFCCC,,,UNFCCC,true
HUN,2009,2.43805228,Report,false,UNFCCC,,,UNFCCC,true
HUN,2010,2.32870292,Report,false,UNFCCC,,,UNFCCC,true
HUN,2011,1.84403765,Report,false,UNFCCC,,,UNFCCC,true
HUN,2012,1.88172783,Report,false,UNFCCC,,,UNFCCC,true
HUN,2013,1.75217797,Report,false,UNFCCC,,,UNFCCC,true
HUN,2014,1.7172590775,Report,false,UNFCCC,,,UNFCCC,true
HUN,2015,1.3817270975,Report,false,UNFCCC,,,UNFCCC,true
HUN,2016,1.27377519,Report,false,UNFCCC,,,UNFCCC,true
HUN,2017,1.1902414325,Report,false,UNFCCC,,,UNFCCC,true
HUN,2018,1.1895101275,Report,false,UNFCCC,,,UNFCCC,true
HUN,2019,1.2319030375,Report,false,UNFCCC,,,UNFCCC,true
HUN,2020,1.14597428125,Report,false,UNFCCC,,,UNFCCC,true
HUN,2021,1.11068111,Report,false,UNFCCC,,,UNFCCC,true
HUN,2022,1.0971313649999999,Report,false,UNFCCC,,,UNFCCC,true
HUN,2023,1.087209,Report,false,UNFCCC,,,UNFCCC,true
HUN,2024,1.0705930000000001,Report,false,UNFCCC,,,UNFCCC,true
HUN,2025,3.9,Estimate,true,GEM,,,GEM,true
IDN,1990,7.534038582391201,Estimate,true,,EIA,UNFCCC,EIA-UNFCCC,false
IDN,1991,9.944444807356216,Estimate,true,,EIA,UNFCCC,EIA-UNFCCC,false
IDN,1992,14.170854640083569,Estimate,true,,EIA,UNFCCC,EIA-UNFCCC,false
IDN,1993,18.542472458394773,Estimate,true,,EIA,UNFCCC,EIA-UNFCCC,false
IDN,1994,20.4,Report,false,UNFCCC,,,UNFCCC,false
IDN,1995,27.15737309582514,Estimate,true,,EIA,UNFCCC,EIA-UNFCCC,false
IDN,1996,33.53435141061041,Estimate,true,,EIA,UNFCCC,EIA-UNFCCC,false
IDN,1997,37.39034437497693,Estimate,true,,EIA,UNFCCC,EIA-UNFCCC,false
IDN,1998,43.734636256417566,Estimate,true,,EIA,UNFCCC,EIA-UNFCCC,false
IDN,1999,52.84353080123597,Estimate,true,,EIA,UNFCCC,EIA-UNFCCC,false
IDN,2000,17.2,Report,false,UNFCCC,,,UNFCCC,false
IDN,2001,20.982856566867994,Estimate,true,,EIA,UNFCCC,EIA-UNFCCC,false
IDN,2002,22.625895809344012,Estimate,true,,EIA,UNFCCC,EIA-UNFCCC,false
IDN,2003,25.978027392047792,Estimate,true,,EIA,UNFCCC,EIA-UNFCCC,false
IDN,2004,31.00217514256187,Estimate,true,,EIA,UNFCCC,EIA-UNFCCC,false
IDN,2005,36.52464532015272,Estimate,true,,EIA,UNFCCC,EIA-UNFCCC,false
IDN,2006,45.818255878902576,Estimate,true,,EIA,UNFCCC,EIA-UNFCCC,false
IDN,2007,52.70422250116538,Estimate,true,,EIA,UNFCCC,EIA-UNFCCC,false
IDN,2008,55.924307938435966,Estimate,true,,EIA,UNFCCC,EIA-UNFCCC,false
IDN,2009,60.02041033731488,Estimate,true,,EIA,UNFCCC,EIA-UNFCCC,false
IDN,2010,72.90985408668791,Estimate,true,,EIA,UNFCCC,EIA-UNFCCC,false
IDN,2011,71.45493716359462,Estimate,true,,EIA,UNFCCC,EIA-UNFCCC,false
IDN,2012,78.09058259644105,Estimate,true,,EIA,UNFCCC,EIA-UNFCCC,false
IDN,2013,95.94951867365502,Estimate,true,,EIA,UNFCCC,EIA-UNFCCC,false
IDN,2014,92.65769693889476,Estimate,true,,EIA,UNFCCC,EIA-UNFCCC,false
IDN,2015,93.35943547154385,Estimate,true,,EIA,UNFCCC,EIA-UNFCCC,false
IDN,2016,94.76,Report,false,UNFCCC,,,UNFCCC,false
IDN,2017,95.8090554412655,Estimate,true,,EIA,UNFCCC,EIA-UNFCCC,false
IDN,2018,115.85888115188231,Estimate,true,,EIA,UNFCCC,EIA-UNFCCC,false
IDN,2019,128.0,Report,false,UNFCCC,,,UNFCCC,false
IDN,2020,151.08,Report,false,UNFCCC,,,UNFCCC,false
IDN,2021,164.55,Report,false,UNFCCC,,,UNFCCC,false
IDN,2022,151.0,Report,false,UNFCCC,,,UNFCCC,false
IDN,2023,170.12507755190157,Estimate,true,,EIA,UNFCCC,EIA-UNFCCC,false
IDN,2024,182.04536309400012,Estimate,true,,EIA,UNFCCC,EIA-UNFCCC,false
IDN,2025,1082.8,Estimate,true,GEM,,,GEM,false
IDN,2025,2544.04,Estimate,true,IEA,,,IEA,false
IDN,2025,169.41542163532435,Forecast,true,,IEA,UNFCCC,IEA-UNFCCC,false
IDN,2026,160.70511718106602,Forecast,true,,IEA,UNFCCC,IEA-UNFCCC,false
IDN,2027,155.47893450851103,Forecast,true,,IEA,UNFCCC,IEA-UNFCCC,false
IDN,2028,152.15050941892758,Forecast,true,,IEA,UNFCCC,IEA-UNFCCC,false
IDN,2029,149.10233837515986,Forecast,true,,IEA,UNFCCC,IEA-UNFCCC,false
IDN,2030,146.11535722018334,Forecast,true,,IEA,UNFCCC,IEA-UNFCCC,false
IND,1990,536.0471933167229,Estimate,true,,EIA,UNFCCC,EIA-UNFCCC,false
IND,1991,583.6484439884704,Estimate,true,,EIA,UNFCCC,EIA-UNFCCC,false
IND,1992,607.9999022912698,Estimate,true,,EIA,UNFCCC,EIA-UNFCCC,false
IND,1993,625.8732717768333,Estimate,true,,EIA,UNFCCC,EIA-UNFCCC,false
IND,1994,650.0,Report,false,UNFCCC,,,UNFCCC,false
IND,1995,694.83120816845,Estimate,true,,EIA,UNFCCC,EIA-UNFCCC,false
IND,1996,734.603546826909,Estimate,true,,EIA,UNFCCC,EIA-UNFCCC,false
IND,1997,761.0972690409887,Estimate,true,,EIA,UNFCCC,EIA-UNFCCC,false
IND,1998,768.3667985734526,Estimate,true,,EIA,UNFCCC,EIA-UNFCCC,false
IND,1999,775.6363281059163,Estimate,true,,EIA,UNFCCC,EIA-UNFCCC,false
IND,2000,585.7,Report,false,UNFCCC,,,UNFCCC,false
IND,2001,613.0443285500303,Estimate,true,,EIA,UNFCCC,EIA-UNFCCC,false
IND,2002,638.8280052623425,Estimate,true,,EIA,UNFCCC,EIA-UNFCCC,false
IND,2003,679.0419279861211,Estimate,true,,EIA,UNFCCC,EIA-UNFCCC,false
IND,2004,721.1101257553984,Estimate,true,,EIA,UNFCCC,EIA-UNFCCC,false
IND,2005,764.0253819907575,Estimate,true,,EIA,UNFCCC,EIA-UNFCCC,false
IND,2006,807.3748446667132,Estimate,true,,EIA,UNFCCC,EIA-UNFCCC,false
IND,2007,858.0702261409591,Estimate,true,,EIA,UNFCCC,EIA-UNFCCC,false
IND,2008,879.7191576094463,Estimate,true,,EIA,UNFCCC,EIA-UNFCCC,false
IND,2009,885.576499103121,Estimate,true,,EIA,UNFCCC,EIA-UNFCCC,false
IND,2010,772.0,Report,false,UNFCCC,,,UNFCCC,false
IND,2011,780.38,Report,false,UNFCCC,,,UNFCCC,false
IND,2012,766.0,Report,false,UNFCCC,,,UNFCCC,false
IND,2013,741.33,Report,false,UNFCCC,,,UNFCCC,false
IND,2014,787.95,Report,false,UNFCCC,,,UNFCCC,false
IND,2015,791.14,Report,false,UNFCCC,,,UNFCCC,false
IND,2016,815.0,Report,false,UNFCCC,,,UNFCCC,false
IND,2017,765.0,Report,false,UNFCCC,,,UNFCCC,false
IND,2018,802.95,Report,false,UNFCCC,,,UNFCCC,false
IND,2019,810.36,Report,false,UNFCCC,,,UNFCCC,false
IND,2020,796.0,Report,false,UNFCCC,,,UNFCCC,false
IND,2021,847.7255818638403,Estimate,true,,EIA,UNFCCC,EIA-UNFCCC,false
IND,2022,954.6216157076324,Estimate,true,,EIA,UNFCCC,EIA-UNFCCC,false
IND,2023,1071.4264894359633,Estimate,true,,EIA,UNFCCC,EIA-UNFCCC,false
IND,2024,1120.215408285231,Estimate,true,,EIA,UNFCCC,EIA-UNFCCC,false
IND,2025,1386.7,Estimate,true,GEM,,,GEM,false
IND,2025,2138.4,Estimate,true,IEA,,,IEA,false
IND,2025,1204.3236012461778,Forecast,true,,IEA,UNFCCC,IEA-UNFCCC,false
IND,2026,1340.3491319654431,Forecast,true,,IEA,UNFCCC,IEA-UNFCCC,false
IND,2027,1276.207011788879,Forecast,true,,IEA,UNFCCC,IEA-UNFCCC,false
IND,2028,1322.090745687597,Forecast,true,,IEA,UNFCCC,IEA-UNFCCC,false
IND,2029,1369.624480332926,Forecast,true,,IEA,UNFCCC,IEA-UNFCCC,false
IND,2030,1418.8679342505475,Forecast,true,,IEA,UNFCCC,IEA-UNFCCC,false
IRL,1990,2.2222627,Report,false,UNFCCC,,,UNFCCC,true
IRL,1991,1.7973755,Report,false,UNFCCC,,,UNFCCC,true
IRL,1992,1.6296879,Report,false,UNFCCC,,,UNFCCC,true
IRL,1993,1.505062597222,Report,false,UNFCCC,,,UNFCCC,true
IRL,1994,1.410015,Report,false,UNFCCC,,,UNFCCC,true
IRL,1995,1.3331928,Report,false,UNFCCC,,,UNFCCC,true
IRL,1996,1.2608596,Report,false,UNFCCC,,,UNFCCC,true
IRL,1997,1.2056583,Report,false,UNFCCC,,,UNFCCC,true
IRL,1998,1.1584166,Report,false,UNFCCC,,,UNFCCC,true
IRL,1999,1.1165349,Report,false,UNFCCC,,,UNFCCC,true
IRL,2000,1.0808306,Report,false,UNFCCC,,,UNFCCC,true
IRL,2001,1.0475249,Report,false,UNFCCC,,,UNFCCC,true
IRL,2002,1.0169997,Report,false,UNFCCC,,,UNFCCC,true
IRL,2003,0.9898714,Report,false,UNFCCC,,,UNFCCC,true
IRL,2004,0.9659591,Report,false,UNFCCC,,,UNFCCC,true
IRL,2005,0.9418659,Report,false,UNFCCC,,,UNFCCC,true
IRL,2006,0.9218061,Report,false,UNFCCC,,,UNFCCC,true
IRL,2007,0.9011098,Report,false,UNFCCC,,,UNFCCC,true
IRL,2008,0.883194,Report,false,UNFCCC,,,UNFCCC,true
IRL,2009,0.8663502,Report,false,UNFCCC,,,UNFCCC,true
IRL,2010,0.8493255,Report,false,UNFCCC,,,UNFCCC,true
IRL,2011,0.8346257,Report,false,UNFCCC,,,UNFCCC,true
IRL,2012,0.8199259,Report,false,UNFCCC,,,UNFCCC,true
IRL,2013,0.8058626,Report,false,UNFCCC,,,UNFCCC,true
IRL,2014,0.7934877,Report,false,UNFCCC,,,UNFCCC,true
IRL,2015,0.7815684,Report,false,UNFCCC,,,UNFCCC,true
IRL,2016,0.7696491,Report,false,UNFCCC,,,UNFCCC,true
IRL,2017,0.7345813,Report,false,UNFCCC,,,UNFCCC,true
IRL,2018,0.724806,Report,false,UNFCCC,,,UNFCCC,true
IRL,2019,0.7150307,Report,false,UNFCCC,,,UNFCCC,true
IRL,2020,0.7065083,Report,false,UNFCCC,,,UNFCCC,true
IRL,2021,0.6978050000000001,Report,false,UNFCCC,,,UNFCCC,true
IRL,2022,0.6908102000000002,Report,false,UNFCCC,,,UNFCCC,true
IRL,2023,0.6822878000000002,Report,false,UNFCCC,,,UNFCCC,true
IRL,2024,0.6746565000000002,Report,false,UNFCCC,,,UNFCCC,true
IRN,1990,15.008543165467628,Estimate,true,,EIA,UNFCCC,EIA-UNFCCC,false
IRN,1991,11.187949640287771,Estimate,true,,EIA,UNFCCC,EIA-UNFCCC,false
IRN,1992,12.661436478000516,Estimate,true,,EIA,UNFCCC,EIA-UNFCCC,false
IRN,1993,14.786870503597122,Estimate,true,,EIA,UNFCCC,EIA-UNFCCC,false
IRN,1994,14.5,Report,false,UNFCCC,,,UNFCCC,false
IRN,1995,14.786870503597122,Estimate,true,,EIA,UNFCCC,EIA-UNFCCC,false
IRN,1996,14.5,Estimate,true,,EIA,UNFCCC,EIA-UNFCCC,false
IRN,1997,15.77789721620562,Estimate,true,,EIA,UNFCCC,EIA-UNFCCC,false
IRN,1998,16.038669064748415,Estimate,true,,EIA,UNFCCC,EIA-UNFCCC,false
IRN,1999,13.561151079137188,Estimate,true,,EIA,UNFCCC,EIA-UNFCCC,false
IRN,2000,6.7,Report,false,UNFCCC,,,UNFCCC,false
IRN,2001,6.50156794425085,Estimate,true,,EIA,UNFCCC,EIA-UNFCCC,false
IRN,2002,6.022996515679276,Estimate,true,,EIA,UNFCCC,EIA-UNFCCC,false
IRN,2003,6.670818815331039,Estimate,true,,EIA,UNFCCC,EIA-UNFCCC,false
IRN,2004,7.143554006968495,Estimate,true,,EIA,UNFCCC,EIA-UNFCCC,false
IRN,2005,7.913937282229587,Estimate,true,,EIA,UNFCCC,EIA-UNFCCC,false
IRN,2006,7.750522648083622,Estimate,true,,EIA,UNFCCC,EIA-UNFCCC,false
IRN,2007,8.369163763066025,Estimate,true,,EIA,UNFCCC,EIA-UNFCCC,false
IRN,2008,8.118205574912562,Estimate,true,,EIA,UNFCCC,EIA-UNFCCC,false
IRN,2009,6.723344947735005,Estimate,true,,EIA,UNFCCC,EIA-UNFCCC,false
IRN,2010,14.1,Report,false,UNFCCC,,,UNFCCC,false
IRN,2011,15.071074380165289,Estimate,true,,EIA,UNFCCC,EIA-UNFCCC,false
IRN,2012,13.478512396694212,Estimate,true,,EIA,UNFCCC,EIA-UNFCCC,false
IRN,2013,14.307162534435141,Estimate,true,,EIA,UNFCCC,EIA-UNFCCC,false
IRN,2014,13.91873278236973,Estimate,true,,EIA,UNFCCC,EIA-UNFCCC,false
IRN,2015,15.614876033057849,Estimate,true,,EIA,UNFCCC,EIA-UNFCCC,false
IRN,2016,17.285123966942148,Estimate,true,,EIA,UNFCCC,EIA-UNFCCC,false
IRN,2017,20.428893112947655,Estimate,true,,EIA,UNFCCC,EIA-UNFCCC,false
IRN,2018,22.178678512396694,Estimate,true,,EIA,UNFCCC,EIA-UNFCCC,false
IRN,2019,19.620648484848484,Estimate,true,,EIA,UNFCCC,EIA-UNFCCC,false
IRN,2020,19.966363911845725,Estimate,true,,EIA,UNFCCC,EIA-UNFCCC,false
IRN,2021,21.262212176308537,Estimate,true,,EIA,UNFCCC,EIA-UNFCCC,false
IRN,2022,21.31184573002755,Estimate,true,,EIA,UNFCCC,EIA-UNFCCC,false
IRN,2023,23.563301101928374,Estimate,true,,EIA,UNFCCC,EIA-UNFCCC,false
IRN,2024,25.52057718231777,Estimate,true,,EIA,UNFCCC,EIA-UNFCCC,false
IRN,2025,28.9,Estimate,true,GEM,,,GEM,false
IRN,2025,46.42,Estimate,true,IEA,,,IEA,false
ITA,1990,2.104001,Report,false,UNFCCC,,,UNFCCC,true
ITA,1991,1.641969,Report,false,UNFCCC,,,UNFCCC,true
ITA,1992,2.473104,Report,false,UNFCCC,,,UNFCCC,true
ITA,1993,1.003995,Report,false,UNFCCC,,,UNFCCC,true
ITA,1994,0.606618,Report,false,UNFCCC,,,UNFCCC,true
ITA,1995,0.37570392810229,Report,false,UNFCCC,,,UNFCCC,true
ITA,1996,0.30705208130986,Report,false,UNFCCC,,,UNFCCC,true
ITA,1997,0.19814426333468,Report,false,UNFCCC,,,UNFCCC,true
ITA,1998,0.05866035828297,Report,false,UNFCCC,,,UNFCCC,true
ITA,1999,0.05111107098496,Report,false,UNFCCC,,,UNFCCC,true
ITA,2000,1.619189,Report,false,UNFCCC,,,UNFCCC,true
ITA,2001,1.909165,Report,false,UNFCCC,,,UNFCCC,true
ITA,2002,2.238805,Report,false,UNFCCC,,,UNFCCC,true
ITA,2003,3.43375,Report,false,UNFCCC,,,UNFCCC,true
ITA,2004,1.34603,Report,false,UNFCCC,,,UNFCCC,true
ITA,2005,1.304825,Report,false,UNFCCC,,,UNFCCC,true
ITA,2006,0.288435,Report,false,UNFCCC,,,UNFCCC,true
ITA,2007,2.17013,Report,false,UNFCCC,,,UNFCCC,true
ITA,2008,1.606995,Report,false,UNFCCC,,,UNFCCC,true
ITA,2009,0.98892,Report,false,UNFCCC,,,UNFCCC,true
ITA,2010,1.387235,Report,false,UNFCCC,,,UNFCCC,true
ITA,2011,1.26362,Report,false,UNFCCC,,,UNFCCC,true
ITA,2012,1.0988,Report,false,UNFCCC,,,UNFCCC,true
ITA,2013,1.002655,Report,false,UNFCCC,,,UNFCCC,true
ITA,2014,1.18121,Report,false,UNFCCC,,,UNFCCC,true
ITA,2015,1.112535,Report,false,UNFCCC,,,UNFCCC,true
ITA,2016,0.97686,Report,false,UNFCCC,,,UNFCCC,true
ITA,2017,0.50906904217943,Report,false,UNFCCC,,,UNFCCC,true
ITA,2018,0.39881225860988,Report,false,UNFCCC,,,UNFCCC,true
ITA,2019,0.34210563301091,Report,false,UNFCCC,,,UNFCCC,true
ITA,2020,0.30582650209208,Report,false,UNFCCC,,,UNFCCC,true
ITA,2021,0.27995277,Report,false,UNFCCC,,,UNFCCC,true
ITA,2022,0.26024736,Report,false,UNFCCC,,,UNFCCC,true
ITA,2023,0.2445623044741805,Report,false,UNFCCC,,,UNFCCC,true
ITA,2024,0.23167441102521086,Report,false,UNFCCC,,,UNFCCC,true
JPN,1990,192.43470774416784,Report,false,UNFCCC,,,UNFCCC,true
JPN,1991,178.13549727221036,Report,false,UNFCCC,,,UNFCCC,true
JPN,1992,144.4581569154492,Report,false,UNFCCC,,,UNFCCC,true
JPN,1993,121.59013057272028,Report,false,UNFCCC,,,UNFCCC,true
JPN,1994,111.68631515815946,Report,false,UNFCCC,,,UNFCCC,true
JPN,1995,97.47731017341852,Report,false,UNFCCC,,,UNFCCC,true
JPN,1996,84.26687720545242,Report,false,UNFCCC,,,UNFCCC,true
JPN,1997,78.01537075919173,Report,false,UNFCCC,,,UNFCCC,true
JPN,1998,71.82969655314871,Report,false,UNFCCC,,,UNFCCC,true
JPN,1999,69.12294049045386,Report,false,UNFCCC,,,UNFCCC,true
JPN,2000,63.26010890272995,Report,false,UNFCCC,,,UNFCCC,true
JPN,2001,54.23041872631122,Report,false,UNFCCC,,,UNFCCC,true
JPN,2002,30.91206286690983,Report,false,UNFCCC,,,UNFCCC,true
JPN,2003,28.17170438137523,Report,false,UNFCCC,,,UNFCCC,true
JPN,2004,27.07755714897163,Report,false,UNFCCC,,,UNFCCC,true
JPN,2005,26.33686118659929,Report,false,UNFCCC,,,UNFCCC,true
JPN,2006,25.83529074736482,Report,false,UNFCCC,,,UNFCCC,true
JPN,2007,24.3229477259522,Report,false,UNFCCC,,,UNFCCC,true
JPN,2008,23.44775312732819,Report,false,UNFCCC,,,UNFCCC,true
JPN,2009,23.09567065931006,Report,false,UNFCCC,,,UNFCCC,true
JPN,2010,22.61323647637652,Report,false,UNFCCC,,,UNFCCC,true
JPN,2011,22.14127158990064,Report,false,UNFCCC,,,UNFCCC,true
JPN,2012,21.85811995596838,Report,false,UNFCCC,,,UNFCCC,true
JPN,2013,21.39772450801323,Report,false,UNFCCC,,,UNFCCC,true
JPN,2014,21.66282206111361,Report,false,UNFCCC,,,UNFCCC,true
JPN,2015,20.9096775653095,Report,false,UNFCCC,,,UNFCCC,true
JPN,2016,20.65104491281026,Report,false,UNFCCC,,,UNFCCC,true
JPN,2017,21.24899422632971,Report,false,UNFCCC,,,UNFCCC,true
JPN,2018,19.07424058336134,Report,false,UNFCCC,,,UNFCCC,true
JPN,2019,18.25559113496036,Report,false,UNFCCC,,,UNFCCC,true
JPN,2020,17.962316732652,Report,false,UNFCCC,,,UNFCCC,true
JPN,2021,18.087400016344393,Report,false,UNFCCC,,,UNFCCC,true
JPN,2022,17.538192115855594,Report,false,UNFCCC,,,UNFCCC,true
JPN,2023,17.42628593043071,Report,false,UNFCCC,,,UNFCCC,true
JPN,2024,16.712986074882757,Report,false,UNFCCC,,,UNFCCC,true
JPN,2025,2.9,Estimate,true,GEM,,,GEM,true
JPN,2025,9.57,Estimate,true,IEA,,,IEA,true
KAZ,1990,1255.849005,Report,false,UNFCCC,,,UNFCCC,true
KAZ,1991,1052.88155,Report,false,UNFCCC,,,UNFCCC,true
KAZ,1992,966.26998,Report,false,UNFCCC,,,UNFCCC,true
KAZ,1993,836.5090700000001,Report,false,UNFCCC,,,UNFCCC,true
KAZ,1994,731.3545800000002,Report,false,UNFCCC,,,UNFCCC,true
KAZ,1995,471.74164,Report,false,UNFCCC,,,UNFCCC,true
KAZ,1996,431.17783,Report,false,UNFCCC,,,UNFCCC,true
KAZ,1997,461.222506,Report,false,UNFCCC,,,UNFCCC,true
KAZ,1998,425.6644,Report,false,UNFCCC,,,UNFCCC,true
KAZ,1999,361.19231,Report,false,UNFCCC,,,UNFCCC,true
KAZ,2000,436.40986000000004,Report,false,UNFCCC,,,UNFCCC,true
KAZ,2001,296.80062,Report,false,UNFCCC,,,UNFCCC,true
KAZ,2002,304.03126,Report,false,UNFCCC,,,UNFCCC,true
KAZ,2003,356.96863,Report,false,UNFCCC,,,UNFCCC,true
KAZ,2004,357.8671,Report,false,UNFCCC,,,UNFCCC,true
KAZ,2005,327.29031,Report,false,UNFCCC,,,UNFCCC,true
KAZ,2006,351.49339,Report,false,UNFCCC,,,UNFCCC,true
KAZ,2007,364.10815,Report,false,UNFCCC,,,UNFCCC,true
KAZ,2008,360.10088,Report,false,UNFCCC,,,UNFCCC,true
KAZ,2009,343.40180000000004,Report,false,UNFCCC,,,UNFCCC,true
KAZ,2010,378.74818600000003,Report,false,UNFCCC,,,UNFCCC,true
KAZ,2011,417.380855,Report,false,UNFCCC,,,UNFCCC,true
KAZ,2012,372.0834749,Report,false,UNFCCC,,,UNFCCC,true
KAZ,2013,372.20644,Report,false,UNFCCC,,,UNFCCC,true
KAZ,2014,373.35549,Report,false,UNFCCC,,,UNFCCC,true
KAZ,2015,349.32058,Report,false,UNFCCC,,,UNFCCC,true
KAZ,2016,344.44499,Report,false,UNFCCC,,,UNFCCC,true
KAZ,2017,347.85462,Report,false,UNFCCC,,,UNFCCC,true
KAZ,2018,357.10129,Report,false,UNFCCC,,,UNFCCC,true
KAZ,2019,346.5687694,Report,false,UNFCCC,,,UNFCCC,true
KAZ,2020,330.082937,Report,false,UNFCCC,,,UNFCCC,true
KAZ,2021,308.042400322,Report,false,UNFCCC,,,UNFCCC,true
KAZ,2022,341.2833672,Report,false,UNFCCC,,,UNFCCC,true
KAZ,2023,324.8797438,Report,false,UNFCCC,,,UNFCCC,true
KAZ,2024,310.19866360000003,Report,false,UNFCCC,,,UNFCCC,true
KAZ,2025,868.9,Estimate,true,GEM,,,GEM,true
KAZ,2025,2175.8199999999997,Estimate,true,IEA,,,IEA,true
KGZ,1990,12.8,Report,false,UNFCCC,,,UNFCCC,false
KGZ,1991,12.3,Report,false,UNFCCC,,,UNFCCC,false
KGZ,1992,8.3,Report,false,UNFCCC,,,UNFCCC,false
KGZ,1993,6.4,Report,false,UNFCCC,,,UNFCCC,false
KGZ,1994,2.7,Report,false,UNFCCC,,,UNFCCC,false
KGZ,1995,1.6,Report,false,UNFCCC,,,UNFCCC,false
KGZ,1996,1.1,Report,false,UNFCCC,,,UNFCCC,false
KGZ,1997,1.0,Report,false,UNFCCC,,,UNFCCC,false
KGZ,1998,0.6,Report,false,UNFCCC,,,UNFCCC,false
KGZ,1999,0.5,Report,false,UNFCCC,,,UNFCCC,false
KGZ,2000,1.0,Report,false,UNFCCC,,,UNFCCC,false
KGZ,2001,1.1,Report,false,UNFCCC,,,UNFCCC,false
KGZ,2002,1.2,Report,false,UNFCCC,,,UNFCCC,false
KGZ,2003,1.0,Report,false,UNFCCC,,,UNFCCC,false
KGZ,2004,1.2,Report,false,UNFCCC,,,UNFCCC,false
KGZ,2005,1.1,Report,false,UNFCCC,,,UNFCCC,false
KGZ,2006,1.1,Report,false,UNFCCC,,,UNFCCC,false
KGZ,2007,1.0,Report,false,UNFCCC,,,UNFCCC,false
KGZ,2008,1.2,Report,false,UNFCCC,,,UNFCCC,false
KGZ,2009,1.1,Report,false,UNFCCC,,,UNFCCC,false
KGZ,2010,1.3,Report,false,UNFCCC,,,UNFCCC,false
KGZ,2011,0.615,Report,false,UNFCCC,,,UNFCCC,false
KGZ,2012,0.963,Report,false,UNFCCC,,,UNFCCC,false
KGZ,2013,1.0,Report,false,UNFCCC,,,UNFCCC,false
KGZ,2014,2.019,Report,false,UNFCCC,,,UNFCCC,false
KGZ,2015,2.0,Report,false,UNFCCC,,,UNFCCC,false
KGZ,2016,1.0,Report,false,UNFCCC,,,UNFCCC,false
KGZ,2017,1.0,Report,false,UNFCCC,,,UNFCCC,false
KGZ,2018,1.857,Report,false,UNFCCC,,,UNFCCC,false
KGZ,2019,2.0,Report,false,UNFCCC,,,UNFCCC,false
KGZ,2020,4.196,Report,false,UNFCCC,,,UNFCCC,false
KGZ,2021,3.2121945870446096,Estimate,true,,EIA,UNFCCC,EIA-UNFCCC,false
KGZ,2022,5.69872163725655,Estimate,true,,EIA,UNFCCC,EIA-UNFCCC,false
KGZ,2023,5.774290850559259,Estimate,true,,EIA,UNFCCC,EIA-UNFCCC,false
KGZ,2024,6.889245812594181,Estimate,true,,EIA,UNFCCC,EIA-UNFCCC,false
KGZ,2025,1.5,Estimate,true,GEM,,,GEM,false
KHM,2025,0.3,Estimate,true,GEM,,,GEM,
KOR,1990,230.1,Report,false,UNFCCC,,,UNFCCC,false
KOR,1991,201.3,Report,false,UNFCCC,,,UNFCCC,false
KOR,1992,160.0,Report,false,UNFCCC,,,UNFCCC,false
KOR,1993,125.7,Report,false,UNFCCC,,,UNFCCC,false
KOR,1994,98.9,Report,false,UNFCCC,,,UNFCCC,false
KOR,1995,76.5,Report,false,UNFCCC,,,UNFCCC,false
KOR,1996,66.2,Report,false,UNFCCC,,,UNFCCC,false
KOR,1997,60.3,Report,false,UNFCCC,,,UNFCCC,false
KOR,1998,58.3,Report,false,UNFCCC,,,UNFCCC,false
KOR,1999,56.1,Report,false,UNFCCC,,,UNFCCC,false
KOR,2000,55.5,Report,false,UNFCCC,,,UNFCCC,false
KOR,2001,51.0,Report,false,UNFCCC,,,UNFCCC,false
KOR,2002,44.4,Report,false,UNFCCC,,,UNFCCC,false
KOR,2003,44.1,Report,false,UNFCCC,,,UNFCCC,false
KOR,2004,42.7,Report,false,UNFCCC,,,UNFCCC,false
KOR,2005,37.9,Report,false,UNFCCC,,,UNFCCC,false
KOR,2006,37.8,Report,false,UNFCCC,,,UNFCCC,false
KOR,2007,38.6,Report,false,UNFCCC,,,UNFCCC,false
KOR,2008,37.1,Report,false,UNFCCC,,,UNFCCC,false
KOR,2009,33.7,Report,false,UNFCCC,,,UNFCCC,false
KOR,2010,27.9,Report,false,UNFCCC,,,UNFCCC,false
KOR,2011,27.9,Report,false,UNFCCC,,,UNFCCC,false
KOR,2012,28.0,Report,false,UNFCCC,,,UNFCCC,false
KOR,2013,24.3,Report,false,UNFCCC,,,UNFCCC,false
KOR,2014,23.4,Report,false,UNFCCC,,,UNFCCC,false
KOR,2015,23.6,Report,false,UNFCCC,,,UNFCCC,false
KOR,2016,23.1,Report,false,UNFCCC,,,UNFCCC,false
KOR,2017,19.9,Report,false,UNFCCC,,,UNFCCC,false
KOR,2018,16.0,Report,false,UNFCCC,,,UNFCCC,false
KOR,2019,15.242105263157894,Estimate,true,,EIA,UNFCCC,EIA-UNFCCC,false
KOR,2020,92.85,Report,false,UNFCCC,,,UNFCCC,false
KOR,2021,89.28,Report,false,UNFCCC,,,UNFCCC,false
KOR,2022,85.71,Report,false,UNFCCC,,,UNFCCC,false
KOR,2023,67.62728048780488,Estimate,true,,EIA,UNFCCC,EIA-UNFCCC,false
KOR,2024,56.86133591506106,Estimate,true,,EIA,UNFCCC,EIA-UNFCCC,false
KOR,2025,11.9,Estimate,true,GEM,,,GEM,false
KOR,2025,25.189999999999998,Estimate,true,IEA,,,IEA,false
LAO,1990,0.0005240174672489083,Estimate,true,,EIA,UNFCCC,EIA-UNFCCC,false
LAO,1991,0.0008733624454148471,Estimate,true,,EIA,UNFCCC,EIA-UNFCCC,false
LAO,1992,0.0015720524017467246,Estimate,true,,EIA,UNFCCC,EIA-UNFCCC,false
LAO,1993,0.002445414847161572,Estimate,true,,EIA,UNFCCC,EIA-UNFCCC,false
LAO,1994,0.0033187772925764186,Estimate,true,,EIA,UNFCCC,EIA-UNFCCC,false
LAO,1995,0.004017467248908296,Estimate,true,,EIA,UNFCCC,EIA-UNFCCC,false
LAO,1996,0.008855895671887765,Estimate,true,,EIA,UNFCCC,EIA-UNFCCC,false
LAO,1997,0.016663754824673662,Estimate,true,,EIA,UNFCCC,EIA-UNFCCC,false
LAO,1998,0.027248908296942754,Estimate,true,,EIA,UNFCCC,EIA-UNFCCC,false
LAO,1999,0.036681222707424056,Estimate,true,,EIA,UNFCCC,EIA-UNFCCC,false
LAO,2000,0.04,Report,false,UNFCCC,,,UNFCCC,false
LAO,2001,0.04314410480349345,Estimate,true,,EIA,UNFCCC,EIA-UNFCCC,false
LAO,2002,0.0462882096069869,Estimate,true,,EIA,UNFCCC,EIA-UNFCCC,false
LAO,2003,0.0508296943231441,Estimate,true,,EIA,UNFCCC,EIA-UNFCCC,false
LAO,2004,0.06043668122270742,Estimate,true,,EIA,UNFCCC,EIA-UNFCCC,false
LAO,2005,0.06480349344978166,Estimate,true,,EIA,UNFCCC,EIA-UNFCCC,false
LAO,2006,0.07056768558951965,Estimate,true,,EIA,UNFCCC,EIA-UNFCCC,false
LAO,2007,0.07982532751091703,Estimate,true,,EIA,UNFCCC,EIA-UNFCCC,false
LAO,2008,0.08803493449781657,Estimate,true,,EIA,UNFCCC,EIA-UNFCCC,false
LAO,2009,0.09921397379912662,Estimate,true,,EIA,UNFCCC,EIA-UNFCCC,false
LAO,2010,0.12820960698689954,Estimate,true,,EIA,UNFCCC,EIA-UNFCCC,false
LAO,2011,0.14777292576419215,Estimate,true,,EIA,UNFCCC,EIA-UNFCCC,false
LAO,2012,0.16454148471615718,Estimate,true,,EIA,UNFCCC,EIA-UNFCCC,false
LAO,2013,0.18427947598253275,Estimate,true,,EIA,UNFCCC,EIA-UNFCCC,false
LAO,2014,0.20401746724890832,Estimate,true,,EIA,UNFCCC,EIA-UNFCCC,false
LAO,2015,0.8373799126637554,Estimate,true,,EIA,UNFCCC,EIA-UNFCCC,false
LAO,2016,2.311965065502183,Estimate,true,,EIA,UNFCCC,EIA-UNFCCC,false
LAO,2017,2.3707947598253276,Estimate,true,,EIA,UNFCCC,EIA-UNFCCC,false
LAO,2018,2.802829694323144,Estimate,true,,EIA,UNFCCC,EIA-UNFCCC,false
LAO,2019,2.694332925764192,Estimate,true,,EIA,UNFCCC,EIA-UNFCCC,false
LAO,2020,2.565390218340611,Estimate,true,,EIA,UNFCCC,EIA-UNFCCC,false
LAO,2021,2.5007149344978163,Estimate,true,,EIA,UNFCCC,EIA-UNFCCC,false
LAO,2022,2.593013100436681,Estimate,true,,EIA,UNFCCC,EIA-UNFCCC,false
LAO,2023,2.9046288209606987,Estimate,true,,EIA,UNFCCC,EIA-UNFCCC,false
LAO,2024,3.1477483722826767,Estimate,true,,EIA,UNFCCC,EIA-UNFCCC,false
LAO,2025,116.3,Estimate,true,GEM,,,GEM,false
LAO,2025,3.0742394639013892,Forecast,true,,IEA,UNFCCC,IEA-UNFCCC,false
LAO,2026,3.3816634102915275,Forecast,true,,IEA,UNFCCC,IEA-UNFCCC,false
LAO,2027,3.71982975132068,Forecast,true,,IEA,UNFCCC,IEA-UNFCCC,false
LAO,2028,4.091707922834661,Forecast,true,,IEA,UNFCCC,IEA-UNFCCC,false
LAO,2029,4.500966051466533,Forecast,true,,IEA,UNFCCC,IEA-UNFCCC,false
LAO,2030,7.0469952802066835,Forecast,true,,IEA,UNFCCC,IEA-UNFCCC,false
MAR,1990,5.090322580645161,Estimate,true,,EIA,UNFCCC,EIA-UNFCCC,false
MAR,1991,5.33225806451613,Estimate,true,,EIA,UNFCCC,EIA-UNFCCC,false
MAR,1992,5.574193548387097,Estimate,true,,EIA,UNFCCC,EIA-UNFCCC,false
MAR,1993,5.845161290322581,Estimate,true,,EIA,UNFCCC,EIA-UNFCCC,false
MAR,1994,6.290322580645161,Estimate,true,,EIA,UNFCCC,EIA-UNFCCC,false
MAR,1995,6.290322580645161,Estimate,true,,EIA,UNFCCC,EIA-UNFCCC,false
MAR,1996,4.896774193548387,Estimate,true,,EIA,UNFCCC,EIA-UNFCCC,false
MAR,1997,3.638709677419355,Estimate,true,,EIA,UNFCCC,EIA-UNFCCC,false
MAR,1998,2.6032258064516127,Estimate,true,,EIA,UNFCCC,EIA-UNFCCC,false
MAR,1999,1.2483870967741937,Estimate,true,,EIA,UNFCCC,EIA-UNFCCC,false
MAR,2000,0.3,Report,false,UNFCCC,,,UNFCCC,false
MAR,2001,0.2830645161290323,Estimate,true,,EIA,UNFCCC,EIA-UNFCCC,false
MAR,2002,0.2661290322580645,Estimate,true,,EIA,UNFCCC,EIA-UNFCCC,false
MAR,2003,0.24919354838709679,Estimate,true,,EIA,UNFCCC,EIA-UNFCCC,false
MAR,2004,0.23225806451612904,Estimate,true,,EIA,UNFCCC,EIA-UNFCCC,false
MAR,2005,0.11612903225806452,Estimate,true,,EIA,UNFCCC,EIA-UNFCCC,false
MAR,2006,0.06612903225806455,Estimate,true,,EIA,UNFCCC,EIA-UNFCCC,false
MAR,2010,0.354,Report,false,UNFCCC,,,UNFCCC,false
MAR,2012,0.0,Report,false,UNFCCC,,,UNFCCC,false
MAR,2014,0.0,Report,false,UNFCCC,,,UNFCCC,false
MAR,2016,0.0,Report,false,UNFCCC,,,UNFCCC,false
MAR,2018,0.0,Report,false,UNFCCC,,,UNFCCC,false
MAR,2020,0.28,Report,false,UNFCCC,,,UNFCCC,false
MAR,2021,0.28,Report,false,UNFCCC,,,UNFCCC,false
MAR,2022,0.27,Report,false,UNFCCC,,,UNFCCC,false
MEX,1990,112.7,Report,false,UNFCCC,,,UNFCCC,false
MEX,1991,101.4,Report,false,UNFCCC,,,UNFCCC,false
MEX,1992,91.0,Report,false,UNFCCC,,,UNFCCC,false
MEX,1993,108.0,Report,false,UNFCCC,,,UNFCCC,false
MEX,1994,114.7,Report,false,UNFCCC,,,UNFCCC,false
MEX,1995,114.2,Report,false,UNFCCC,,,UNFCCC,false
MEX,1996,140.7,Report,false,UNFCCC,,,UNFCCC,false
MEX,1997,128.7,Report,false,UNFCCC,,,UNFCCC,false
MEX,1998,127.8,Report,false,UNFCCC,,,UNFCCC,false
MEX,1999,135.1,Report,false,UNFCCC,,,UNFCCC,false
MEX,2000,151.4,Report,false,UNFCCC,,,UNFCCC,false
MEX,2001,128.1,Report,false,UNFCCC,,,UNFCCC,false
MEX,2002,120.9,Report,false,UNFCCC,,,UNFCCC,false
MEX,2003,143.5,Report,false,UNFCCC,,,UNFCCC,false
MEX,2004,124.9,Report,false,UNFCCC,,,UNFCCC,false
MEX,2005,121.6,Report,false,UNFCCC,,,UNFCCC,false
MEX,2006,112.6,Report,false,UNFCCC,,,UNFCCC,false
MEX,2007,123.2,Report,false,UNFCCC,,,UNFCCC,false
MEX,2008,160.5,Report,false,UNFCCC,,,UNFCCC,false
MEX,2009,260.7,Report,false,UNFCCC,,,UNFCCC,false
MEX,2010,312.2,Report,false,UNFCCC,,,UNFCCC,false
MEX,2011,395.1,Report,false,UNFCCC,,,UNFCCC,false
MEX,2012,331.8,Report,false,UNFCCC,,,UNFCCC,false
MEX,2013,342.1,Report,false,UNFCCC,,,UNFCCC,false
MEX,2014,155.7,Report,false,UNFCCC,,,UNFCCC,false
MEX,2015,102.96,Report,false,UNFCCC,,,UNFCCC,false
MEX,2016,105.97,Report,false,UNFCCC,,,UNFCCC,false
MEX,2017,102.13,Report,false,UNFCCC,,,UNFCCC,false
MEX,2018,94.54136633831521,Estimate,true,,EIA,UNFCCC,EIA-UNFCCC,false
MEX,2019,52.93,Report,false,UNFCCC,,,UNFCCC,false
MEX,2020,63.37,Report,false,UNFCCC,,,UNFCCC,false
MEX,2021,63.37,Report,false,UNFCCC,,,UNFCCC,false
MEX,2022,55.98,Report,false,UNFCCC,,,UNFCCC,false
MEX,2023,54.26894549159449,Estimate,true,,EIA,UNFCCC,EIA-UNFCCC,false
MEX,2024,54.11474877780055,Estimate,true,,EIA,UNFCCC,EIA-UNFCCC,false
MEX,2025,1.1,Estimate,true,GEM,,,GEM,false
MEX,2025,24.659999999999997,Estimate,true,IEA,,,IEA,false
MKD,1990,7.1,Report,false,UNFCCC,,,UNFCCC,false
MKD,1991,6.6,Report,false,UNFCCC,,,UNFCCC,false
MKD,1992,6.4,Report,false,UNFCCC,,,UNFCCC,false
MKD,1993,6.6,Report,false,UNFCCC,,,UNFCCC,false
MKD,1994,7.0,Report,false,UNFCCC,,,UNFCCC,false
MKD,1995,7.3,Report,false,UNFCCC,,,UNFCCC,false
MKD,1996,7.0,Report,false,UNFCCC,,,UNFCCC,false
MKD,1997,7.5,Report,false,UNFCCC,,,UNFCCC,false
MKD,1998,8.2,Report,false,UNFCCC,,,UNFCCC,false
MKD,1999,7.4,Report,false,UNFCCC,,,UNFCCC,false
MKD,2000,7.6,Report,false,UNFCCC,,,UNFCCC,false
MKD,2001,8.2,Report,false,UNFCCC,,,UNFCCC,false
MKD,2002,7.6,Report,false,UNFCCC,,,UNFCCC,false
MKD,2003,8.7,Report,false,UNFCCC,,,UNFCCC,false
MKD,2004,8.4,Report,false,UNFCCC,,,UNFCCC,false
MKD,2005,8.2,Report,false,UNFCCC,,,UNFCCC,false
MKD,2006,8.0,Report,false,UNFCCC,,,UNFCCC,false
MKD,2007,8.2,Report,false,UNFCCC,,,UNFCCC,false
MKD,2008,9.6,Report,false,UNFCCC,,,UNFCCC,false
MKD,2009,8.8,Report,false,UNFCCC,,,UNFCCC,false
MKD,2010,7.968112038782656,Estimate,true,,EIA,UNFCCC,EIA-UNFCCC,false
MKD,2011,9.727875033665502,Estimate,true,,EIA,UNFCCC,EIA-UNFCCC,false
MKD,2012,8.662537032049556,Estimate,true,,EIA,UNFCCC,EIA-UNFCCC,false
MKD,2013,7.923081066523028,Estimate,true,,EIA,UNFCCC,EIA-UNFCCC,false
MKD,2014,6.393,Report,false,UNFCCC,,,UNFCCC,false
MKD,2015,5.857,Report,false,UNFCCC,,,UNFCCC,false
MKD,2016,5.071,Report,false,UNFCCC,,,UNFCCC,false
MKD,2017,5.036,Report,false,UNFCCC,,,UNFCCC,false
MKD,2018,4.928,Report,false,UNFCCC,,,UNFCCC,false
MKD,2019,5.393,Report,false,UNFCCC,,,UNFCCC,false
MKD,2020,4.951187070125441,Estimate,true,,EIA,UNFCCC,EIA-UNFCCC,false
MKD,2021,4.0546484614247085,Estimate,true,,EIA,UNFCCC,EIA-UNFCCC,false
MKD,2022,4.996769123153572,Estimate,true,,EIA,UNFCCC,EIA-UNFCCC,false
MKD,2023,3.9378656189810255,Estimate,true,,EIA,UNFCCC,EIA-UNFCCC,false
MKD,2024,3.1843152466190547,Estimate,true,,EIA,UNFCCC,EIA-UNFCCC,false
MKD,2025,2.5,Estimate,true,GEM,,,GEM,false
MMR,1990,0.06789761093975576,Estimate,true,,EIA,UNFCCC,EIA-UNFCCC,false
MMR,1991,0.07380175296210545,Estimate,true,,EIA,UNFCCC,EIA-UNFCCC,false
MMR,1992,0.07183370859695862,Estimate,true,,EIA,UNFCCC,EIA-UNFCCC,false
MMR,1993,0.07772615065156405,Estimate,true,,EIA,UNFCCC,EIA-UNFCCC,false
MMR,1994,0.0701942887589132,Estimate,true,,EIA,UNFCCC,EIA-UNFCCC,false
MMR,1995,0.07575810628641716,Estimate,true,,EIA,UNFCCC,EIA-UNFCCC,false
MMR,1996,0.0701942887589132,Estimate,true,,EIA,UNFCCC,EIA-UNFCCC,false
MMR,1997,0.06456241476536961,Estimate,true,,EIA,UNFCCC,EIA-UNFCCC,false
MMR,1998,0.06829430916924036,Estimate,true,,EIA,UNFCCC,EIA-UNFCCC,false
MMR,1999,0.13339337136504567,Estimate,true,,EIA,UNFCCC,EIA-UNFCCC,false
MMR,2000,0.5,Report,false,UNFCCC,,,UNFCCC,false
MMR,2001,0.4,Report,false,UNFCCC,,,UNFCCC,false
MMR,2002,0.4,Report,false,UNFCCC,,,UNFCCC,false
MMR,2003,0.6,Report,false,UNFCCC,,,UNFCCC,false
MMR,2004,0.8,Report,false,UNFCCC,,,UNFCCC,false
MMR,2005,0.7,Report,false,UNFCCC,,,UNFCCC,false
MMR,2006,1.191544117647059,Estimate,true,,EIA,UNFCCC,EIA-UNFCCC,false
MMR,2007,1.0268382352941174,Estimate,true,,EIA,UNFCCC,EIA-UNFCCC,false
MMR,2008,0.8286764705882352,Estimate,true,,EIA,UNFCCC,EIA-UNFCCC,false
MMR,2009,0.7900735294117647,Estimate,true,,EIA,UNFCCC,EIA-UNFCCC,false
MMR,2010,1.5333088235294117,Estimate,true,,EIA,UNFCCC,EIA-UNFCCC,false
MMR,2011,1.5391322991103706,Estimate,true,,EIA,UNFCCC,EIA-UNFCCC,false
MMR,2012,1.7267425932280178,Estimate,true,,EIA,UNFCCC,EIA-UNFCCC,false
MMR,2013,1.5626470588235293,Estimate,true,,EIA,UNFCCC,EIA-UNFCCC,false
MMR,2014,1.4993382352941176,Estimate,true,,EIA,UNFCCC,EIA-UNFCCC,false
MMR,2015,1.219595588235294,Estimate,true,,EIA,UNFCCC,EIA-UNFCCC,false
MMR,2016,1.4154411764705883,Estimate,true,,EIA,UNFCCC,EIA-UNFCCC,false
MMR,2017,1.8965547794117648,Estimate,true,,EIA,UNFCCC,EIA-UNFCCC,false
MMR,2018,3.3595856617647057,Estimate,true,,EIA,UNFCCC,EIA-UNFCCC,false
MMR,2019,5.432887867647058,Estimate,true,,EIA,UNFCCC,EIA-UNFCCC,false
MMR,2020,5.260103676470589,Estimate,true,,EIA,UNFCCC,EIA-UNFCCC,false
MMR,2021,4.06634375,Estimate,true,,EIA,UNFCCC,EIA-UNFCCC,false
MMR,2022,3.2632352941176475,Estimate,true,,EIA,UNFCCC,EIA-UNFCCC,false
MMR,2023,2.6533088235294118,Estimate,true,,EIA,UNFCCC,EIA-UNFCCC,false
MMR,2024,7.040253225566547,Estimate,true,,EIA,UNFCCC,EIA-UNFCCC,false
MMR,2025,0.30000000000000004,Estimate,true,GEM,,,GEM,false
MNE,1990,1.88,Report,false,UNFCCC,,,UNFCCC,false
MNE,1991,1.58,Report,false,UNFCCC,,,UNFCCC,false
MNE,1992,1.85,Report,false,UNFCCC,,,UNFCCC,false
MNE,1993,1.96,Report,false,UNFCCC,,,UNFCCC,false
MNE,1994,1.78,Report,false,UNFCCC,,,UNFCCC,false
MNE,1995,1.54,Report,false,UNFCCC,,,UNFCCC,false
MNE,1996,0.69,Report,false,UNFCCC,,,UNFCCC,false
MNE,1997,1.39,Report,false,UNFCCC,,,UNFCCC,false
MNE,1998,1.39,Report,false,UNFCCC,,,UNFCCC,false
MNE,1999,1.42,Report,false,UNFCCC,,,UNFCCC,false
MNE,2000,1.36,Report,false,UNFCCC,,,UNFCCC,false
MNE,2001,1.17,Report,false,UNFCCC,,,UNFCCC,false
MNE,2002,2.28,Report,false,UNFCCC,,,UNFCCC,false
MNE,2003,1.41,Report,false,UNFCCC,,,UNFCCC,false
MNE,2004,1.46,Report,false,UNFCCC,,,UNFCCC,false
MNE,2005,1.25,Report,false,UNFCCC,,,UNFCCC,false
MNE,2006,1.45,Report,false,UNFCCC,,,UNFCCC,false
MNE,2007,1.14,Report,false,UNFCCC,,,UNFCCC,false
MNE,2008,1.52,Report,false,UNFCCC,,,UNFCCC,false
MNE,2009,0.83,Report,false,UNFCCC,,,UNFCCC,false
MNE,2010,1.69,Report,false,UNFCCC,,,UNFCCC,false
MNE,2011,1.7,Report,false,UNFCCC,,,UNFCCC,false
MNE,2012,1.72,Report,false,UNFCCC,,,UNFCCC,false
MNE,2013,1.47,Report,false,UNFCCC,,,UNFCCC,false
MNE,2014,1.44,Report,false,UNFCCC,,,UNFCCC,false
MNE,2015,1.77,Report,false,UNFCCC,,,UNFCCC,false
MNE,2016,1.83,Report,false,UNFCCC,,,UNFCCC,false
MNE,2017,1.99,Report,false,UNFCCC,,,UNFCCC,false
MNE,2018,2.12,Report,false,UNFCCC,,,UNFCCC,false
MNE,2019,1.96,Report,false,UNFCCC,,,UNFCCC,false
MNE,2020,0.442,Report,false,UNFCCC,,,UNFCCC,false
MNE,2021,0.405,Report,false,UNFCCC,,,UNFCCC,false
MNE,2022,0.445,Report,false,UNFCCC,,,UNFCCC,false
MNE,2023,0.4777624675699048,Estimate,true,,EIA,UNFCCC,EIA-UNFCCC,false
MNE,2024,0.41685607372271055,Estimate,true,,EIA,UNFCCC,EIA-UNFCCC,false
MNE,2025,1.3,Estimate,true,GEM,,,GEM,false
MNG,1990,9.3,Report,false,UNFCCC,,,UNFCCC,false
MNG,1991,8.4,Report,false,UNFCCC,,,UNFCCC,false
MNG,1992,6.6,Report,false,UNFCCC,,,UNFCCC,false
MNG,1993,5.5,Report,false,UNFCCC,,,UNFCCC,false
MNG,1994,4.8,Report,false,UNFCCC,,,UNFCCC,false
MNG,1995,4.6,Report,false,UNFCCC,,,UNFCCC,false
MNG,1996,4.4,Report,false,UNFCCC,,,UNFCCC,false
MNG,1997,4.6,Report,false,UNFCCC,,,UNFCCC,false
MNG,1998,4.6,Report,false,UNFCCC,,,UNFCCC,false
MNG,1999,4.633994077162244,Estimate,true,,EIA,UNFCCC,EIA-UNFCCC,false
MNG,2000,4.853026973271436,Estimate,true,,EIA,UNFCCC,EIA-UNFCCC,false
MNG,2001,4.866793951171075,Estimate,true,,EIA,UNFCCC,EIA-UNFCCC,false
MNG,2002,5.221696136550919,Estimate,true,,EIA,UNFCCC,EIA-UNFCCC,false
MNG,2003,6.210898550304934,Estimate,true,,EIA,UNFCCC,EIA-UNFCCC,false
MNG,2004,10.070130744444961,Estimate,true,,EIA,UNFCCC,EIA-UNFCCC,false
MNG,2005,9.35326362409142,Estimate,true,,EIA,UNFCCC,EIA-UNFCCC,false
MNG,2006,7.2,Report,false,UNFCCC,,,UNFCCC,false
MNG,2007,8.272819963642991,Estimate,true,,EIA,UNFCCC,EIA-UNFCCC,false
MNG,2008,9.458297424101227,Estimate,true,,EIA,UNFCCC,EIA-UNFCCC,false
MNG,2009,13.394994405397577,Estimate,true,,EIA,UNFCCC,EIA-UNFCCC,false
MNG,2010,27.31250743515544,Estimate,true,,EIA,UNFCCC,EIA-UNFCCC,false
MNG,2011,26.281572402510513,Estimate,true,,EIA,UNFCCC,EIA-UNFCCC,false
MNG,2012,33.40669187041229,Estimate,true,,EIA,UNFCCC,EIA-UNFCCC,false
MNG,2013,29.805637234437846,Estimate,true,,EIA,UNFCCC,EIA-UNFCCC,false
MNG,2014,32.944780838799616,Estimate,true,,EIA,UNFCCC,EIA-UNFCCC,false
MNG,2015,40.781287219447364,Estimate,true,,EIA,UNFCCC,EIA-UNFCCC,false
MNG,2016,57.91303817993026,Estimate,true,,EIA,UNFCCC,EIA-UNFCCC,false
MNG,2017,68.90467673501216,Estimate,true,,EIA,UNFCCC,EIA-UNFCCC,false
MNG,2018,74.75340244889003,Estimate,true,,EIA,UNFCCC,EIA-UNFCCC,false
MNG,2019,74.51504543160775,Estimate,true,,EIA,UNFCCC,EIA-UNFCCC,false
MNG,2020,32.99,Report,false,UNFCCC,,,UNFCCC,false
MNG,2021,23.76294453224442,Estimate,true,,EIA,UNFCCC,EIA-UNFCCC,false
MNG,2022,27.92136106796993,Estimate,true,,EIA,UNFCCC,EIA-UNFCCC,false
MNG,2023,60.839817967697165,Estimate,true,,EIA,UNFCCC,EIA-UNFCCC,false
MNG,2024,77.66245336918675,Estimate,true,,EIA,UNFCCC,EIA-UNFCCC,false
MNG,2025,339.99999999999994,Estimate,true,GEM,,,GEM,false
MNG,2025,711.22,Estimate,true,IEA,,,IEA,false
MNG,2025,98.67832980714394,Forecast,true,,IEA,UNFCCC,IEA-UNFCCC,false
MNG,2026,94.8439718489235,Forecast,true,,IEA,UNFCCC,IEA-UNFCCC,false
MNG,2027,91.15998086945679,Forecast,true,,IEA,UNFCCC,IEA-UNFCCC,false
MNG,2028,92.69936281444824,Forecast,true,,IEA,UNFCCC,IEA-UNFCCC,false
MNG,2029,94.2659987743388,Forecast,true,,IEA,UNFCCC,IEA-UNFCCC,false
MNG,2030,95.85894895551127,Forecast,true,,IEA,UNFCCC,IEA-UNFCCC,false
MOZ,2025,11.799999999999999,Estimate,true,GEM,,,GEM,
MOZ,2025,113.78999999999999,Estimate,true,IEA,,,IEA,
MWI,1990,0.8,Report,false,UNFCCC,,,UNFCCC,false
MWI,1991,0.8139650872817955,Estimate,true,,EIA,UNFCCC,EIA-UNFCCC,false
MWI,1992,0.829925187032419,Estimate,true,,EIA,UNFCCC,EIA-UNFCCC,false
MWI,1993,0.829925187032419,Estimate,true,,EIA,UNFCCC,EIA-UNFCCC,false
MWI,1994,0.8139650872817955,Estimate,true,,EIA,UNFCCC,EIA-UNFCCC,false
MWI,1995,0.7820448877805486,Estimate,true,,EIA,UNFCCC,EIA-UNFCCC,false
MWI,1996,0.8458852867830424,Estimate,true,,EIA,UNFCCC,EIA-UNFCCC,false
MWI,1997,0.8778054862842892,Estimate,true,,EIA,UNFCCC,EIA-UNFCCC,false
MWI,1998,0.9097256857855361,Estimate,true,,EIA,UNFCCC,EIA-UNFCCC,false
MWI,1999,1.0093167082294263,Estimate,true,,EIA,UNFCCC,EIA-UNFCCC,false
MWI,2000,1.256059850374065,Estimate,true,,EIA,UNFCCC,EIA-UNFCCC,false
MWI,2001,0.7708728179551122,Estimate,true,,EIA,UNFCCC,EIA-UNFCCC,false
MWI,2002,1.0038902743142146,Estimate,true,,EIA,UNFCCC,EIA-UNFCCC,false
MWI,2003,1.2991521197007483,Estimate,true,,EIA,UNFCCC,EIA-UNFCCC,false
MWI,2004,0.8267331670822943,Estimate,true,,EIA,UNFCCC,EIA-UNFCCC,false
MWI,2005,0.8283291770573566,Estimate,true,,EIA,UNFCCC,EIA-UNFCCC,false
MWI,2006,0.9639900249376558,Estimate,true,,EIA,UNFCCC,EIA-UNFCCC,false
MWI,2007,0.9352618453865337,Estimate,true,,EIA,UNFCCC,EIA-UNFCCC,false
MWI,2008,0.9671820448877805,Estimate,true,,EIA,UNFCCC,EIA-UNFCCC,false
MWI,2009,0.9416458852867831,Estimate,true,,EIA,UNFCCC,EIA-UNFCCC,false
MWI,2010,9.969,Report,false,UNFCCC,,,UNFCCC,false
MWI,2011,9.716620253164558,Estimate,true,,EIA,UNFCCC,EIA-UNFCCC,false
MWI,2012,8.959481012658227,Estimate,true,,EIA,UNFCCC,EIA-UNFCCC,false
MWI,2013,8.454721518987341,Estimate,true,,EIA,UNFCCC,EIA-UNFCCC,false
MWI,2014,8.03829493670886,Estimate,true,,EIA,UNFCCC,EIA-UNFCCC,false
MWI,2015,7.419964556962025,Estimate,true,,EIA,UNFCCC,EIA-UNFCCC,false
MWI,2016,5.464021518987342,Estimate,true,,EIA,UNFCCC,EIA-UNFCCC,false
MWI,2017,7.571392405063291,Estimate,true,,EIA,UNFCCC,EIA-UNFCCC,false
MWI,2018,6.284255696202531,Estimate,true,,EIA,UNFCCC,EIA-UNFCCC,false
MWI,2019,6.116423164556962,Estimate,true,,EIA,UNFCCC,EIA-UNFCCC,false
MWI,2020,5.948590632911393,Estimate,true,,EIA,UNFCCC,EIA-UNFCCC,false
MWI,2021,6.480165474683544,Estimate,true,,EIA,UNFCCC,EIA-UNFCCC,false
MWI,2022,6.254291978241787,Estimate,true,,EIA,UNFCCC,EIA-UNFCCC,false
MWI,2023,0.3277104354529075,Estimate,true,,EIA,UNFCCC,EIA-UNFCCC,false
MWI,2024,4.100539936708861,Estimate,true,,EIA,UNFCCC,EIA-UNFCCC,false
MWI,2025,1.5999999999999999,Estimate,true,GEM,,,GEM,false
MYS,1990,0.09,Report,false,UNFCCC,,,UNFCCC,false
MYS,1991,0.06,Report,false,UNFCCC,,,UNFCCC,false
MYS,1992,0.07,Report,false,UNFCCC,,,UNFCCC,false
MYS,1993,0.21,Report,false,UNFCCC,,,UNFCCC,false
MYS,1994,0.14,Report,false,UNFCCC,,,UNFCCC,false
MYS,1995,0.1,Report,false,UNFCCC,,,UNFCCC,false
MYS,1996,0.07,Report,false,UNFCCC,,,UNFCCC,false
MYS,1997,0.09,Report,false,UNFCCC,,,UNFCCC,false
MYS,1998,0.28,Report,false,UNFCCC,,,UNFCCC,false
MYS,1999,0.24,Report,false,UNFCCC,,,UNFCCC,false
MYS,2000,0.3,Report,false,UNFCCC,,,UNFCCC,false
MYS,2001,0.3,Report,false,UNFCCC,,,UNFCCC,false
MYS,2002,0.2,Report,false,UNFCCC,,,UNFCCC,false
MYS,2003,0.3,Report,false,UNFCCC,,,UNFCCC,false
MYS,2004,0.5,Report,false,UNFCCC,,,UNFCCC,false
MYS,2005,0.9,Report,false,UNFCCC,,,UNFCCC,false
MYS,2006,0.9,Report,false,UNFCCC,,,UNFCCC,false
MYS,2007,1.3,Report,false,UNFCCC,,,UNFCCC,false
MYS,2008,1.3,Report,false,UNFCCC,,,UNFCCC,false
MYS,2009,1.4,Report,false,UNFCCC,,,UNFCCC,false
MYS,2010,1.3,Report,false,UNFCCC,,,UNFCCC,false
MYS,2011,2.2,Report,false,UNFCCC,,,UNFCCC,false
MYS,2012,1.08,Report,false,UNFCCC,,,UNFCCC,false
MYS,2013,1.96,Report,false,UNFCCC,,,UNFCCC,false
MYS,2014,1.27,Report,false,UNFCCC,,,UNFCCC,false
MYS,2015,0.91,Report,false,UNFCCC,,,UNFCCC,false
MYS,2016,0.79,Report,false,UNFCCC,,,UNFCCC,false
MYS,2017,0.82,Report,false,UNFCCC,,,UNFCCC,false
MYS,2018,0.73,Report,false,UNFCCC,,,UNFCCC,false
MYS,2019,0.95,Report,false,UNFCCC,,,UNFCCC,false
MYS,2020,0.89,Report,false,UNFCCC,,,UNFCCC,false
MYS,2021,1.15,Report,false,UNFCCC,,,UNFCCC,false
MYS,2022,1.375598527146322,Estimate,true,,EIA,UNFCCC,EIA-UNFCCC,false
MYS,2023,1.3266373955432869,Estimate,true,,EIA,UNFCCC,EIA-UNFCCC,false
MYS,2024,1.2281930470248303,Estimate,true,,EIA,UNFCCC,EIA-UNFCCC,false
MYS,2025,1.3,Estimate,true,GEM,,,GEM,false
NER,1990,0.03098811725663717,Estimate,true,,EIA,UNFCCC,EIA-UNFCCC,false
NER,1991,0.03151619911504425,Estimate,true,,EIA,UNFCCC,EIA-UNFCCC,false
NER,1992,0.026882245575221238,Estimate,true,,EIA,UNFCCC,EIA-UNFCCC,false
NER,1993,0.03146949115044248,Estimate,true,,EIA,UNFCCC,EIA-UNFCCC,false
NER,1994,0.03150230752212389,Estimate,true,,EIA,UNFCCC,EIA-UNFCCC,false
NER,1995,0.034421152654867254,Estimate,true,,EIA,UNFCCC,EIA-UNFCCC,false
NER,1996,0.036646022123893805,Estimate,true,,EIA,UNFCCC,EIA-UNFCCC,false
NER,1997,0.0327841592920354,Estimate,true,,EIA,UNFCCC,EIA-UNFCCC,false
NER,1998,0.0364831482300885,Estimate,true,,EIA,UNFCCC,EIA-UNFCCC,false
NER,1999,0.03391682743362832,Estimate,true,,EIA,UNFCCC,EIA-UNFCCC,false
NER,2000,0.03185,Estimate,true,,EIA,UNFCCC,EIA-UNFCCC,false
NER,2001,0.03287676991150442,Estimate,true,,EIA,UNFCCC,EIA-UNFCCC,false
NER,2002,0.03682278761061947,Estimate,true,,EIA,UNFCCC,EIA-UNFCCC,false
NER,2003,0.038030752212389385,Estimate,true,,EIA,UNFCCC,EIA-UNFCCC,false
NER,2004,0.04763084955752212,Estimate,true,,EIA,UNFCCC,EIA-UNFCCC,false
NER,2005,0.036653672566371684,Estimate,true,,EIA,UNFCCC,EIA-UNFCCC,false
NER,2006,0.035498053097345134,Estimate,true,,EIA,UNFCCC,EIA-UNFCCC,false
NER,2007,0.03448738938053097,Estimate,true,,EIA,UNFCCC,EIA-UNFCCC,false
NER,2008,0.03682278761061947,Estimate,true,,EIA,UNFCCC,EIA-UNFCCC,false
NER,2009,0.038433407079646015,Estimate,true,,EIA,UNFCCC,EIA-UNFCCC,false
NER,2010,0.0478353982300885,Estimate,true,,EIA,UNFCCC,EIA-UNFCCC,false
NER,2011,0.05313030973451328,Estimate,true,,EIA,UNFCCC,EIA-UNFCCC,false
NER,2012,0.050513053097345134,Estimate,true,,EIA,UNFCCC,EIA-UNFCCC,false
NER,2013,0.048701106194690265,Estimate,true,,EIA,UNFCCC,EIA-UNFCCC,false
NER,2014,0.0528887168141593,Estimate,true,,EIA,UNFCCC,EIA-UNFCCC,false
NER,2015,0.0455,Estimate,true,,EIA,UNFCCC,EIA-UNFCCC,false
NER,2016,0.047714601769911505,Estimate,true,,EIA,UNFCCC,EIA-UNFCCC,false
NER,2017,0.04690929203539823,Estimate,true,,EIA,UNFCCC,EIA-UNFCCC,false
NER,2018,0.04509734513274337,Estimate,true,,EIA,UNFCCC,EIA-UNFCCC,false
NER,2019,0.0455,Report,false,UNFCCC,,,UNFCCC,false
NER,2020,0.042,Report,false,UNFCCC,,,UNFCCC,false
NER,2021,0.04217004048582996,Estimate,true,,EIA,UNFCCC,EIA-UNFCCC,false
NER,2022,0.0489,Report,false,UNFCCC,,,UNFCCC,false
NER,2023,0.045705520680712826,Estimate,true,,EIA,UNFCCC,EIA-UNFCCC,false
NER,2024,0.020730412830995696,Estimate,true,,EIA,UNFCCC,EIA-UNFCCC,false
NER,2025,0.2,Estimate,true,GEM,,,GEM,false
NGA,1990,0.029690896097531682,Estimate,true,,EIA,UNFCCC,EIA-UNFCCC,false
NGA,1991,0.025375192390217235,Estimate,true,,EIA,UNFCCC,EIA-UNFCCC,false
NGA,1992,0.023330182436672914,Estimate,true,,EIA,UNFCCC,EIA-UNFCCC,false
NGA,1993,0.009237167674787635,Estimate,true,,EIA,UNFCCC,EIA-UNFCCC,false
NGA,1994,0.008247471138203245,Estimate,true,,EIA,UNFCCC,EIA-UNFCCC,false
NGA,1995,0.0072745758785374105,Estimate,true,,EIA,UNFCCC,EIA-UNFCCC,false
NGA,1996,0.005608280373978205,Estimate,true,,EIA,UNFCCC,EIA-UNFCCC,false
NGA,1997,0.004626984475853244,Estimate,true,,EIA,UNFCCC,EIA-UNFCCC,false
NGA,1998,0.003958786146337557,Estimate,true,,EIA,UNFCCC,EIA-UNFCCC,false
NGA,1999,0.005278381528450077,Estimate,true,,EIA,UNFCCC,EIA-UNFCCC,false
NGA,2000,0.09962945134949519,Estimate,true,,EIA,UNFCCC,EIA-UNFCCC,false
NGA,2001,0.09567066520315763,Estimate,true,,EIA,UNFCCC,EIA-UNFCCC,false
NGA,2002,0.08379430676414497,Estimate,true,,EIA,UNFCCC,EIA-UNFCCC,false
NGA,2003,0.09171187905682007,Estimate,true,,EIA,UNFCCC,EIA-UNFCCC,false
NGA,2004,0.09171187905682007,Estimate,true,,EIA,UNFCCC,EIA-UNFCCC,false
NGA,2005,0.10787692248769845,Estimate,true,,EIA,UNFCCC,EIA-UNFCCC,false
NGA,2006,0.13162963936572378,Estimate,true,,EIA,UNFCCC,EIA-UNFCCC,false
NGA,2007,0.1873825442599777,Estimate,true,,EIA,UNFCCC,EIA-UNFCCC,false
NGA,2008,0.3988477042435089,Estimate,true,,EIA,UNFCCC,EIA-UNFCCC,false
NGA,2009,0.3988477042435089,Estimate,true,,EIA,UNFCCC,EIA-UNFCCC,false
NGA,2010,0.3988477042435089,Estimate,true,,EIA,UNFCCC,EIA-UNFCCC,false
NGA,2011,0.4786832248613163,Estimate,true,,EIA,UNFCCC,EIA-UNFCCC,false
NGA,2012,0.6383542660969311,Estimate,true,,EIA,UNFCCC,EIA-UNFCCC,false
NGA,2013,0.798025307332546,Estimate,true,,EIA,UNFCCC,EIA-UNFCCC,false
NGA,2014,0.798025307332546,Estimate,true,,EIA,UNFCCC,EIA-UNFCCC,false
NGA,2015,0.8379430676414497,Estimate,true,,EIA,UNFCCC,EIA-UNFCCC,false
NGA,2016,0.8775309291048253,Estimate,true,,EIA,UNFCCC,EIA-UNFCCC,false
NGA,2017,0.758,Report,false,UNFCCC,,,UNFCCC,false
NGA,2018,2.81,Report,false,UNFCCC,,,UNFCCC,false
NGA,2019,2.85,Report,false,UNFCCC,,,UNFCCC,false
NGA,2020,2.46,Report,false,UNFCCC,,,UNFCCC,false
NGA,2021,2.62,Report,false,UNFCCC,,,UNFCCC,false
NGA,2022,3.18,Report,false,UNFCCC,,,UNFCCC,false
NGA,2023,1.3815704896483731,Estimate,true,,EIA,UNFCCC,EIA-UNFCCC,false
NGA,2024,1.318928252729423,Estimate,true,,EIA,UNFCCC,EIA-UNFCCC,false
NGA,2025,0.7,Estimate,true,GEM,,,GEM,false
NOR,1990,6.53693144,Report,false,UNFCCC,,,UNFCCC,true
NOR,1991,6.379672344,Report,false,UNFCCC,,,UNFCCC,true
NOR,1992,5.66986136,Report,false,UNFCCC,,,UNFCCC,true
NOR,1993,5.757801488,Report,false,UNFCCC,,,UNFCCC,true
NOR,1994,5.617662376,Report,false,UNFCCC,,,UNFCCC,true
NOR,1995,5.468933624,Report,false,UNFCCC,,,UNFCCC,true
NOR,1996,5.430908064,Report,false,UNFCCC,,,UNFCCC,true
NOR,1997,5.019356048,Report,false,UNFCCC,,,UNFCCC,true
NOR,1998,5.040986728,Report,false,UNFCCC,,,UNFCCC,true
NOR,1999,5.659864392,Report,false,UNFCCC,,,UNFCCC,true
NOR,2000,5.891007008,Report,false,UNFCCC,,,UNFCCC,true
NOR,2001,5.523955976,Report,false,UNFCCC,,,UNFCCC,true
NOR,2002,5.2412494,Report,false,UNFCCC,,,UNFCCC,true
NOR,2003,6.710721616,Report,false,UNFCCC,,,UNFCCC,true
NOR,2004,5.109151792,Report,false,UNFCCC,,,UNFCCC,true
NOR,2005,4.30200972,Report,false,UNFCCC,,,UNFCCC,true
NOR,2006,4.214591992,Report,false,UNFCCC,,,UNFCCC,true
NOR,2007,5.35522264,Report,false,UNFCCC,,,UNFCCC,true
NOR,2008,4.348196048,Report,false,UNFCCC,,,UNFCCC,true
NOR,2009,3.83947052,Report,false,UNFCCC,,,UNFCCC,true
NOR,2010,3.628223952,Report,false,UNFCCC,,,UNFCCC,true
NOR,2011,3.956565072,Report,false,UNFCCC,,,UNFCCC,true
NOR,2012,3.4016554,Report,false,UNFCCC,,,UNFCCC,true
NOR,2013,4.249909024,Report,false,UNFCCC,,,UNFCCC,true
NOR,2014,4.166300832,Report,false,UNFCCC,,,UNFCCC,true
NOR,2015,3.513612968,Report,false,UNFCCC,,,UNFCCC,true
NOR,2016,3.297220656,Report,false,UNFCCC,,,UNFCCC,true
NOR,2017,2.894356088,Report,false,UNFCCC,,,UNFCCC,true
NOR,2018,2.880779744,Report,false,UNFCCC,,,UNFCCC,true
NOR,2019,2.844244912,Report,false,UNFCCC,,,UNFCCC,true
NOR,2020,2.80014444,Report,false,UNFCCC,,,UNFCCC,true
NOR,2021,2.809436,Report,false,UNFCCC,,,UNFCCC,true
NOR,2022,2.792686,Report,false,UNFCCC,,,UNFCCC,true
NOR,2023,2.77526332,Report,false,UNFCCC,,,UNFCCC,true
NOR,2024,2.778928503038288,Estimate,true,,EIA,UNFCCC,EIA-UNFCCC,true
NPL,2025,0.0,Estimate,true,GEM,,,GEM,
NZL,1990,13.121311373,Report,false,UNFCCC,,,UNFCCC,true
NZL,1991,8.806462775,Report,false,UNFCCC,,,UNFCCC,true
NZL,1992,9.029060114,Report,false,UNFCCC,,,UNFCCC,true
NZL,1993,8.93649076,Report,false,UNFCCC,,,UNFCCC,true
NZL,1994,10.270822447,Report,false,UNFCCC,,,UNFCCC,true
NZL,1995,13.112219218,Report,false,UNFCCC,,,UNFCCC,true
NZL,1996,18.976480647,Report,false,UNFCCC,,,UNFCCC,true
NZL,1997,13.89126697,Report,false,UNFCCC,,,UNFCCC,true
NZL,1998,15.472580913,Report,false,UNFCCC,,,UNFCCC,true
NZL,1999,17.140840943,Report,false,UNFCCC,,,UNFCCC,true
NZL,2000,16.720527548,Report,false,UNFCCC,,,UNFCCC,true
NZL,2001,17.075727825,Report,false,UNFCCC,,,UNFCCC,true
NZL,2002,16.981737118,Report,false,UNFCCC,,,UNFCCC,true
NZL,2003,15.97654069,Report,false,UNFCCC,,,UNFCCC,true
NZL,2004,15.002000189,Report,false,UNFCCC,,,UNFCCC,true
NZL,2005,15.870661854,Report,false,UNFCCC,,,UNFCCC,true
NZL,2006,20.19229093,Report,false,UNFCCC,,,UNFCCC,true
NZL,2007,12.934504152,Report,false,UNFCCC,,,UNFCCC,true
NZL,2008,16.289203653,Report,false,UNFCCC,,,UNFCCC,true
NZL,2009,19.522800909057,Report,false,UNFCCC,,,UNFCCC,true
NZL,2010,23.64932109936,Report,false,UNFCCC,,,UNFCCC,true
NZL,2011,16.52493942,Report,false,UNFCCC,,,UNFCCC,true
NZL,2012,11.518744589728,Report,false,UNFCCC,,,UNFCCC,true
NZL,2013,10.82958632520624,Report,false,UNFCCC,,,UNFCCC,true
NZL,2014,9.01432106954474,Report,false,UNFCCC,,,UNFCCC,true
NZL,2015,7.61228052136,Report,false,UNFCCC,,,UNFCCC,true
NZL,2016,6.96108733990545,Report,false,UNFCCC,,,UNFCCC,true
NZL,2017,2.542068373,Report,false,UNFCCC,,,UNFCCC,true
NZL,2018,2.814025058,Report,false,UNFCCC,,,UNFCCC,true
NZL,2019,2.642599193,Report,false,UNFCCC,,,UNFCCC,true
NZL,2020,2.455072022,Report,false,UNFCCC,,,UNFCCC,true
NZL,2021,2.4976885582349997,Report,false,UNFCCC,,,UNFCCC,true
NZL,2022,2.29724165697,Report,false,UNFCCC,,,UNFCCC,true
NZL,2023,2.2646732685199997,Report,false,UNFCCC,,,UNFCCC,true
NZL,2024,2.1857099240599998,Report,false,UNFCCC,,,UNFCCC,true
NZL,2025,4.7,Estimate,true,GEM,,,GEM,true
NZL,2025,5.57,Estimate,true,IEA,,,IEA,true
PAK,1990,9.101167601135778,Estimate,true,,EIA,UNFCCC,EIA-UNFCCC,false
PAK,1991,9.431030733082304,Estimate,true,,EIA,UNFCCC,EIA-UNFCCC,false
PAK,1992,9.569994840151365,Estimate,true,,EIA,UNFCCC,EIA-UNFCCC,false
PAK,1993,10.088794173209033,Estimate,true,,EIA,UNFCCC,EIA-UNFCCC,false
PAK,1994,10.419944035530964,Estimate,true,,EIA,UNFCCC,EIA-UNFCCC,false
PAK,1995,9.39706172913199,Estimate,true,,EIA,UNFCCC,EIA-UNFCCC,false
PAK,1996,11.234476033711209,Estimate,true,,EIA,UNFCCC,EIA-UNFCCC,false
PAK,1997,10.971988275913926,Estimate,true,,EIA,UNFCCC,EIA-UNFCCC,false
PAK,1998,10.276328265295362,Estimate,true,,EIA,UNFCCC,EIA-UNFCCC,false
PAK,1999,10.687883879239727,Estimate,true,,EIA,UNFCCC,EIA-UNFCCC,false
PAK,2000,9.783073137657109,Estimate,true,,EIA,UNFCCC,EIA-UNFCCC,false
PAK,2001,9.557642475078419,Estimate,true,,EIA,UNFCCC,EIA-UNFCCC,false
PAK,2002,10.227758280278055,Estimate,true,,EIA,UNFCCC,EIA-UNFCCC,false
PAK,2003,10.113498903354568,Estimate,true,,EIA,UNFCCC,EIA-UNFCCC,false
PAK,2004,14.165074647232892,Estimate,true,,EIA,UNFCCC,EIA-UNFCCC,false
PAK,2005,15.042092567401506,Estimate,true,,EIA,UNFCCC,EIA-UNFCCC,false
PAK,2006,11.249916490052101,Estimate,true,,EIA,UNFCCC,EIA-UNFCCC,false
PAK,2007,12.735288390056251,Estimate,true,,EIA,UNFCCC,EIA-UNFCCC,false
PAK,2008,11.543285160530852,Estimate,true,,EIA,UNFCCC,EIA-UNFCCC,false
PAK,2009,10.74964570460364,Estimate,true,,EIA,UNFCCC,EIA-UNFCCC,false
PAK,2010,10.653914875289678,Estimate,true,,EIA,UNFCCC,EIA-UNFCCC,false
PAK,2011,11.157273752005985,Estimate,true,,EIA,UNFCCC,EIA-UNFCCC,false
PAK,2012,9.817042141607224,Estimate,true,,EIA,UNFCCC,EIA-UNFCCC,false
PAK,2013,10.616857780071102,Estimate,true,,EIA,UNFCCC,EIA-UNFCCC,false
PAK,2014,11.462994787557975,Estimate,true,,EIA,UNFCCC,EIA-UNFCCC,false
PAK,2015,12.790874032883801,Estimate,true,,EIA,UNFCCC,EIA-UNFCCC,false
PAK,2016,12.861900132052396,Estimate,true,,EIA,UNFCCC,EIA-UNFCCC,false
PAK,2017,13.27261627072298,Estimate,true,,EIA,UNFCCC,EIA-UNFCCC,false
PAK,2018,18.03814018726144,Estimate,true,,EIA,UNFCCC,EIA-UNFCCC,false
PAK,2019,26.97475206784861,Estimate,true,,EIA,UNFCCC,EIA-UNFCCC,false
PAK,2020,26.84886602730038,Estimate,true,,EIA,UNFCCC,EIA-UNFCCC,false
PAK,2021,26.07,Report,false,UNFCCC,,,UNFCCC,false
PAK,2022,39.255412555183455,Estimate,true,,EIA,UNFCCC,EIA-UNFCCC,false
PAK,2023,42.5062572140761,Estimate,true,,EIA,UNFCCC,EIA-UNFCCC,false
PAK,2024,46.553752443738304,Estimate,true,,EIA,UNFCCC,EIA-UNFCCC,false
PAK,2025,25.2,Estimate,true,GEM,,,GEM,false
PER,1990,1.1821758214383702,Estimate,true,,EIA,UNFCCC,EIA-UNFCCC,false
PER,1991,0.8148648648648648,Estimate,true,,EIA,UNFCCC,EIA-UNFCCC,false
PER,1992,1.0945945945945947,Estimate,true,,EIA,UNFCCC,EIA-UNFCCC,false
PER,1993,1.0106160846007168,Estimate,true,,EIA,UNFCCC,EIA-UNFCCC,false
PER,1994,0.9,Report,false,UNFCCC,,,UNFCCC,false
PER,1995,0.6253304914715951,Estimate,true,,EIA,UNFCCC,EIA-UNFCCC,false
PER,1996,0.7054054054054054,Estimate,true,,EIA,UNFCCC,EIA-UNFCCC,false
PER,1997,0.26756756756756755,Estimate,true,,EIA,UNFCCC,EIA-UNFCCC,false
PER,1998,0.2432432432432432,Estimate,true,,EIA,UNFCCC,EIA-UNFCCC,false
PER,1999,0.25540540540540535,Estimate,true,,EIA,UNFCCC,EIA-UNFCCC,false
PER,2000,0.2,Report,false,UNFCCC,,,UNFCCC,false
PER,2001,0.23749999999999996,Estimate,true,,EIA,UNFCCC,EIA-UNFCCC,false
PER,2002,0.27499999999999997,Estimate,true,,EIA,UNFCCC,EIA-UNFCCC,false
PER,2003,0.2,Estimate,true,,EIA,UNFCCC,EIA-UNFCCC,false
PER,2004,0.27499999999999997,Estimate,true,,EIA,UNFCCC,EIA-UNFCCC,false
PER,2005,0.5375,Estimate,true,,EIA,UNFCCC,EIA-UNFCCC,false
PER,2006,1.3375,Estimate,true,,EIA,UNFCCC,EIA-UNFCCC,false
PER,2007,1.4,Estimate,true,,EIA,UNFCCC,EIA-UNFCCC,false
PER,2008,1.7749999999999997,Estimate,true,,EIA,UNFCCC,EIA-UNFCCC,false
PER,2009,1.7570354528218013,Estimate,true,,EIA,UNFCCC,EIA-UNFCCC,false
PER,2010,1.6,Report,false,UNFCCC,,,UNFCCC,false
PER,2011,1.5329842931937172,Estimate,true,,EIA,UNFCCC,EIA-UNFCCC,false
PER,2012,3.1,Report,false,UNFCCC,,,UNFCCC,false
PER,2013,2.881497797356828,Estimate,true,,EIA,UNFCCC,EIA-UNFCCC,false
PER,2014,3.1546255506607928,Estimate,true,,EIA,UNFCCC,EIA-UNFCCC,false
PER,2015,3.4414096916299552,Estimate,true,,EIA,UNFCCC,EIA-UNFCCC,false
PER,2016,3.6735682819383255,Estimate,true,,EIA,UNFCCC,EIA-UNFCCC,false
PER,2017,5.40092194493392,Estimate,true,,EIA,UNFCCC,EIA-UNFCCC,false
PER,2018,7.779246779295154,Estimate,true,,EIA,UNFCCC,EIA-UNFCCC,false
PER,2019,8.615721117621145,Estimate,true,,EIA,UNFCCC,EIA-UNFCCC,false
PER,2020,4.639472782378854,Estimate,true,,EIA,UNFCCC,EIA-UNFCCC,false
PER,2021,9.31,Report,false,UNFCCC,,,UNFCCC,false
PER,2022,3.307723161226621,Estimate,true,,EIA,UNFCCC,EIA-UNFCCC,false
PER,2023,29.87938198509234,Estimate,true,,EIA,UNFCCC,EIA-UNFCCC,false
PER,2024,41.17442121714885,Estimate,true,,EIA,UNFCCC,EIA-UNFCCC,false
PER,2025,0.4,Estimate,true,GEM,,,GEM,false
PHL,1990,8.83567977915804,Estimate,true,,EIA,UNFCCC,EIA-UNFCCC,false
PHL,1991,9.42567287784679,Estimate,true,,EIA,UNFCCC,EIA-UNFCCC,false
PHL,1992,11.806970324361629,Estimate,true,,EIA,UNFCCC,EIA-UNFCCC,false
PHL,1993,11.245410628019325,Estimate,true,,EIA,UNFCCC,EIA-UNFCCC,false
PHL,1994,10.3,Report,false,UNFCCC,,,UNFCCC,false
PHL,1995,9.446997929606624,Estimate,true,,EIA,UNFCCC,EIA-UNFCCC,false
PHL,1996,7.876052449965493,Estimate,true,,EIA,UNFCCC,EIA-UNFCCC,false
PHL,1997,7.648585231193926,Estimate,true,,EIA,UNFCCC,EIA-UNFCCC,false
PHL,1998,8.224361628709454,Estimate,true,,EIA,UNFCCC,EIA-UNFCCC,false
PHL,1999,8.366528640441684,Estimate,true,,EIA,UNFCCC,EIA-UNFCCC,false
PHL,2000,1.6,Report,false,UNFCCC,,,UNFCCC,false
PHL,2001,1.4545454545454546,Estimate,true,,EIA,UNFCCC,EIA-UNFCCC,false
PHL,2002,1.9689578713968956,Estimate,true,,EIA,UNFCCC,EIA-UNFCCC,false
PHL,2003,2.400591278640059,Estimate,true,,EIA,UNFCCC,EIA-UNFCCC,false
PHL,2004,3.2236511456023655,Estimate,true,,EIA,UNFCCC,EIA-UNFCCC,false
PHL,2005,3.7404286770140427,Estimate,true,,EIA,UNFCCC,EIA-UNFCCC,false
PHL,2006,3.060458240946046,Estimate,true,,EIA,UNFCCC,EIA-UNFCCC,false
PHL,2007,4.021877309682187,Estimate,true,,EIA,UNFCCC,EIA-UNFCCC,false
PHL,2008,4.267849223946786,Estimate,true,,EIA,UNFCCC,EIA-UNFCCC,false
PHL,2009,5.542645971914265,Estimate,true,,EIA,UNFCCC,EIA-UNFCCC,false
PHL,2010,7.864005912786401,Estimate,true,,EIA,UNFCCC,EIA-UNFCCC,false
PHL,2011,8.172653362897265,Estimate,true,,EIA,UNFCCC,EIA-UNFCCC,false
PHL,2012,8.679970436067997,Estimate,true,,EIA,UNFCCC,EIA-UNFCCC,false
PHL,2013,8.396156688839616,Estimate,true,,EIA,UNFCCC,EIA-UNFCCC,false
PHL,2014,8.988617886178861,Estimate,true,,EIA,UNFCCC,EIA-UNFCCC,false
PHL,2015,8.72490761271249,Estimate,true,,EIA,UNFCCC,EIA-UNFCCC,false
PHL,2016,13.257649667405765,Estimate,true,,EIA,UNFCCC,EIA-UNFCCC,false
PHL,2017,14.110273466371027,Estimate,true,,EIA,UNFCCC,EIA-UNFCCC,false
PHL,2018,15.439467849223947,Estimate,true,,EIA,UNFCCC,EIA-UNFCCC,false
PHL,2019,18.061197339246117,Estimate,true,,EIA,UNFCCC,EIA-UNFCCC,false
PHL,2020,15.6889874353289,Estimate,true,,EIA,UNFCCC,EIA-UNFCCC,false
PHL,2021,17.002808573540282,Estimate,true,,EIA,UNFCCC,EIA-UNFCCC,false
PHL,2022,17.126977087952696,Estimate,true,,EIA,UNFCCC,EIA-UNFCCC,false
PHL,2023,17.096534515890614,Estimate,true,,EIA,UNFCCC,EIA-UNFCCC,false
PHL,2024,17.666778733804477,Estimate,true,,EIA,UNFCCC,EIA-UNFCCC,false
PHL,2025,59.5,Estimate,true,GEM,,,GEM,false
PHL,2025,17.738380297153245,Forecast,true,,IEA,UNFCCC,IEA-UNFCCC,false
PHL,2026,17.738380297153245,Forecast,true,,IEA,UNFCCC,IEA-UNFCCC,false
PHL,2027,17.738380297153245,Forecast,true,,IEA,UNFCCC,IEA-UNFCCC,false
PHL,2028,17.738380297153245,Forecast,true,,IEA,UNFCCC,IEA-UNFCCC,false
PHL,2029,17.738380297153245,Forecast,true,,IEA,UNFCCC,IEA-UNFCCC,false
PHL,2030,17.738380297153245,Forecast,true,,IEA,UNFCCC,IEA-UNFCCC,false
POL,1990,842.1748271835932,Report,false,UNFCCC,,,UNFCCC,true
POL,1991,726.572728248445,Report,false,UNFCCC,,,UNFCCC,true
POL,1992,729.7747110338777,Report,false,UNFCCC,,,UNFCCC,true
POL,1993,687.42938,Report,false,UNFCCC,,,UNFCCC,true
POL,1994,702.058495,Report,false,UNFCCC,,,UNFCCC,true
POL,1995,691.585457,Report,false,UNFCCC,,,UNFCCC,true
POL,1996,688.926495,Report,false,UNFCCC,,,UNFCCC,true
POL,1997,697.735454,Report,false,UNFCCC,,,UNFCCC,true
POL,1998,658.771135,Report,false,UNFCCC,,,UNFCCC,true
POL,1999,645.188359,Report,false,UNFCCC,,,UNFCCC,true
POL,2000,645.1474890000001,Report,false,UNFCCC,,,UNFCCC,true
POL,2001,738.783942,Report,false,UNFCCC,,,UNFCCC,true
POL,2002,696.3876150000001,Report,false,UNFCCC,,,UNFCCC,true
POL,2003,710.218425,Report,false,UNFCCC,,,UNFCCC,true
POL,2004,710.556373,Report,false,UNFCCC,,,UNFCCC,true
POL,2005,717.534356,Report,false,UNFCCC,,,UNFCCC,true
POL,2006,713.217479,Report,false,UNFCCC,,,UNFCCC,true
POL,2007,697.248498,Report,false,UNFCCC,,,UNFCCC,true
POL,2008,698.6544930000001,Report,false,UNFCCC,,,UNFCCC,true
POL,2009,665.781278,Report,false,UNFCCC,,,UNFCCC,true
POL,2010,647.94226,Report,false,UNFCCC,,,UNFCCC,true
POL,2011,643.063521,Report,false,UNFCCC,,,UNFCCC,true
POL,2012,640.80676,Report,false,UNFCCC,,,UNFCCC,true
POL,2013,643.842329,Report,false,UNFCCC,,,UNFCCC,true
POL,2014,648.039477,Report,false,UNFCCC,,,UNFCCC,true
POL,2015,686.117788,Report,false,UNFCCC,,,UNFCCC,true
POL,2016,683.712421,Report,false,UNFCCC,,,UNFCCC,true
POL,2017,675.62580441,Report,false,UNFCCC,,,UNFCCC,true
POL,2018,656.298689275,Report,false,UNFCCC,,,UNFCCC,true
POL,2019,580.108524663,Report,false,UNFCCC,,,UNFCCC,true
POL,2020,575.7921343510001,Report,false,UNFCCC,,,UNFCCC,true
POL,2021,561.879499998,Report,false,UNFCCC,,,UNFCCC,true
POL,2022,541.68241271,Report,false,UNFCCC,,,UNFCCC,true
POL,2023,508.374813461,Report,false,UNFCCC,,,UNFCCC,true
POL,2024,478.90571918500007,Report,false,UNFCCC,,,UNFCCC,true
POL,2025,609.6,Estimate,true,GEM,,,GEM,true
POL,2025,706.02,Estimate,true,IEA,,,IEA,true
POL,2025,464.0615735758642,Forecast,true,,IEA,UNFCCC,IEA-UNFCCC,true
POL,2026,403.54573992038826,Forecast,true,,IEA,UNFCCC,IEA-UNFCCC,true
POL,2027,350.9198527957768,Forecast,true,,IEA,UNFCCC,IEA-UNFCCC,true
POL,2028,314.7149520361863,Forecast,true,,IEA,UNFCCC,IEA-UNFCCC,true
POL,2029,282.2441385869977,Forecast,true,,IEA,UNFCCC,IEA-UNFCCC,true
POL,2030,253.11938229095549,Forecast,true,,IEA,UNFCCC,IEA-UNFCCC,true
PRK,1990,819.0,Report,false,UNFCCC,,,UNFCCC,false
PRK,1991,858.7517647058825,Estimate,true,,EIA,UNFCCC,EIA-UNFCCC,false
PRK,1992,965.2341176470591,Estimate,true,,EIA,UNFCCC,EIA-UNFCCC,false
PRK,1993,885.458823529412,Estimate,true,,EIA,UNFCCC,EIA-UNFCCC,false
PRK,1994,613.0,Report,false,UNFCCC,,,UNFCCC,false
PRK,1995,571.0386904761905,Estimate,true,,EIA,UNFCCC,EIA-UNFCCC,false
PRK,1996,506.45476190476194,Estimate,true,,EIA,UNFCCC,EIA-UNFCCC,false
PRK,1997,496.8036607142857,Estimate,true,,EIA,UNFCCC,EIA-UNFCCC,false
PRK,1998,448.56639880952383,Estimate,true,,EIA,UNFCCC,EIA-UNFCCC,false
PRK,1999,506.45476190476194,Estimate,true,,EIA,UNFCCC,EIA-UNFCCC,false
PRK,2000,311.0,Report,false,UNFCCC,,,UNFCCC,false
PRK,2001,319.29179975120195,Estimate,true,,EIA,UNFCCC,EIA-UNFCCC,false
PRK,2002,322.0,Report,false,UNFCCC,,,UNFCCC,false
PRK,2003,331.5096229178731,Estimate,true,,EIA,UNFCCC,EIA-UNFCCC,false
PRK,2004,347.81966822222984,Estimate,true,,EIA,UNFCCC,EIA-UNFCCC,false
PRK,2005,379.61712709064284,Estimate,true,,EIA,UNFCCC,EIA-UNFCCC,false
PRK,2006,385.0574649998297,Estimate,true,,EIA,UNFCCC,EIA-UNFCCC,false
PRK,2007,332.76002316312974,Estimate,true,,EIA,UNFCCC,EIA-UNFCCC,false
PRK,2008,354.6420274551215,Estimate,true,,EIA,UNFCCC,EIA-UNFCCC,false
PRK,2009,279.6947917021494,Estimate,true,,EIA,UNFCCC,EIA-UNFCCC,false
PRK,2010,279.6947917021494,Estimate,true,,EIA,UNFCCC,EIA-UNFCCC,false
PRK,2011,279.6947917021494,Estimate,true,,EIA,UNFCCC,EIA-UNFCCC,false
PRK,2012,282.98531866335117,Estimate,true,,EIA,UNFCCC,EIA-UNFCCC,false
PRK,2013,333.7142759818783,Estimate,true,,EIA,UNFCCC,EIA-UNFCCC,false
PRK,2014,339.7030350512655,Estimate,true,,EIA,UNFCCC,EIA-UNFCCC,false
PRK,2015,331.7948019211773,Estimate,true,,EIA,UNFCCC,EIA-UNFCCC,false
PRK,2016,362.5612290084137,Estimate,true,,EIA,UNFCCC,EIA-UNFCCC,false
PRK,2017,319.63527376775556,Estimate,true,,EIA,UNFCCC,EIA-UNFCCC,false
PRK,2018,266.7338666757503,Estimate,true,,EIA,UNFCCC,EIA-UNFCCC,false
PRK,2019,298.1762886534728,Estimate,true,,EIA,UNFCCC,EIA-UNFCCC,false
PRK,2020,280.359686548353,Estimate,true,,EIA,UNFCCC,EIA-UNFCCC,false
PRK,2021,230.19006397111426,Estimate,true,,EIA,UNFCCC,EIA-UNFCCC,false
PRK,2022,237.47733078993087,Estimate,true,,EIA,UNFCCC,EIA-UNFCCC,false
PRK,2023,240.51910488128897,Estimate,true,,EIA,UNFCCC,EIA-UNFCCC,false
PRK,2024,252.32401687316585,Estimate,true,,EIA,UNFCCC,EIA-UNFCCC,false
PRK,2025,358.1,Estimate,true,GEM,,,GEM,false
PRT,1990,5.59268497,Report,false,UNFCCC,,,UNFCCC,true
PRT,1991,5.21298726,Report,false,UNFCCC,,,UNFCCC,true
PRT,1992,4.73280228,Report,false,UNFCCC,,,UNFCCC,true
PRT,1993,4.64429729,Report,false,UNFCCC,,,UNFCCC,true
PRT,1994,3.63383612,Report,false,UNFCCC,,,UNFCCC,true
PRT,1995,1.07745045,Report,false,UNFCCC,,,UNFCCC,true
PRT,1996,1.0307682,Report,false,UNFCCC,,,UNFCCC,true
PRT,1997,0.9907759,Report,false,UNFCCC,,,UNFCCC,true
PRT,1998,0.95647525,Report,false,UNFCCC,,,UNFCCC,true
PRT,1999,0.9257926,Report,false,UNFCCC,,,UNFCCC,true
PRT,2000,0.8997095,Report,false,UNFCCC,,,UNFCCC,true
PRT,2001,0.87481565,Report,false,UNFCCC,,,UNFCCC,true
PRT,2002,0.852173,Report,false,UNFCCC,,,UNFCCC,true
PRT,2003,0.8318787,Report,false,UNFCCC,,,UNFCCC,true
PRT,2004,0.8137552,Report,false,UNFCCC,,,UNFCCC,true
PRT,2005,0.79545415,Report,false,UNFCCC,,,UNFCCC,true
PRT,2006,0.78030545,Report,false,UNFCCC,,,UNFCCC,true
PRT,2007,0.76435275,Report,false,UNFCCC,,,UNFCCC,true
PRT,2008,0.75065125,Report,false,UNFCCC,,,UNFCCC,true
PRT,2009,0.73767335,Report,false,UNFCCC,,,UNFCCC,true
PRT,2010,0.7245179,Report,false,UNFCCC,,,UNFCCC,true
PRT,2011,0.7129872,Report,false,UNFCCC,,,UNFCCC,true
PRT,2012,0.7014565,Report,false,UNFCCC,,,UNFCCC,true
PRT,2013,0.6907298,Report,false,UNFCCC,,,UNFCCC,true
PRT,2014,0.68082385,Report,false,UNFCCC,,,UNFCCC,true
PRT,2015,0.67154435,Report,false,UNFCCC,,,UNFCCC,true
PRT,2016,0.66226485,Report,false,UNFCCC,,,UNFCCC,true
PRT,2017,0.63698575,Report,false,UNFCCC,,,UNFCCC,true
PRT,2018,0.62915345,Report,false,UNFCCC,,,UNFCCC,true
PRT,2019,0.62132115,Report,false,UNFCCC,,,UNFCCC,true
PRT,2020,0.61439,Report,false,UNFCCC,,,UNFCCC,true
PRT,2021,0.6072813,Report,false,UNFCCC,,,UNFCCC,true
PRT,2022,0.6017002,Report,false,UNFCCC,,,UNFCCC,true
PRT,2023,0.59476905,Report,false,UNFCCC,,,UNFCCC,true
PRT,2024,0.58838395,Report,false,UNFCCC,,,UNFCCC,true
ROU,1990,233.00526604923132,Report,false,UNFCCC,,,UNFCCC,true
ROU,1991,218.6805702522101,Report,false,UNFCCC,,,UNFCCC,true
ROU,1992,263.2414413256165,Report,false,UNFCCC,,,UNFCCC,true
ROU,1993,231.12096814779167,Report,false,UNFCCC,,,UNFCCC,true
ROU,1994,248.4684628535057,Report,false,UNFCCC,,,UNFCCC,true
ROU,1995,277.74052598305286,Report,false,UNFCCC,,,UNFCCC,true
ROU,1996,278.2238735963846,Report,false,UNFCCC,,,UNFCCC,true
ROU,1997,534.3014350304086,Report,false,UNFCCC,,,UNFCCC,true
ROU,1998,505.4389969262142,Report,false,UNFCCC,,,UNFCCC,true
ROU,1999,496.05687784260186,Report,false,UNFCCC,,,UNFCCC,true
ROU,2000,447.2384910569352,Report,false,UNFCCC,,,UNFCCC,true
ROU,2001,417.2614613619941,Report,false,UNFCCC,,,UNFCCC,true
ROU,2002,453.7914441769342,Report,false,UNFCCC,,,UNFCCC,true
ROU,2003,475.93383625368836,Report,false,UNFCCC,,,UNFCCC,true
ROU,2004,450.8841450382079,Report,false,UNFCCC,,,UNFCCC,true
ROU,2005,455.8494424936003,Report,false,UNFCCC,,,UNFCCC,true
ROU,2006,418.62674213385543,Report,false,UNFCCC,,,UNFCCC,true
ROU,2007,383.3477419520971,Report,false,UNFCCC,,,UNFCCC,true
ROU,2008,368.9256318710227,Report,false,UNFCCC,,,UNFCCC,true
ROU,2009,341.8938975008651,Report,false,UNFCCC,,,UNFCCC,true
ROU,2010,318.28437802131737,Report,false,UNFCCC,,,UNFCCC,true
ROU,2011,310.7959738977846,Report,false,UNFCCC,,,UNFCCC,true
ROU,2012,296.91796404075666,Report,false,UNFCCC,,,UNFCCC,true
ROU,2013,277.9685707325709,Report,false,UNFCCC,,,UNFCCC,true
ROU,2014,264.7214750998922,Report,false,UNFCCC,,,UNFCCC,true
ROU,2015,259.3391904007694,Report,false,UNFCCC,,,UNFCCC,true
ROU,2016,245.1724953128034,Report,false,UNFCCC,,,UNFCCC,true
ROU,2017,238.2655826066243,Report,false,UNFCCC,,,UNFCCC,true
ROU,2018,228.32142270634665,Report,false,UNFCCC,,,UNFCCC,true
ROU,2019,235.20057737317853,Report,false,UNFCCC,,,UNFCCC,true
ROU,2020,218.47741324711757,Report,false,UNFCCC,,,UNFCCC,true
ROU,2021,212.69240341723278,Report,false,UNFCCC,,,UNFCCC,true
ROU,2022,208.31362417408002,Report,false,UNFCCC,,,UNFCCC,true
ROU,2023,200.69672424025566,Report,false,UNFCCC,,,UNFCCC,true
ROU,2024,50.261518889456205,Report,false,UNFCCC,,,UNFCCC,true
ROU,2025,14.7,Estimate,true,GEM,,,GEM,true
RUS,1990,3505.164650148555,Report,false,UNFCCC,,,UNFCCC,true
RUS,1991,2941.8521677519607,Report,false,UNFCCC,,,UNFCCC,true
RUS,1992,2938.100439405139,Report,false,UNFCCC,,,UNFCCC,true
RUS,1993,2679.202827760578,Report,false,UNFCCC,,,UNFCCC,true
RUS,1994,2425.4280831843953,Report,false,UNFCCC,,,UNFCCC,true
RUS,1995,2343.230805931936,Report,false,UNFCCC,,,UNFCCC,true
RUS,1996,2207.332594316268,Report,false,UNFCCC,,,UNFCCC,true
RUS,1997,2060.6946969880664,Report,false,UNFCCC,,,UNFCCC,true
RUS,1998,1861.7682249941038,Report,false,UNFCCC,,,UNFCCC,true
RUS,1999,1981.61155246421,Report,false,UNFCCC,,,UNFCCC,true
RUS,2000,2019.8701682781193,Report,false,UNFCCC,,,UNFCCC,true
RUS,2001,2109.76401811079,Report,false,UNFCCC,,,UNFCCC,true
RUS,2002,1920.7258132633176,Report,false,UNFCCC,,,UNFCCC,true
RUS,2003,2035.1453368961652,Report,false,UNFCCC,,,UNFCCC,true
RUS,2004,2110.9077727209788,Report,false,UNFCCC,,,UNFCCC,true
RUS,2005,2187.165385392825,Report,false,UNFCCC,,,UNFCCC,true
RUS,2006,2303.5975503641184,Report,false,UNFCCC,,,UNFCCC,true
RUS,2007,2309.5629107292325,Report,false,UNFCCC,,,UNFCCC,true
RUS,2008,2354.1945211686984,Report,false,UNFCCC,,,UNFCCC,true
RUS,2009,2183.983991694159,Report,false,UNFCCC,,,UNFCCC,true
RUS,2010,2233.9783227949465,Report,false,UNFCCC,,,UNFCCC,true
RUS,2011,2272.7007505907336,Report,false,UNFCCC,,,UNFCCC,true
RUS,2012,2397.5466790833125,Report,false,UNFCCC,,,UNFCCC,true
RUS,2013,2345.5374124050563,Report,false,UNFCCC,,,UNFCCC,true
RUS,2014,2406.055043551889,Report,false,UNFCCC,,,UNFCCC,true
RUS,2015,2452.930368037789,Report,false,UNFCCC,,,UNFCCC,true
RUS,2016,2418.401207430377,Report,false,UNFCCC,,,UNFCCC,true
RUS,2017,2602.614255225235,Report,false,UNFCCC,,,UNFCCC,true
RUS,2018,2739.72859784365,Report,false,UNFCCC,,,UNFCCC,true
RUS,2019,2729.9117920773388,Report,false,UNFCCC,,,UNFCCC,true
RUS,2020,2558.9269282898676,Report,false,UNFCCC,,,UNFCCC,true
RUS,2021,2802.7389555539644,Report,false,UNFCCC,,,UNFCCC,true
RUS,2022,2736.5060039710734,Report,false,UNFCCC,,,UNFCCC,true
RUS,2023,1534.5410659999998,Report,false,UNFCCC,,,UNFCCC,true
RUS,2024,1496.9688797,Report,false,UNFCCC,,,UNFCCC,true
RUS,2025,2477.7,Estimate,true,GEM,,,GEM,true
RUS,2025,3465.66,Estimate,true,IEA,,,IEA,true
RUS,2025,1339.139437570466,Forecast,true,,IEA,UNFCCC,IEA-UNFCCC,true
RUS,2026,1304.560719698928,Forecast,true,,IEA,UNFCCC,IEA-UNFCCC,true
RUS,2027,1335.9959177639626,Forecast,true,,IEA,UNFCCC,IEA-UNFCCC,true
RUS,2028,1332.8429673980397,Forecast,true,,IEA,UNFCCC,IEA-UNFCCC,true
RUS,2029,1329.6994475915362,Forecast,true,,IEA,UNFCCC,IEA-UNFCCC,true
RUS,2030,1326.5653583444523,Forecast,true,,IEA,UNFCCC,IEA-UNFCCC,true
SRB,1990,61.2,Report,false,UNFCCC,,,UNFCCC,false
SRB,1998,56.1,Report,false,UNFCCC,,,UNFCCC,false
SRB,2000,40.89,Report,false,UNFCCC,,,UNFCCC,false
SRB,2005,38.21,Report,false,UNFCCC,,,UNFCCC,false
SRB,2006,38.91458816094376,Estimate,true,,EIA,UNFCCC,EIA-UNFCCC,false
SRB,2007,39.303945649884135,Estimate,true,,EIA,UNFCCC,EIA-UNFCCC,false
SRB,2008,40.95554086791658,Estimate,true,,EIA,UNFCCC,EIA-UNFCCC,false
SRB,2009,40.73335317042343,Estimate,true,,EIA,UNFCCC,EIA-UNFCCC,false
SRB,2010,40.18,Report,false,UNFCCC,,,UNFCCC,false
SRB,2011,43.49059669264799,Estimate,true,,EIA,UNFCCC,EIA-UNFCCC,false
SRB,2012,40.45297345692016,Estimate,true,,EIA,UNFCCC,EIA-UNFCCC,false
SRB,2013,42.635703075626715,Estimate,true,,EIA,UNFCCC,EIA-UNFCCC,false
SRB,2014,31.752738045081106,Estimate,true,,EIA,UNFCCC,EIA-UNFCCC,false
SRB,2015,40.14,Report,false,UNFCCC,,,UNFCCC,false
SRB,2016,40.39,Report,false,UNFCCC,,,UNFCCC,false
SRB,2017,41.07,Report,false,UNFCCC,,,UNFCCC,false
SRB,2018,38.36,Report,false,UNFCCC,,,UNFCCC,false
SRB,2019,40.36,Report,false,UNFCCC,,,UNFCCC,false
SRB,2020,39.43,Report,false,UNFCCC,,,UNFCCC,false
SRB,2021,36.14,Report,false,UNFCCC,,,UNFCCC,false
SRB,2022,35.14,Report,false,UNFCCC,,,UNFCCC,false
SRB,2023,32.3707873216961,Report,false,UNFCCC,,,UNFCCC,false
SRB,2024,30.45142861997123,Estimate,true,,EIA,UNFCCC,EIA-UNFCCC,false
SRB,2025,31.6,Estimate,true,GEM,,,GEM,false
SVK,1990,27.197634633364,Report,false,UNFCCC,,,UNFCCC,true
SVK,1991,28.8266596244249,Report,false,UNFCCC,,,UNFCCC,true
SVK,1992,29.9323505,Report,false,UNFCCC,,,UNFCCC,true
SVK,1993,28.6121289,Report,false,UNFCCC,,,UNFCCC,true
SVK,1994,29.9118954,Report,false,UNFCCC,,,UNFCCC,true
SVK,1995,29.7041083,Report,false,UNFCCC,,,UNFCCC,true
SVK,1996,30.0757573,Report,false,UNFCCC,,,UNFCCC,true
SVK,1997,30.6129566,Report,false,UNFCCC,,,UNFCCC,true
SVK,1998,31.167663,Report,false,UNFCCC,,,UNFCCC,true
SVK,1999,29.4959795,Report,false,UNFCCC,,,UNFCCC,true
SVK,2000,28.8208339,Report,false,UNFCCC,,,UNFCCC,true
SVK,2001,26.330062,Report,false,UNFCCC,,,UNFCCC,true
SVK,2002,25.693763,Report,false,UNFCCC,,,UNFCCC,true
SVK,2003,21.11403361,Report,false,UNFCCC,,,UNFCCC,true
SVK,2004,19.772591316075,Report,false,UNFCCC,,,UNFCCC,true
SVK,2005,16.1726,Report,false,UNFCCC,,,UNFCCC,true
SVK,2006,14.670857943,Report,false,UNFCCC,,,UNFCCC,true
SVK,2007,13.518059667616,Report,false,UNFCCC,,,UNFCCC,true
SVK,2008,16.164643999,Report,false,UNFCCC,,,UNFCCC,true
SVK,2009,16.923957235,Report,false,UNFCCC,,,UNFCCC,true
SVK,2010,15.2952140236,Report,false,UNFCCC,,,UNFCCC,true
SVK,2011,16.2268277476,Report,false,UNFCCC,,,UNFCCC,true
SVK,2012,15.963869170104,Report,false,UNFCCC,,,UNFCCC,true
SVK,2013,16.190858296984,Report,false,UNFCCC,,,UNFCCC,true
SVK,2014,15.222094299,Report,false,UNFCCC,,,UNFCCC,true
SVK,2015,12.757716225,Report,false,UNFCCC,,,UNFCCC,true
SVK,2016,12.39581939,Report,false,UNFCCC,,,UNFCCC,true
SVK,2017,10.889902,Report,false,UNFCCC,,,UNFCCC,true
SVK,2018,9.085329,Report,false,UNFCCC,,,UNFCCC,true
SVK,2019,9.701740228,Report,false,UNFCCC,,,UNFCCC,true
SVK,2020,7.0284439781971,Report,false,UNFCCC,,,UNFCCC,true
SVK,2021,5.2632971133329995,Report,false,UNFCCC,,,UNFCCC,true
SVK,2022,5.63338948,Report,false,UNFCCC,,,UNFCCC,true
SVK,2023,4.5498695,Report,false,UNFCCC,,,UNFCCC,true
SVK,2024,7.161295,Report,false,UNFCCC,,,UNFCCC,true
SVN,1990,14.43390783196588,Report,false,UNFCCC,,,UNFCCC,true
SVN,1991,13.46535965186288,Report,false,UNFCCC,,,UNFCCC,true
SVN,1992,14.5848042478717,Report,false,UNFCCC,,,UNFCCC,true
SVN,1993,13.38832030447698,Report,false,UNFCCC,,,UNFCCC,true
SVN,1994,12.77943408997855,Report,false,UNFCCC,,,UNFCCC,true
SVN,1995,12.96541129022718,Report,false,UNFCCC,,,UNFCCC,true
SVN,1996,12.46720559835155,Report,false,UNFCCC,,,UNFCCC,true
SVN,1997,13.34228172510487,Report,false,UNFCCC,,,UNFCCC,true
SVN,1998,13.48465065727492,Report,false,UNFCCC,,,UNFCCC,true
SVN,1999,12.53963670326763,Report,false,UNFCCC,,,UNFCCC,true
SVN,2000,12.27544998897281,Report,false,UNFCCC,,,UNFCCC,true
SVN,2001,11.31349217455352,Report,false,UNFCCC,,,UNFCCC,true
SVN,2002,12.77061920570784,Report,false,UNFCCC,,,UNFCCC,true
SVN,2003,13.13357628871292,Report,false,UNFCCC,,,UNFCCC,true
SVN,2004,13.06189672643806,Report,false,UNFCCC,,,UNFCCC,true
SVN,2005,12.32556056994839,Report,false,UNFCCC,,,UNFCCC,true
SVN,2006,12.26569725950263,Report,false,UNFCCC,,,UNFCCC,true
SVN,2007,12.25416955725849,Report,false,UNFCCC,,,UNFCCC,true
SVN,2008,12.24303843231582,Report,false,UNFCCC,,,UNFCCC,true
SVN,2009,11.98992407478971,Report,false,UNFCCC,,,UNFCCC,true
SVN,2010,11.98731388577152,Report,false,UNFCCC,,,UNFCCC,true
SVN,2011,12.17166496235927,Report,false,UNFCCC,,,UNFCCC,true
SVN,2012,11.56833567008546,Report,false,UNFCCC,,,UNFCCC,true
SVN,2013,10.67548283034836,Report,false,UNFCCC,,,UNFCCC,true
SVN,2014,8.59759220523853,Report,false,UNFCCC,,,UNFCCC,true
SVN,2015,8.723130700226,Report,false,UNFCCC,,,UNFCCC,true
SVN,2016,9.18267261712622,Report,false,UNFCCC,,,UNFCCC,true
SVN,2017,9.18148329232651,Report,false,UNFCCC,,,UNFCCC,true
SVN,2018,8.793735440521,Report,false,UNFCCC,,,UNFCCC,true
SVN,2019,8.58296725236362,Report,false,UNFCCC,,,UNFCCC,true
SVN,2020,8.65745303168944,Report,false,UNFCCC,,,UNFCCC,true
SVN,2021,7.14074680918152,Report,false,UNFCCC,,,UNFCCC,true
SVN,2022,6.45203240984817,Report,false,UNFCCC,,,UNFCCC,true
SVN,2023,7.01608793013114,Report,false,UNFCCC,,,UNFCCC,true
SVN,2024,6.00991409346314,Report,false,UNFCCC,,,UNFCCC,true
SVN,2025,10.5,Estimate,true,GEM,,,GEM,true
SWZ,1990,3.5862068965517238,Estimate,true,,EIA,UNFCCC,EIA-UNFCCC,false
SWZ,1991,2.7568965517241377,Estimate,true,,EIA,UNFCCC,EIA-UNFCCC,false
SWZ,1992,2.2189655172413794,Estimate,true,,EIA,UNFCCC,EIA-UNFCCC,false
SWZ,1993,1.2551724137930829,Estimate,true,,EIA,UNFCCC,EIA-UNFCCC,false
SWZ,1994,3.9,Report,false,UNFCCC,,,UNFCCC,false
SWZ,1995,3.8551724137931034,Estimate,true,,EIA,UNFCCC,EIA-UNFCCC,false
SWZ,1996,2.8913793103448273,Estimate,true,,EIA,UNFCCC,EIA-UNFCCC,false
SWZ,1997,4.699035282768005,Estimate,true,,EIA,UNFCCC,EIA-UNFCCC,false
SWZ,1998,7.64714918275862,Estimate,true,,EIA,UNFCCC,EIA-UNFCCC,false
SWZ,1999,8.082195281034481,Estimate,true,,EIA,UNFCCC,EIA-UNFCCC,false
SWZ,2000,8.517241379310345,Estimate,true,,EIA,UNFCCC,EIA-UNFCCC,false
SWZ,2001,7.0603448275862055,Estimate,true,,EIA,UNFCCC,EIA-UNFCCC,false
SWZ,2002,9.503448275862068,Estimate,true,,EIA,UNFCCC,EIA-UNFCCC,false
SWZ,2003,10.056262068965516,Estimate,true,,EIA,UNFCCC,EIA-UNFCCC,false
SWZ,2004,10.94496896551724,Estimate,true,,EIA,UNFCCC,EIA-UNFCCC,false
SWZ,2005,10.10862068965517,Estimate,true,,EIA,UNFCCC,EIA-UNFCCC,false
SWZ,2006,9.951724137931034,Estimate,true,,EIA,UNFCCC,EIA-UNFCCC,false
SWZ,2007,10.355172413793102,Estimate,true,,EIA,UNFCCC,EIA-UNFCCC,false
SWZ,2008,10.086206896551724,Estimate,true,,EIA,UNFCCC,EIA-UNFCCC,false
SWZ,2009,6.651713853884897,Estimate,true,,EIA,UNFCCC,EIA-UNFCCC,false
SWZ,2010,3.217220811218072,Estimate,true,,EIA,UNFCCC,EIA-UNFCCC,false
SWZ,2011,3.137931034482759,Estimate,true,,EIA,UNFCCC,EIA-UNFCCC,false
SWZ,2012,3.3579243932569187,Estimate,true,,EIA,UNFCCC,EIA-UNFCCC,false
SWZ,2013,2.846551724137931,Estimate,true,,EIA,UNFCCC,EIA-UNFCCC,false
SWZ,2014,2.9731896551724133,Estimate,true,,EIA,UNFCCC,EIA-UNFCCC,false
SWZ,2015,2.8944270339497087,Estimate,true,,EIA,UNFCCC,EIA-UNFCCC,false
SWZ,2016,3.550344827586207,Estimate,true,,EIA,UNFCCC,EIA-UNFCCC,false
SWZ,2017,3.866492933804527,Estimate,true,,EIA,UNFCCC,EIA-UNFCCC,false
SWZ,2018,1.45,Report,false,UNFCCC,,,UNFCCC,false
SWZ,2019,1.23531007751938,Estimate,true,,EIA,UNFCCC,EIA-UNFCCC,false
SWZ,2020,0.43,Report,false,UNFCCC,,,UNFCCC,false
SWZ,2021,0.31,Report,false,UNFCCC,,,UNFCCC,false
SWZ,2022,0.43,Report,false,UNFCCC,,,UNFCCC,false
SWZ,2023,0.4976697142857143,Estimate,true,,EIA,UNFCCC,EIA-UNFCCC,false
SWZ,2024,0.6959875248464359,Estimate,true,,EIA,UNFCCC,EIA-UNFCCC,false
SWZ,2025,10.1,Estimate,true,GEM,,,GEM,false
THA,1990,11.641829543886692,Estimate,true,,EIA,UNFCCC,EIA-UNFCCC,false
THA,1991,13.707985224526938,Estimate,true,,EIA,UNFCCC,EIA-UNFCCC,false
THA,1992,14.402973579688869,Estimate,true,,EIA,UNFCCC,EIA-UNFCCC,false
THA,1993,14.542773175481068,Estimate,true,,EIA,UNFCCC,EIA-UNFCCC,false
THA,1994,16.0,Report,false,UNFCCC,,,UNFCCC,false
THA,1995,17.24100608284218,Estimate,true,,EIA,UNFCCC,EIA-UNFCCC,false
THA,1996,20.30119467531974,Estimate,true,,EIA,UNFCCC,EIA-UNFCCC,false
THA,1997,21.937393360555767,Estimate,true,,EIA,UNFCCC,EIA-UNFCCC,false
THA,1998,18.71550414660641,Estimate,true,,EIA,UNFCCC,EIA-UNFCCC,false
THA,1999,17.091730708976527,Estimate,true,,EIA,UNFCCC,EIA-UNFCCC,false
THA,2000,16.646628398579395,Estimate,true,,EIA,UNFCCC,EIA-UNFCCC,false
THA,2001,18.351231228389643,Estimate,true,,EIA,UNFCCC,EIA-UNFCCC,false
THA,2002,18.346541260160226,Estimate,true,,EIA,UNFCCC,EIA-UNFCCC,false
THA,2003,17.63653740672363,Estimate,true,,EIA,UNFCCC,EIA-UNFCCC,false
THA,2004,18.775076074574088,Estimate,true,,EIA,UNFCCC,EIA-UNFCCC,false
THA,2005,19.540997426444395,Estimate,true,,EIA,UNFCCC,EIA-UNFCCC,false
THA,2006,17.849197969360468,Estimate,true,,EIA,UNFCCC,EIA-UNFCCC,false
THA,2007,17.07101591046849,Estimate,true,,EIA,UNFCCC,EIA-UNFCCC,false
THA,2008,16.93643500290666,Estimate,true,,EIA,UNFCCC,EIA-UNFCCC,false
THA,2009,16.44104869679446,Estimate,true,,EIA,UNFCCC,EIA-UNFCCC,false
THA,2010,17.08869279186003,Estimate,true,,EIA,UNFCCC,EIA-UNFCCC,false
THA,2011,19.96117455255847,Estimate,true,,EIA,UNFCCC,EIA-UNFCCC,false
THA,2012,16.90933325929943,Estimate,true,,EIA,UNFCCC,EIA-UNFCCC,false
THA,2013,31.8,Report,false,UNFCCC,,,UNFCCC,false
THA,2014,31.573420937593852,Estimate,true,,EIA,UNFCCC,EIA-UNFCCC,false
THA,2015,26.60227281423759,Estimate,true,,EIA,UNFCCC,EIA-UNFCCC,false
THA,2016,29.812079800282298,Estimate,true,,EIA,UNFCCC,EIA-UNFCCC,false
THA,2017,28.54792239054714,Estimate,true,,EIA,UNFCCC,EIA-UNFCCC,false
THA,2018,26.07806197894589,Estimate,true,,EIA,UNFCCC,EIA-UNFCCC,false
THA,2019,20.74,Report,false,UNFCCC,,,UNFCCC,false
THA,2020,19.53,Report,false,UNFCCC,,,UNFCCC,false
THA,2021,20.96,Report,false,UNFCCC,,,UNFCCC,false
THA,2022,20.11,Report,false,UNFCCC,,,UNFCCC,false
THA,2023,18.886477056150124,Estimate,true,,EIA,UNFCCC,EIA-UNFCCC,false
THA,2024,18.886499516930662,Estimate,true,,EIA,UNFCCC,EIA-UNFCCC,false
THA,2025,61.5,Estimate,true,GEM,,,GEM,false
THA,2025,20.34293578938869,Forecast,true,,IEA,UNFCCC,IEA-UNFCCC,false
THA,2026,20.34293578938869,Forecast,true,,IEA,UNFCCC,IEA-UNFCCC,false
THA,2027,20.34293578938869,Forecast,true,,IEA,UNFCCC,IEA-UNFCCC,false
THA,2028,20.34293578938869,Forecast,true,,IEA,UNFCCC,IEA-UNFCCC,false
THA,2029,20.34293578938869,Forecast,true,,IEA,UNFCCC,IEA-UNFCCC,false
THA,2030,20.34293578938869,Forecast,true,,IEA,UNFCCC,IEA-UNFCCC,false
TJK,1990,5.0,Report,false,UNFCCC,,,UNFCCC,false
TJK,1991,3.0,Report,false,UNFCCC,,,UNFCCC,false
TJK,1992,2.1,Report,false,UNFCCC,,,UNFCCC,false
TJK,1993,2.0,Report,false,UNFCCC,,,UNFCCC,false
TJK,1994,1.0,Report,false,UNFCCC,,,UNFCCC,false
TJK,1995,0.37614678899082576,Estimate,true,,EIA,UNFCCC,EIA-UNFCCC,false
TJK,1996,0.18348623853211007,Estimate,true,,EIA,UNFCCC,EIA-UNFCCC,false
TJK,1997,0.15596330275229356,Estimate,true,,EIA,UNFCCC,EIA-UNFCCC,false
TJK,1998,0.17431192660550457,Estimate,true,,EIA,UNFCCC,EIA-UNFCCC,false
TJK,1999,0.17431192660550457,Estimate,true,,EIA,UNFCCC,EIA-UNFCCC,false
TJK,2000,0.2018348623853211,Estimate,true,,EIA,UNFCCC,EIA-UNFCCC,false
TJK,2001,0.22018348623853212,Estimate,true,,EIA,UNFCCC,EIA-UNFCCC,false
TJK,2002,0.33027522935779813,Estimate,true,,EIA,UNFCCC,EIA-UNFCCC,false
TJK,2003,1.0,Report,false,UNFCCC,,,UNFCCC,false
TJK,2004,1.9787234042553192,Estimate,true,,EIA,UNFCCC,EIA-UNFCCC,false
TJK,2005,1.0,Report,false,UNFCCC,,,UNFCCC,false
TJK,2006,1.0,Report,false,UNFCCC,,,UNFCCC,false
TJK,2007,1.0,Report,false,UNFCCC,,,UNFCCC,false
TJK,2008,1.0,Report,false,UNFCCC,,,UNFCCC,false
TJK,2009,1.0,Report,false,UNFCCC,,,UNFCCC,false
TJK,2010,1.0,Report,false,UNFCCC,,,UNFCCC,false
TJK,2011,1.18,Estimate,true,,EIA,UNFCCC,EIA-UNFCCC,false
TJK,2012,2.0599999999999996,Estimate,true,,EIA,UNFCCC,EIA-UNFCCC,false
TJK,2013,2.5799999999999996,Estimate,true,,EIA,UNFCCC,EIA-UNFCCC,false
TJK,2014,4.39,Estimate,true,,EIA,UNFCCC,EIA-UNFCCC,false
TJK,2015,5.21,Estimate,true,,EIA,UNFCCC,EIA-UNFCCC,false
TJK,2016,1.186,Report,false,UNFCCC,,,UNFCCC,false
TJK,2017,0.8,Report,false,UNFCCC,,,UNFCCC,false
TJK,2018,1.17,Report,false,UNFCCC,,,UNFCCC,false
TJK,2019,1.45,Report,false,UNFCCC,,,UNFCCC,false
TJK,2020,2.01,Report,false,UNFCCC,,,UNFCCC,false
TJK,2021,2.62,Report,false,UNFCCC,,,UNFCCC,false
TJK,2022,6.4,Report,false,UNFCCC,,,UNFCCC,false
TJK,2023,7.0432367816091945,Estimate,true,,EIA,UNFCCC,EIA-UNFCCC,false
TJK,2024,7.088001073087634,Estimate,true,,EIA,UNFCCC,EIA-UNFCCC,false
TJK,2025,9.1,Estimate,true,GEM,,,GEM,false
TUR,1990,143.927122,Report,false,UNFCCC,,,UNFCCC,true
TUR,1991,128.7679464259215,Report,false,UNFCCC,,,UNFCCC,true
TUR,1992,127.085680062484,Report,false,UNFCCC,,,UNFCCC,true
TUR,1993,124.55666352288566,Report,false,UNFCCC,,,UNFCCC,true
TUR,1994,119.9322679879432,Report,false,UNFCCC,,,UNFCCC,true
TUR,1995,119.39608519664785,Report,false,UNFCCC,,,UNFCCC,true
TUR,1996,118.69263344631315,Report,false,UNFCCC,,,UNFCCC,true
TUR,1997,127.48660914370298,Report,false,UNFCCC,,,UNFCCC,true
TUR,1998,142.58799779795086,Report,false,UNFCCC,,,UNFCCC,true
TUR,1999,179.25152621438843,Report,false,UNFCCC,,,UNFCCC,true
TUR,2000,193.45290586973886,Report,false,UNFCCC,,,UNFCCC,true
TUR,2001,175.4839089585588,Report,false,UNFCCC,,,UNFCCC,true
TUR,2002,162.3797181604625,Report,false,UNFCCC,,,UNFCCC,true
TUR,2003,146.57184605105138,Report,false,UNFCCC,,,UNFCCC,true
TUR,2004,142.72930912907495,Report,false,UNFCCC,,,UNFCCC,true
TUR,2005,157.62670688624877,Report,false,UNFCCC,,,UNFCCC,true
TUR,2006,164.77946028681166,Report,false,UNFCCC,,,UNFCCC,true
TUR,2007,229.016674282557,Report,false,UNFCCC,,,UNFCCC,true
TUR,2008,244.7340214421118,Report,false,UNFCCC,,,UNFCCC,true
TUR,2009,242.4410482725928,Report,false,UNFCCC,,,UNFCCC,true
TUR,2010,246.02529630792512,Report,false,UNFCCC,,,UNFCCC,true
TUR,2011,266.46595080938135,Report,false,UNFCCC,,,UNFCCC,true
TUR,2012,274.03547107094124,Report,false,UNFCCC,,,UNFCCC,true
TUR,2013,252.97812596703946,Report,false,UNFCCC,,,UNFCCC,true
TUR,2014,292.73593127028397,Report,false,UNFCCC,,,UNFCCC,true
TUR,2015,109.30934648132688,Report,false,UNFCCC,,,UNFCCC,true
TUR,2016,235.82991933829987,Report,false,UNFCCC,,,UNFCCC,true
TUR,2017,147.2565168589374,Report,false,UNFCCC,,,UNFCCC,true
TUR,2018,195.39799484360069,Report,false,UNFCCC,,,UNFCCC,true
TUR,2019,270.80400116693335,Report,false,UNFCCC,,,UNFCCC,true
TUR,2020,222.32531430661757,Report,false,UNFCCC,,,UNFCCC,true
TUR,2021,284.6058743473361,Report,false,UNFCCC,,,UNFCCC,true
TUR,2022,297.57371435443025,Report,false,UNFCCC,,,UNFCCC,true
TUR,2023,140.97782362001203,Report,false,UNFCCC,,,UNFCCC,true
TUR,2024,260.05844086870513,Report,false,UNFCCC,,,UNFCCC,true
TUR,2025,96.8,Estimate,true,GEM,,,GEM,true
TZA,1990,0.8,Report,false,UNFCCC,,,UNFCCC,false
TZA,1991,1.28,Estimate,true,,EIA,UNFCCC,EIA-UNFCCC,false
TZA,1992,2.56,Estimate,true,,EIA,UNFCCC,EIA-UNFCCC,false
TZA,1993,5.12,Estimate,true,,EIA,UNFCCC,EIA-UNFCCC,false
TZA,1994,0.6,Report,false,UNFCCC,,,UNFCCC,false
TZA,1995,0.60434,Report,false,UNFCCC,,,UNFCCC,false
TZA,1996,0.782895,Report,false,UNFCCC,,,UNFCCC,false
TZA,1997,0.38458,Report,false,UNFCCC,,,UNFCCC,false
TZA,1998,0.618075,Report,false,UNFCCC,,,UNFCCC,false
TZA,1999,1.030125,Report,false,UNFCCC,,,UNFCCC,false
TZA,2000,1.085065,Report,false,UNFCCC,,,UNFCCC,false
TZA,2001,1.07133,Report,false,UNFCCC,,,UNFCCC,false
TZA,2002,1.085065,Report,false,UNFCCC,,,UNFCCC,false
TZA,2003,0.755425,Report,false,UNFCCC,,,UNFCCC,false
TZA,2004,0.260965,Report,false,UNFCCC,,,UNFCCC,false
TZA,2005,0.821435,Report,false,UNFCCC,,,UNFCCC,false
TZA,2006,0.4785369020944959,Estimate,true,,EIA,UNFCCC,EIA-UNFCCC,false
TZA,2007,0.7254875509011204,Estimate,true,,EIA,UNFCCC,EIA-UNFCCC,false
TZA,2008,0.4065696466958922,Estimate,true,,EIA,UNFCCC,EIA-UNFCCC,false
TZA,2009,1.4391850621854196,Estimate,true,,EIA,UNFCCC,EIA-UNFCCC,false
TZA,2010,1.7960338178275692,Estimate,true,,EIA,UNFCCC,EIA-UNFCCC,false
TZA,2011,2.1528825734697192,Estimate,true,,EIA,UNFCCC,EIA-UNFCCC,false
TZA,2012,2.09852035460302,Estimate,true,,EIA,UNFCCC,EIA-UNFCCC,false
TZA,2013,2.261233571034259,Estimate,true,,EIA,UNFCCC,EIA-UNFCCC,false
TZA,2014,6.561877252800779,Estimate,true,,EIA,UNFCCC,EIA-UNFCCC,false
TZA,2015,6.8552945283325215,Estimate,true,,EIA,UNFCCC,EIA-UNFCCC,false
TZA,2016,7.362106186069168,Estimate,true,,EIA,UNFCCC,EIA-UNFCCC,false
TZA,2017,14.910932456567624,Estimate,true,,EIA,UNFCCC,EIA-UNFCCC,false
TZA,2018,16.751459003084918,Estimate,true,,EIA,UNFCCC,EIA-UNFCCC,false
TZA,2019,18.995727720733885,Estimate,true,,EIA,UNFCCC,EIA-UNFCCC,false
TZA,2020,18.40417181896412,Estimate,true,,EIA,UNFCCC,EIA-UNFCCC,false
TZA,2021,20.13441534961719,Estimate,true,,EIA,UNFCCC,EIA-UNFCCC,false
TZA,2022,66.97916171456406,Estimate,true,,EIA,UNFCCC,EIA-UNFCCC,false
TZA,2023,62.457068012664394,Estimate,true,,EIA,UNFCCC,EIA-UNFCCC,false
TZA,2024,49.504781418159254,Estimate,true,,EIA,UNFCCC,EIA-UNFCCC,false
TZA,2025,1.8,Estimate,true,GEM,,,GEM,false
TZA,2025,68.81977010503424,Forecast,true,,IEA,UNFCCC,IEA-UNFCCC,false
TZA,2026,68.81977010503424,Forecast,true,,IEA,UNFCCC,IEA-UNFCCC,false
TZA,2027,68.81977010503424,Forecast,true,,IEA,UNFCCC,IEA-UNFCCC,false
TZA,2028,68.81977010503424,Forecast,true,,IEA,UNFCCC,IEA-UNFCCC,false
TZA,2029,68.81977010503424,Forecast,true,,IEA,UNFCCC,IEA-UNFCCC,false
TZA,2030,68.81977010503424,Forecast,true,,IEA,UNFCCC,IEA-UNFCCC,false
UKR,1990,2476.61088,Report,false,UNFCCC,,,UNFCCC,true
UKR,1991,2386.68298,Report,false,UNFCCC,,,UNFCCC,true
UKR,1992,2211.1599800000004,Report,false,UNFCCC,,,UNFCCC,true
UKR,1993,2036.90025,Report,false,UNFCCC,,,UNFCCC,true
UKR,1994,1804.9957600000002,Report,false,UNFCCC,,,UNFCCC,true
UKR,1995,1521.58519,Report,false,UNFCCC,,,UNFCCC,true
UKR,1996,1428.1286900000002,Report,false,UNFCCC,,,UNFCCC,true
UKR,1997,1374.75413,Report,false,UNFCCC,,,UNFCCC,true
UKR,1998,1353.4075899999998,Report,false,UNFCCC,,,UNFCCC,true
UKR,1999,1355.1987800000002,Report,false,UNFCCC,,,UNFCCC,true
UKR,2000,1309.4778600000002,Report,false,UNFCCC,,,UNFCCC,true
UKR,2001,1274.7309014997304,Report,false,UNFCCC,,,UNFCCC,true
UKR,2002,1192.406386571203,Report,false,UNFCCC,,,UNFCCC,true
UKR,2003,1136.8140300000002,Report,false,UNFCCC,,,UNFCCC,true
UKR,2004,1105.22665,Report,false,UNFCCC,,,UNFCCC,true
UKR,2005,1028.818724,Report,false,UNFCCC,,,UNFCCC,true
UKR,2006,1003.9107369788,Report,false,UNFCCC,,,UNFCCC,true
UKR,2007,968.3717707328001,Report,false,UNFCCC,,,UNFCCC,true
UKR,2008,966.6367647946001,Report,false,UNFCCC,,,UNFCCC,true
UKR,2009,940.5894270288,Report,false,UNFCCC,,,UNFCCC,true
UKR,2010,930.0196332515,Report,false,UNFCCC,,,UNFCCC,true
UKR,2011,927.0670988419001,Report,false,UNFCCC,,,UNFCCC,true
UKR,2012,943.2002532347069,Report,false,UNFCCC,,,UNFCCC,true
UKR,2013,922.592188829724,Report,false,UNFCCC,,,UNFCCC,true
UKR,2014,735.0249599433193,Report,false,UNFCCC,,,UNFCCC,true
UKR,2015,566.1483352152443,Report,false,UNFCCC,,,UNFCCC,true
UKR,2016,653.5068798380807,Report,false,UNFCCC,,,UNFCCC,true
UKR,2017,510.9134754920663,Report,false,UNFCCC,,,UNFCCC,true
UKR,2018,515.6875407637758,Report,false,UNFCCC,,,UNFCCC,true
UKR,2019,498.0606991139205,Report,false,UNFCCC,,,UNFCCC,true
UKR,2020,429.0574223765,Report,false,UNFCCC,,,UNFCCC,true
UKR,2021,438.4855013692716,Report,false,UNFCCC,,,UNFCCC,true
UKR,2022,438.4855013692716,Report,false,UNFCCC,,,UNFCCC,true
UKR,2023,438.485501363,Report,false,UNFCCC,,,UNFCCC,true
UKR,2024,438.485501,Report,false,UNFCCC,,,UNFCCC,true
UKR,2025,301.0,Estimate,true,GEM,,,GEM,true
UKR,2025,482.16999999999996,Estimate,true,IEA,,,IEA,true
USA,1990,4147.457490785334,Report,false,UNFCCC,,,UNFCCC,true
USA,1991,4023.741789381572,Report,false,UNFCCC,,,UNFCCC,true
USA,1992,3944.2576286124463,Report,false,UNFCCC,,,UNFCCC,true
USA,1993,3418.4353863534748,Report,false,UNFCCC,,,UNFCCC,true
USA,1994,3491.1182020588394,Report,false,UNFCCC,,,UNFCCC,true
USA,1995,3448.165210730895,Report,false,UNFCCC,,,UNFCCC,true
USA,1996,3441.854040150114,Report,false,UNFCCC,,,UNFCCC,true
USA,1997,3377.0629596884173,Report,false,UNFCCC,,,UNFCCC,true
USA,1998,3358.327807769219,Report,false,UNFCCC,,,UNFCCC,true
USA,1999,3180.473510005001,Report,false,UNFCCC,,,UNFCCC,true
USA,2000,3080.6321980195567,Report,false,UNFCCC,,,UNFCCC,true
USA,2001,3038.5814929795965,Report,false,UNFCCC,,,UNFCCC,true
USA,2002,2845.722260195401,Report,false,UNFCCC,,,UNFCCC,true
USA,2003,2845.2264870200697,Report,false,UNFCCC,,,UNFCCC,true
USA,2004,2887.375685774422,Report,false,UNFCCC,,,UNFCCC,true
USA,2005,2829.533242542666,Report,false,UNFCCC,,,UNFCCC,true
USA,2006,2883.916686879227,Report,false,UNFCCC,,,UNFCCC,true
USA,2007,2845.035230161785,Report,false,UNFCCC,,,UNFCCC,true
USA,2008,3278.804562985511,Report,false,UNFCCC,,,UNFCCC,true
USA,2009,3448.7263175785774,Report,false,UNFCCC,,,UNFCCC,true
USA,2010,3549.319104639147,Report,false,UNFCCC,,,UNFCCC,true
USA,2011,3102.900568935974,Report,false,UNFCCC,,,UNFCCC,true
USA,2012,2854.1350553699795,Report,false,UNFCCC,,,UNFCCC,true
USA,2013,2833.4833001379507,Report,false,UNFCCC,,,UNFCCC,true
USA,2014,2836.1360331122182,Report,false,UNFCCC,,,UNFCCC,true
USA,2015,2704.171905474876,Report,false,UNFCCC,,,UNFCCC,true
USA,2016,2421.587156577201,Report,false,UNFCCC,,,UNFCCC,true
USA,2017,2449.9100112300366,Report,false,UNFCCC,,,UNFCCC,true
USA,2018,2357.7090025714724,Report,false,UNFCCC,,,UNFCCC,true
USA,2019,2129.407539087992,Report,false,UNFCCC,,,UNFCCC,true
USA,2020,1880.1542425913044,Report,false,UNFCCC,,,UNFCCC,true
USA,2021,1818.8805470780585,Report,false,UNFCCC,,,UNFCCC,true
USA,2022,1783.0674870508383,Report,false,UNFCCC,,,UNFCCC,true
USA,2023,1734.4472866659253,Estimate,true,,EIA,UNFCCC,EIA-UNFCCC,true
USA,2024,1538.139969825098,Estimate,true,,EIA,UNFCCC,EIA-UNFCCC,true
USA,2025,2816.4,Estimate,true,GEM,,,GEM,true
USA,2025,1803.15,Estimate,true,IEA,,,IEA,true
USA,2025,1564.707712490983,Forecast,true,,IEA,UNFCCC,IEA-UNFCCC,true
USA,2026,1402.6132560172873,Forecast,true,,IEA,UNFCCC,IEA-UNFCCC,true
USA,2027,1511.7789103771233,Forecast,true,,IEA,UNFCCC,IEA-UNFCCC,true
USA,2028,1426.9571969395308,Forecast,true,,IEA,UNFCCC,IEA-UNFCCC,true
USA,2029,1349.8465483599011,Forecast,true,,IEA,UNFCCC,IEA-UNFCCC,true
USA,2030,1276.90735099687,Forecast,true,,IEA,UNFCCC,IEA-UNFCCC,true
UZB,1990,22.3,Report,false,UNFCCC,,,UNFCCC,false
UZB,1991,20.2,Report,false,UNFCCC,,,UNFCCC,false
UZB,1992,17.5,Report,false,UNFCCC,,,UNFCCC,false
UZB,1993,16.3,Report,false,UNFCCC,,,UNFCCC,false
UZB,1994,13.1,Report,false,UNFCCC,,,UNFCCC,false
UZB,1995,12.2,Report,false,UNFCCC,,,UNFCCC,false
UZB,1996,12.1,Report,false,UNFCCC,,,UNFCCC,false
UZB,1997,10.8,Report,false,UNFCCC,,,UNFCCC,false
UZB,1998,12.4,Report,false,UNFCCC,,,UNFCCC,false
UZB,1999,11.6,Report,false,UNFCCC,,,UNFCCC,false
UZB,2000,10.7,Report,false,UNFCCC,,,UNFCCC,false
UZB,2001,11.2,Report,false,UNFCCC,,,UNFCCC,false
UZB,2002,9.6,Report,false,UNFCCC,,,UNFCCC,false
UZB,2003,7.9,Report,false,UNFCCC,,,UNFCCC,false
UZB,2004,9.9,Report,false,UNFCCC,,,UNFCCC,false
UZB,2005,6.3,Report,false,UNFCCC,,,UNFCCC,false
UZB,2006,9.4,Report,false,UNFCCC,,,UNFCCC,false
UZB,2007,8.6,Report,false,UNFCCC,,,UNFCCC,false
UZB,2008,9.0,Report,false,UNFCCC,,,UNFCCC,false
UZB,2009,9.3,Report,false,UNFCCC,,,UNFCCC,false
UZB,2010,7.0,Report,false,UNFCCC,,,UNFCCC,false
UZB,2011,6.3,Report,false,UNFCCC,,,UNFCCC,false
UZB,2012,5.7,Report,false,UNFCCC,,,UNFCCC,false
UZB,2013,6.050609914352452,Estimate,true,,EIA,UNFCCC,EIA-UNFCCC,false
UZB,2014,6.504775499610693,Estimate,true,,EIA,UNFCCC,EIA-UNFCCC,false
UZB,2015,4.67,Report,false,UNFCCC,,,UNFCCC,false
UZB,2016,5.427,Report,false,UNFCCC,,,UNFCCC,false
UZB,2017,5.106,Report,false,UNFCCC,,,UNFCCC,false
UZB,2018,5.965,Report,false,UNFCCC,,,UNFCCC,false
UZB,2019,6.64,Report,false,UNFCCC,,,UNFCCC,false
UZB,2020,7.0,Report,false,UNFCCC,,,UNFCCC,false
UZB,2021,7.94,Report,false,UNFCCC,,,UNFCCC,false
UZB,2022,8.2967574,Report,false,UNFCCC,,,UNFCCC,false
UZB,2023,9.8813479115609,Estimate,true,,EIA,UNFCCC,EIA-UNFCCC,false
UZB,2024,8.230363078151248,Estimate,true,,EIA,UNFCCC,EIA-UNFCCC,false
UZB,2025,30.700000000000003,Estimate,true,GEM,,,GEM,false
VEN,1990,1.2546210058747673,Estimate,true,,EIA,UNFCCC,EIA-UNFCCC,false
VEN,1991,1.2465969336581173,Estimate,true,,EIA,UNFCCC,EIA-UNFCCC,false
VEN,1992,1.4042126379137412,Estimate,true,,EIA,UNFCCC,EIA-UNFCCC,false
VEN,1993,2.1865596790371113,Estimate,true,,EIA,UNFCCC,EIA-UNFCCC,false
VEN,1994,2.451927210202035,Estimate,true,,EIA,UNFCCC,EIA-UNFCCC,false
VEN,1995,2.3292735348903855,Estimate,true,,EIA,UNFCCC,EIA-UNFCCC,false
VEN,1996,2.085685628313512,Estimate,true,,EIA,UNFCCC,EIA-UNFCCC,false
VEN,1997,2.9494196876343315,Estimate,true,,EIA,UNFCCC,EIA-UNFCCC,false
VEN,1998,4.273391603381573,Estimate,true,,EIA,UNFCCC,EIA-UNFCCC,false
VEN,1999,4.0,Report,false,UNFCCC,,,UNFCCC,false
VEN,2000,4.519272102020347,Estimate,true,,EIA,UNFCCC,EIA-UNFCCC,false
VEN,2001,4.347327697377848,Estimate,true,,EIA,UNFCCC,EIA-UNFCCC,false
VEN,2002,4.223527726035249,Estimate,true,,EIA,UNFCCC,EIA-UNFCCC,false
VEN,2003,4.2355638343602235,Estimate,true,,EIA,UNFCCC,EIA-UNFCCC,false
VEN,2004,4.179681902851412,Estimate,true,,EIA,UNFCCC,EIA-UNFCCC,false
VEN,2005,4.123799971342599,Estimate,true,,EIA,UNFCCC,EIA-UNFCCC,false
VEN,2006,4.0022925920619,Estimate,true,,EIA,UNFCCC,EIA-UNFCCC,false
VEN,2007,3.4944834503510536,Estimate,true,,EIA,UNFCCC,EIA-UNFCCC,false
VEN,2008,2.821034532167932,Estimate,true,,EIA,UNFCCC,EIA-UNFCCC,false
VEN,2009,2.1366958016907867,Estimate,true,,EIA,UNFCCC,EIA-UNFCCC,false
VEN,2010,4.0,Report,false,UNFCCC,,,UNFCCC,false
VEN,2011,3.2951569648209498,Estimate,true,,EIA,UNFCCC,EIA-UNFCCC,false
VEN,2012,2.4117368670137247,Estimate,true,,EIA,UNFCCC,EIA-UNFCCC,false
VEN,2013,1.9632161781774427,Estimate,true,,EIA,UNFCCC,EIA-UNFCCC,false
VEN,2014,1.5144344533838143,Estimate,true,,EIA,UNFCCC,EIA-UNFCCC,false
VEN,2015,1.0474838302571383,Estimate,true,,EIA,UNFCCC,EIA-UNFCCC,false
VEN,2016,0.9452595046537309,Estimate,true,,EIA,UNFCCC,EIA-UNFCCC,false
VEN,2017,0.9087230455382737,Estimate,true,,EIA,UNFCCC,EIA-UNFCCC,false
VEN,2018,0.8733338581621083,Estimate,true,,EIA,UNFCCC,EIA-UNFCCC,false
VEN,2019,0.4971984717223747,Estimate,true,,EIA,UNFCCC,EIA-UNFCCC,false
VEN,2020,0.3593496063396326,Estimate,true,,EIA,UNFCCC,EIA-UNFCCC,false
VEN,2021,0.19904461403787635,Estimate,true,,EIA,UNFCCC,EIA-UNFCCC,false
VEN,2022,0.24861965609717618,Estimate,true,,EIA,UNFCCC,EIA-UNFCCC,false
VEN,2023,0.18751853604669508,Estimate,true,,EIA,UNFCCC,EIA-UNFCCC,false
VEN,2024,0.39720381675096617,Estimate,true,,EIA,UNFCCC,EIA-UNFCCC,false
VEN,2025,28.1,Estimate,true,GEM,,,GEM,false
VEN,2025,0.79,Estimate,true,IEA,,,IEA,false
VNM,1990,29.909793730713012,Estimate,true,,EIA,UNFCCC,EIA-UNFCCC,false
VNM,1991,33.63962968978399,Estimate,true,,EIA,UNFCCC,EIA-UNFCCC,false
VNM,1992,33.82062692869905,Estimate,true,,EIA,UNFCCC,EIA-UNFCCC,false
VNM,1993,36.037843105408484,Estimate,true,,EIA,UNFCCC,EIA-UNFCCC,false
VNM,1994,39.8,Report,false,UNFCCC,,,UNFCCC,false
VNM,1995,53.97596231931136,Estimate,true,,EIA,UNFCCC,EIA-UNFCCC,false
VNM,1996,63.497709923664125,Estimate,true,,EIA,UNFCCC,EIA-UNFCCC,false
VNM,1997,73.61416274159494,Estimate,true,,EIA,UNFCCC,EIA-UNFCCC,false
VNM,1998,75.44999187916193,Estimate,true,,EIA,UNFCCC,EIA-UNFCCC,false
VNM,1999,62.24365762546695,Estimate,true,,EIA,UNFCCC,EIA-UNFCCC,false
VNM,2000,89.3,Report,false,UNFCCC,,,UNFCCC,false
VNM,2001,103.05384615384615,Estimate,true,,EIA,UNFCCC,EIA-UNFCCC,false
VNM,2002,126.22307692307693,Estimate,true,,EIA,UNFCCC,EIA-UNFCCC,false
VNM,2003,148.56923076923078,Estimate,true,,EIA,UNFCCC,EIA-UNFCCC,false
VNM,2004,210.3769230769231,Estimate,true,,EIA,UNFCCC,EIA-UNFCCC,false
VNM,2005,262.2538461538462,Estimate,true,,EIA,UNFCCC,EIA-UNFCCC,false
VNM,2006,298.29230769230765,Estimate,true,,EIA,UNFCCC,EIA-UNFCCC,false
VNM,2007,326.7923076923077,Estimate,true,,EIA,UNFCCC,EIA-UNFCCC,false
VNM,2008,305.9769230769231,Estimate,true,,EIA,UNFCCC,EIA-UNFCCC,false
VNM,2009,339.0615384615385,Estimate,true,,EIA,UNFCCC,EIA-UNFCCC,false
VNM,2010,106.8,Report,false,UNFCCC,,,UNFCCC,false
VNM,2011,111.03055202408832,Estimate,true,,EIA,UNFCCC,EIA-UNFCCC,false
VNM,2012,100.24455001672798,Estimate,true,,EIA,UNFCCC,EIA-UNFCCC,false
VNM,2013,92.8,Report,false,UNFCCC,,,UNFCCC,false
VNM,2014,109.34,Report,false,UNFCCC,,,UNFCCC,false
VNM,2015,110.87820084700385,Estimate,true,,EIA,UNFCCC,EIA-UNFCCC,false
VNM,2016,94.76,Report,false,UNFCCC,,,UNFCCC,false
VNM,2017,94.04672359643887,Estimate,true,,EIA,UNFCCC,EIA-UNFCCC,false
VNM,2018,104.24553576764347,Estimate,true,,EIA,UNFCCC,EIA-UNFCCC,false
VNM,2019,112.37054844654399,Estimate,true,,EIA,UNFCCC,EIA-UNFCCC,false
VNM,2020,107.96210595788126,Estimate,true,,EIA,UNFCCC,EIA-UNFCCC,false
VNM,2021,117.67869549409149,Estimate,true,,EIA,UNFCCC,EIA-UNFCCC,false
VNM,2022,107.27154499317363,Estimate,true,,EIA,UNFCCC,EIA-UNFCCC,false
VNM,2023,116.51995767747295,Estimate,true,,EIA,UNFCCC,EIA-UNFCCC,false
VNM,2024,109.81661825333308,Estimate,true,,EIA,UNFCCC,EIA-UNFCCC,false
VNM,2025,873.9,Estimate,true,GEM,,,GEM,false
VNM,2025,798.38,Estimate,true,IEA,,,IEA,false
VNM,2025,118.50240687242287,Forecast,true,,IEA,UNFCCC,IEA-UNFCCC,false
VNM,2026,118.50240687242287,Forecast,true,,IEA,UNFCCC,IEA-UNFCCC,false
VNM,2027,118.50240687242287,Forecast,true,,IEA,UNFCCC,IEA-UNFCCC,false
VNM,2028,118.50240687242287,Forecast,true,,IEA,UNFCCC,IEA-UNFCCC,false
VNM,2029,118.50240687242287,Forecast,true,,IEA,UNFCCC,IEA-UNFCCC,false
VNM,2030,118.50240687242287,Forecast,true,,IEA,UNFCCC,IEA-UNFCCC,false
XKX,2025,10.3,Estimate,true,GEM,,,GEM,
ZAF,1990,323.2,Report,false,UNFCCC,,,UNFCCC,false
ZAF,1991,327.401599999996,Estimate,true,,EIA,UNFCCC,EIA-UNFCCC,false
ZAF,1992,321.8357728000017,Estimate,true,,EIA,UNFCCC,EIA-UNFCCC,false
ZAF,1993,335.67471103039094,Estimate,true,,EIA,UNFCCC,EIA-UNFCCC,false
ZAF,1994,316.9,Report,false,UNFCCC,,,UNFCCC,false
ZAF,1995,333.06189999999884,Estimate,true,,EIA,UNFCCC,EIA-UNFCCC,false
ZAF,1996,335.06027139999253,Estimate,true,,EIA,UNFCCC,EIA-UNFCCC,false
ZAF,1997,352.4834055127974,Estimate,true,,EIA,UNFCCC,EIA-UNFCCC,false
ZAF,1998,360.59052383958283,Estimate,true,,EIA,UNFCCC,EIA-UNFCCC,false
ZAF,1999,358.42698069655347,Estimate,true,,EIA,UNFCCC,EIA-UNFCCC,false
ZAF,2000,67.7,Report,false,UNFCCC,,,UNFCCC,false
ZAF,2001,69.4,Report,false,UNFCCC,,,UNFCCC,false
ZAF,2002,73.5,Report,false,UNFCCC,,,UNFCCC,false
ZAF,2003,74.2,Report,false,UNFCCC,,,UNFCCC,false
ZAF,2004,74.9,Report,false,UNFCCC,,,UNFCCC,false
ZAF,2005,74.8,Report,false,UNFCCC,,,UNFCCC,false
ZAF,2006,75.7,Report,false,UNFCCC,,,UNFCCC,false
ZAF,2007,77.2,Report,false,UNFCCC,,,UNFCCC,false
ZAF,2008,76.0,Report,false,UNFCCC,,,UNFCCC,false
ZAF,2009,90.1,Report,false,UNFCCC,,,UNFCCC,false
ZAF,2010,83.6,Report,false,UNFCCC,,,UNFCCC,false
ZAF,2011,76.7,Report,false,UNFCCC,,,UNFCCC,false
ZAF,2012,75.6,Report,false,UNFCCC,,,UNFCCC,false
ZAF,2013,76.9,Report,false,UNFCCC,,,UNFCCC,false
ZAF,2014,79.5,Report,false,UNFCCC,,,UNFCCC,false
ZAF,2015,74.0,Report,false,UNFCCC,,,UNFCCC,false
ZAF,2016,72.3,Report,false,UNFCCC,,,UNFCCC,false
ZAF,2017,73.9,Report,false,UNFCCC,,,UNFCCC,false
ZAF,2018,73.41033789121055,Estimate,true,,EIA,UNFCCC,EIA-UNFCCC,false
ZAF,2019,74.10945084588339,Estimate,true,,EIA,UNFCCC,EIA-UNFCCC,false
ZAF,2020,137.8,Report,false,UNFCCC,,,UNFCCC,false
ZAF,2021,60.7,Report,false,UNFCCC,,,UNFCCC,false
ZAF,2022,59.73,Report,false,UNFCCC,,,UNFCCC,false
ZAF,2023,58.18153118155275,Estimate,true,,EIA,UNFCCC,EIA-UNFCCC,false
ZAF,2024,58.049812622158264,Estimate,true,,EIA,UNFCCC,EIA-UNFCCC,false
ZAF,2025,1090.4,Estimate,true,GEM,,,GEM,false
ZAF,2025,1462.9,Estimate,true,IEA,,,IEA,false
ZAF,2025,56.967822964983,Forecast,true,,IEA,UNFCCC,IEA-UNFCCC,false
ZAF,2026,57.089827015023886,Forecast,true,,IEA,UNFCCC,IEA-UNFCCC,false
ZAF,2027,57.212320059253315,Forecast,true,,IEA,UNFCCC,IEA-UNFCCC,false
ZAF,2028,56.71941391720436,Forecast,true,,IEA,UNFCCC,IEA-UNFCCC,false
ZAF,2029,56.23041972866373,Forecast,true,,IEA,UNFCCC,IEA-UNFCCC,false
ZAF,2030,55.74533749363143,Forecast,true,,IEA,UNFCCC,IEA-UNFCCC,false
ZMB,1990,0.08472017578721372,Estimate,true,,EIA,UNFCCC,EIA-UNFCCC,false
ZMB,1991,0.09322553096687955,Estimate,true,,EIA,UNFCCC,EIA-UNFCCC,false
ZMB,1992,0.09610723303133818,Estimate,true,,EIA,UNFCCC,EIA-UNFCCC,false
ZMB,1993,0.11570251002524876,Estimate,true,,EIA,UNFCCC,EIA-UNFCCC,false
ZMB,1994,0.1,Report,false,UNFCCC,,,UNFCCC,false
ZMB,1995,0.05615346056735481,Estimate,true,,EIA,UNFCCC,EIA-UNFCCC,false
ZMB,1996,0.04859256646368632,Estimate,true,,EIA,UNFCCC,EIA-UNFCCC,false
ZMB,1997,0.05085028961829794,Estimate,true,,EIA,UNFCCC,EIA-UNFCCC,false
ZMB,1998,0.06067763255606712,Estimate,true,,EIA,UNFCCC,EIA-UNFCCC,false
ZMB,1999,0.053764852220406945,Estimate,true,,EIA,UNFCCC,EIA-UNFCCC,false
ZMB,2000,0.1,Report,false,UNFCCC,,,UNFCCC,false
ZMB,2001,0.10181193872160592,Estimate,true,,EIA,UNFCCC,EIA-UNFCCC,false
ZMB,2002,0.08656145448142279,Estimate,true,,EIA,UNFCCC,EIA-UNFCCC,false
ZMB,2003,0.08825852525556999,Estimate,true,,EIA,UNFCCC,EIA-UNFCCC,false
ZMB,2004,0.09305084336899458,Estimate,true,,EIA,UNFCCC,EIA-UNFCCC,false
ZMB,2005,0.06603275224511357,Estimate,true,,EIA,UNFCCC,EIA-UNFCCC,false
ZMB,2006,0.028173974291248464,Estimate,true,,EIA,UNFCCC,EIA-UNFCCC,false
ZMB,2007,0.0061630568762106016,Estimate,true,,EIA,UNFCCC,EIA-UNFCCC,false
ZMB,2008,0.0015407642190526504,Estimate,true,,EIA,UNFCCC,EIA-UNFCCC,false
ZMB,2012,0.039619651347068026,Estimate,true,,EIA,UNFCCC,EIA-UNFCCC,false
ZMB,2013,0.06559253389681215,Estimate,true,,EIA,UNFCCC,EIA-UNFCCC,false
ZMB,2014,0.0699947173798204,Estimate,true,,EIA,UNFCCC,EIA-UNFCCC,false
ZMB,2015,0.07219580912132419,Estimate,true,,EIA,UNFCCC,EIA-UNFCCC,false
ZMB,2016,0.08,Report,false,UNFCCC,,,UNFCCC,false
ZMB,2017,0.1943902439024399,Estimate,true,,EIA,UNFCCC,EIA-UNFCCC,false
ZMB,2018,0.28634146341463834,Estimate,true,,EIA,UNFCCC,EIA-UNFCCC,false
ZMB,2019,0.24302317073170288,Estimate,true,,EIA,UNFCCC,EIA-UNFCCC,false
ZMB,2020,0.27225162882859744,Estimate,true,,EIA,UNFCCC,EIA-UNFCCC,false
ZMB,2021,0.26847634146341776,Estimate,true,,EIA,UNFCCC,EIA-UNFCCC,false
ZMB,2022,0.20256633079179684,Estimate,true,,EIA,UNFCCC,EIA-UNFCCC,false
ZMB,2023,0.5099138644536392,Estimate,true,,EIA,UNFCCC,EIA-UNFCCC,false
ZMB,2024,0.49248741495925075,Estimate,true,,EIA,UNFCCC,EIA-UNFCCC,false
ZMB,2025,7.8,Estimate,true,GEM,,,GEM,false
ZMB,2025,0.56341530418833,Forecast,true,,IEA,UNFCCC,IEA-UNFCCC,false
ZMB,2026,0.56341530418833,Forecast,true,,IEA,UNFCCC,IEA-UNFCCC,false
ZMB,2027,0.56341530418833,Forecast,true,,IEA,UNFCCC,IEA-UNFCCC,false
ZMB,2028,0.56341530418833,Forecast,true,,IEA,UNFCCC,IEA-UNFCCC,false
ZMB,2029,0.56341530418833,Forecast,true,,IEA,UNFCCC,IEA-UNFCCC,false
ZMB,2030,0.56341530418833,Forecast,true,,IEA,UNFCCC,IEA-UNFCCC,false
ZWE,1990,13.284476138233682,Estimate,true,,EIA,UNFCCC,EIA-UNFCCC,false
ZWE,1991,13.554799780581458,Estimate,true,,EIA,UNFCCC,EIA-UNFCCC,false
ZWE,1992,13.390674712013166,Estimate,true,,EIA,UNFCCC,EIA-UNFCCC,false
ZWE,1993,12.755896873285794,Estimate,true,,EIA,UNFCCC,EIA-UNFCCC,false
ZWE,1994,13.2,Report,false,UNFCCC,,,UNFCCC,false
ZWE,1995,11.206363137685136,Estimate,true,,EIA,UNFCCC,EIA-UNFCCC,false
ZWE,1996,10.646407021393308,Estimate,true,,EIA,UNFCCC,EIA-UNFCCC,false
ZWE,1997,9.666483817882611,Estimate,true,,EIA,UNFCCC,EIA-UNFCCC,false
ZWE,1998,10.047833241908942,Estimate,true,,EIA,UNFCCC,EIA-UNFCCC,false
ZWE,1999,11.165331870543064,Estimate,true,,EIA,UNFCCC,EIA-UNFCCC,false
ZWE,2000,27.0,Report,false,UNFCCC,,,UNFCCC,false
ZWE,2001,25.435227272727275,Estimate,true,,EIA,UNFCCC,EIA-UNFCCC,false
ZWE,2002,24.312272727272724,Estimate,true,,EIA,UNFCCC,EIA-UNFCCC,false
ZWE,2003,21.784090909090907,Estimate,true,,EIA,UNFCCC,EIA-UNFCCC,false
ZWE,2004,19.887954545454544,Estimate,true,,EIA,UNFCCC,EIA-UNFCCC,false
ZWE,2005,22.22590909090909,Estimate,true,,EIA,UNFCCC,EIA-UNFCCC,false
ZWE,2006,7.2,Report,false,UNFCCC,,,UNFCCC,false
ZWE,2007,6.9385187303402915,Estimate,true,,EIA,UNFCCC,EIA-UNFCCC,false
ZWE,2008,5.22756648555905,Estimate,true,,EIA,UNFCCC,EIA-UNFCCC,false
ZWE,2009,3.432816700028596,Estimate,true,,EIA,UNFCCC,EIA-UNFCCC,false
ZWE,2010,4.91,Report,false,UNFCCC,,,UNFCCC,false
ZWE,2011,0.38,Report,false,UNFCCC,,,UNFCCC,false
ZWE,2012,0.39,Report,false,UNFCCC,,,UNFCCC,false
ZWE,2013,0.39,Report,false,UNFCCC,,,UNFCCC,false
ZWE,2014,0.4,Report,false,UNFCCC,,,UNFCCC,false
ZWE,2015,0.39,Report,false,UNFCCC,,,UNFCCC,false
ZWE,2016,0.39,Report,false,UNFCCC,,,UNFCCC,false
ZWE,2017,0.39,Report,false,UNFCCC,,,UNFCCC,false
ZWE,2018,0.41,Report,false,UNFCCC,,,UNFCCC,false
ZWE,2019,0.41,Report,false,UNFCCC,,,UNFCCC,false
ZWE,2020,0.43,Report,false,UNFCCC,,,UNFCCC,false
ZWE,2021,0.48,Report,false,UNFCCC,,,UNFCCC,false
ZWE,2022,0.44,Report,false,UNFCCC,,,UNFCCC,false
ZWE,2023,0.5033501564715097,Estimate,true,,EIA,UNFCCC,EIA-UNFCCC,false
ZWE,2024,0.720152977526132,Estimate,true,,EIA,UNFCCC,EIA-UNFCCC,false
ZWE,2025,38.699999999999996,Estimate,true,GEM,,,GEM,false
ZWE,2025,0.6502303208221711,Forecast,true,,IEA,UNFCCC,IEA-UNFCCC,false
ZWE,2026,0.7451082859226824,Forecast,true,,IEA,UNFCCC,IEA-UNFCCC,false
ZWE,2027,0.7451082859226824,Forecast,true,,IEA,UNFCCC,IEA-UNFCCC,false
ZWE,2028,0.8217696817238958,Forecast,true,,IEA,UNFCCC,IEA-UNFCCC,false
ZWE,2029,0.9062743226400845,Forecast,true,,IEA,UNFCCC,IEA-UNFCCC,false
ZWE,2030,0.9995077363455203,Forecast,true,,IEA,UNFCCC,IEA-UNFCCC,false
